region_code,region_name,industry,product_type,subscription_count,unique_customer_count,total_amount,avg_subscription_amount,avg_amount_per_customer,subscription_share_pct,customer_share_pct,amount_share_pct
11110515,청운효자동,가구·인테리어,적금,1,1,6290000,6290000.0,6290000.0,25.0,50.0,14.88
11110515,청운효자동,가구·인테리어,펀드,3,2,35990000,11996666.67,17995000.0,75.0,100.0,85.12
11110515,청운효자동,문화·취미·반려,적금,1,1,3960000,3960000.0,3960000.0,33.33,100.0,22.59
11110515,청운효자동,문화·취미·반려,펀드,2,1,13570000,6785000.0,13570000.0,66.67,100.0,77.41
11110515,청운효자동,패션·잡화,적금,1,1,3130000,3130000.0,3130000.0,100.0,100.0,100.0
11110530,사직동,숙박,ISA,1,1,16390000,16390000.0,16390000.0,33.33,100.0,61.62
11110530,사직동,숙박,적금,2,1,10210000,5105000.0,10210000.0,66.67,100.0,38.38
11110530,사직동,여가·오락,ISA,1,1,26080000,26080000.0,26080000.0,100.0,100.0,100.0
11110540,삼청동,미용·뷰티,예금,1,1,25030000,25030000.0,25030000.0,33.33,100.0,57.36
11110540,삼청동,미용·뷰티,적금,1,1,2760000,2760000.0,2760000.0,33.33,100.0,6.32
11110540,삼청동,미용·뷰티,펀드,1,1,15850000,15850000.0,15850000.0,33.33,100.0,36.32
11110550,부암동,식료품·편의소매,ISA,1,1,28350000,28350000.0,28350000.0,33.33,100.0,38.3
11110550,부암동,식료품·편의소매,예금,1,1,28940000,28940000.0,28940000.0,33.33,100.0,39.1
11110550,부암동,식료품·편의소매,펀드,1,1,16730000,16730000.0,16730000.0,33.33,100.0,22.6
11110550,부암동,자동차·운송서비스,예금,1,1,58120000,58120000.0,58120000.0,50.0,100.0,89.2
11110550,부암동,자동차·운송서비스,펀드,1,1,7040000,7040000.0,7040000.0,50.0,100.0,10.8
11110550,부암동,패션·잡화,ISA,1,1,16460000,16460000.0,16460000.0,25.0,100.0,27.8
11110550,부암동,패션·잡화,적금,1,1,4600000,4600000.0,4600000.0,25.0,100.0,7.77
11110550,부암동,패션·잡화,펀드,2,1,38150000,19075000.0,38150000.0,50.0,100.0,64.43
11110560,평창동,생활서비스,예금,1,1,39900000,39900000.0,39900000.0,50.0,100.0,93.18
11110560,평창동,생활서비스,적금,1,1,2920000,2920000.0,2920000.0,50.0,100.0,6.82
11110570,무악동,식료품·편의소매,ISA,1,1,16900000,16900000.0,16900000.0,50.0,100.0,72.01
11110570,무악동,식료품·편의소매,적금,1,1,6570000,6570000.0,6570000.0,50.0,100.0,27.99
11110570,무악동,음식·음료,예금,1,1,23090000,23090000.0,23090000.0,20.0,100.0,43.81
11110570,무악동,음식·음료,적금,3,1,15910000,5303333.33,15910000.0,60.0,100.0,30.18
11110570,무악동,음식·음료,펀드,1,1,13710000,13710000.0,13710000.0,20.0,100.0,26.01
11110600,가회동,미용·뷰티,예금,1,1,55380000,55380000.0,55380000.0,50.0,100.0,84.15
11110600,가회동,미용·뷰티,적금,1,1,10430000,10430000.0,10430000.0,50.0,100.0,15.85
11110615,종로1·2·3·4가동,가구·인테리어,ISA,1,1,34090000,34090000.0,34090000.0,25.0,100.0,57.96
11110615,종로1·2·3·4가동,가구·인테리어,적금,1,1,9490000,9490000.0,9490000.0,25.0,100.0,16.13
11110615,종로1·2·3·4가동,가구·인테리어,펀드,2,1,15240000,7620000.0,15240000.0,50.0,100.0,25.91
11110615,종로1·2·3·4가동,식료품·편의소매,ISA,6,4,91410000,15235000.0,22852500.0,54.55,100.0,61.48
11110615,종로1·2·3·4가동,식료품·편의소매,예금,1,1,23380000,23380000.0,23380000.0,9.09,25.0,15.73
11110615,종로1·2·3·4가동,식료품·편의소매,적금,1,1,1330000,1330000.0,1330000.0,9.09,25.0,0.89
11110615,종로1·2·3·4가동,식료품·편의소매,펀드,3,2,32560000,10853333.33,16280000.0,27.27,50.0,21.9
11110615,종로1·2·3·4가동,여가·오락,ISA,1,1,26850000,26850000.0,26850000.0,25.0,100.0,33.7
11110615,종로1·2·3·4가동,여가·오락,예금,1,1,35830000,35830000.0,35830000.0,25.0,100.0,44.97
11110615,종로1·2·3·4가동,여가·오락,펀드,2,1,17000000,8500000.0,17000000.0,50.0,100.0,21.34
11110630,종로5·6가동,문화·취미·반려,적금,2,1,13400000,6700000.0,13400000.0,100.0,100.0,100.0
11110630,종로5·6가동,여가·오락,ISA,1,1,6180000,6180000.0,6180000.0,20.0,50.0,4.75
11110630,종로5·6가동,여가·오락,예금,2,2,106740000,53370000.0,53370000.0,40.0,100.0,82.01
11110630,종로5·6가동,여가·오락,적금,1,1,5770000,5770000.0,5770000.0,20.0,50.0,4.43
11110630,종로5·6가동,여가·오락,펀드,1,1,11470000,11470000.0,11470000.0,20.0,50.0,8.81
11110630,종로5·6가동,음식·음료,ISA,4,2,70570000,17642500.0,35285000.0,50.0,66.67,45.92
11110630,종로5·6가동,음식·음료,예금,1,1,21620000,21620000.0,21620000.0,12.5,33.33,14.07
11110630,종로5·6가동,음식·음료,펀드,3,2,61480000,20493333.33,30740000.0,37.5,66.67,40.01
11110640,이화동,문화·취미·반려,ISA,1,1,20200000,20200000.0,20200000.0,12.5,50.0,6.76
11110640,이화동,문화·취미·반려,예금,4,2,219730000,54932500.0,109865000.0,50.0,100.0,73.55
11110640,이화동,문화·취미·반려,적금,1,1,4140000,4140000.0,4140000.0,12.5,50.0,1.39
11110640,이화동,문화·취미·반려,펀드,2,1,54680000,27340000.0,54680000.0,25.0,50.0,18.3
11110640,이화동,여가·오락,예금,1,1,24650000,24650000.0,24650000.0,100.0,100.0,100.0
11110650,혜화동,가구·인테리어,ISA,2,1,32380000,16190000.0,32380000.0,40.0,100.0,54.46
11110650,혜화동,가구·인테리어,펀드,3,1,27080000,9026666.67,27080000.0,60.0,100.0,45.54
11110650,혜화동,문화·취미·반려,예금,2,1,55060000,27530000.0,55060000.0,100.0,100.0,100.0
11110650,혜화동,여가·오락,적금,1,1,3980000,3980000.0,3980000.0,100.0,100.0,100.0
11110670,창신1동,가구·인테리어,적금,1,1,2950000,2950000.0,2950000.0,100.0,100.0,100.0
11110670,창신1동,문화·취미·반려,ISA,2,2,58540000,29270000.0,29270000.0,33.33,100.0,40.15
11110670,창신1동,문화·취미·반려,예금,1,1,50350000,50350000.0,50350000.0,16.67,50.0,34.53
11110670,창신1동,문화·취미·반려,펀드,3,2,36930000,12310000.0,18465000.0,50.0,100.0,25.33
11110670,창신1동,미용·뷰티,ISA,1,1,8710000,8710000.0,8710000.0,100.0,100.0,100.0
11110670,창신1동,숙박,ISA,2,1,34450000,17225000.0,34450000.0,66.67,100.0,61.31
11110670,창신1동,숙박,펀드,1,1,21740000,21740000.0,21740000.0,33.33,100.0,38.69
11110670,창신1동,여가·오락,ISA,1,1,9530000,9530000.0,9530000.0,20.0,50.0,9.24
11110670,창신1동,여가·오락,예금,4,2,93560000,23390000.0,46780000.0,80.0,100.0,90.76
11110680,창신2동,가구·인테리어,ISA,2,1,34730000,17365000.0,34730000.0,22.22,33.33,20.92
11110680,창신2동,가구·인테리어,예금,4,2,105410000,26352500.0,52705000.0,44.44,66.67,63.49
11110680,창신2동,가구·인테리어,적금,2,1,7000000,3500000.0,7000000.0,22.22,33.33,4.22
11110680,창신2동,가구·인테리어,펀드,1,1,18880000,18880000.0,18880000.0,11.11,33.33,11.37
11110680,창신2동,미용·뷰티,적금,1,1,2790000,2790000.0,2790000.0,100.0,100.0,100.0
11110680,창신2동,음식·음료,적금,2,1,5960000,2980000.0,5960000.0,100.0,100.0,100.0
11110680,창신2동,패션·잡화,예금,1,1,18080000,18080000.0,18080000.0,100.0,100.0,100.0
11110690,창신3동,미용·뷰티,ISA,1,1,12650000,12650000.0,12650000.0,33.33,100.0,72.37
11110690,창신3동,미용·뷰티,적금,2,1,4830000,2415000.0,4830000.0,66.67,100.0,27.63
11110700,숭인1동,미용·뷰티,ISA,2,2,25770000,12885000.0,12885000.0,13.33,100.0,11.41
11110700,숭인1동,미용·뷰티,예금,6,2,138560000,23093333.33,69280000.0,40.0,100.0,61.32
11110700,숭인1동,미용·뷰티,적금,3,2,14660000,4886666.67,7330000.0,20.0,100.0,6.49
11110700,숭인1동,미용·뷰티,펀드,4,2,46960000,11740000.0,23480000.0,26.67,100.0,20.78
11110700,숭인1동,패션·잡화,예금,1,1,47350000,47350000.0,47350000.0,33.33,100.0,67.69
11110700,숭인1동,패션·잡화,적금,1,1,2840000,2840000.0,2840000.0,33.33,100.0,4.06
11110700,숭인1동,패션·잡화,펀드,1,1,19760000,19760000.0,19760000.0,33.33,100.0,28.25
11110710,숭인2동,가구·인테리어,ISA,1,1,17650000,17650000.0,17650000.0,14.29,50.0,12.14
11110710,숭인2동,가구·인테리어,예금,4,2,108990000,27247500.0,54495000.0,57.14,100.0,74.94
11110710,숭인2동,가구·인테리어,적금,1,1,2480000,2480000.0,2480000.0,14.29,50.0,1.71
11110710,숭인2동,가구·인테리어,펀드,1,1,16310000,16310000.0,16310000.0,14.29,50.0,11.22
11110710,숭인2동,미용·뷰티,예금,1,1,24110000,24110000.0,24110000.0,50.0,100.0,62.32
11110710,숭인2동,미용·뷰티,펀드,1,1,14580000,14580000.0,14580000.0,50.0,100.0,37.68
11110710,숭인2동,숙박,예금,1,1,26020000,26020000.0,26020000.0,33.33,100.0,78.26
11110710,숭인2동,숙박,적금,2,1,7230000,3615000.0,7230000.0,66.67,100.0,21.74
11110710,숭인2동,전자기기·수리,ISA,3,2,40200000,13400000.0,20100000.0,50.0,100.0,33.41
11110710,숭인2동,전자기기·수리,예금,2,1,69090000,34545000.0,69090000.0,33.33,50.0,57.42
11110710,숭인2동,전자기기·수리,펀드,1,1,11040000,11040000.0,11040000.0,16.67,50.0,9.17
11140520,소공동,문화·취미·반려,적금,1,1,1870000,1870000.0,1870000.0,50.0,100.0,26.41
11140520,소공동,문화·취미·반려,펀드,1,1,5210000,5210000.0,5210000.0,50.0,100.0,73.59
11140520,소공동,여가·오락,ISA,2,1,36720000,18360000.0,36720000.0,66.67,100.0,76.56
11140520,소공동,여가·오락,펀드,1,1,11240000,11240000.0,11240000.0,33.33,100.0,23.44
11140520,소공동,음식·음료,ISA,1,1,14410000,14410000.0,14410000.0,25.0,100.0,22.74
11140520,소공동,음식·음료,예금,1,1,30440000,30440000.0,30440000.0,25.0,100.0,48.03
11140520,소공동,음식·음료,적금,1,1,5990000,5990000.0,5990000.0,25.0,100.0,9.45
11140520,소공동,음식·음료,펀드,1,1,12540000,12540000.0,12540000.0,25.0,100.0,19.79
11140540,회현동,미용·뷰티,펀드,4,1,39290000,9822500.0,39290000.0,100.0,100.0,100.0
11140540,회현동,패션·잡화,ISA,1,1,17850000,17850000.0,17850000.0,25.0,50.0,38.54
11140540,회현동,패션·잡화,예금,1,1,22890000,22890000.0,22890000.0,25.0,50.0,49.43
11140540,회현동,패션·잡화,적금,2,2,5570000,2785000.0,2785000.0,50.0,100.0,12.03
11140550,명동,문화·취미·반려,ISA,2,1,35740000,17870000.0,35740000.0,50.0,100.0,63.34
11140550,명동,문화·취미·반려,적금,1,1,6760000,6760000.0,6760000.0,25.0,100.0,11.98
11140550,명동,문화·취미·반려,펀드,1,1,13930000,13930000.0,13930000.0,25.0,100.0,24.69
11140550,명동,생활서비스,예금,2,1,60690000,30345000.0,60690000.0,66.67,100.0,96.41
11140550,명동,생활서비스,적금,1,1,2260000,2260000.0,2260000.0,33.33,100.0,3.59
11140550,명동,식료품·편의소매,적금,1,1,2620000,2620000.0,2620000.0,100.0,100.0,100.0
11140550,명동,여가·오락,예금,1,1,34890000,34890000.0,34890000.0,33.33,100.0,56.33
11140550,명동,여가·오락,적금,1,1,4640000,4640000.0,4640000.0,33.33,100.0,7.49
11140550,명동,여가·오락,펀드,1,1,22410000,22410000.0,22410000.0,33.33,100.0,36.18
11140570,필동,가구·인테리어,ISA,1,1,16730000,16730000.0,16730000.0,100.0,100.0,100.0
11140570,필동,미용·뷰티,예금,2,1,52010000,26005000.0,52010000.0,40.0,100.0,72.14
11140570,필동,미용·뷰티,적금,2,1,8670000,4335000.0,8670000.0,40.0,100.0,12.02
11140570,필동,미용·뷰티,펀드,1,1,11420000,11420000.0,11420000.0,20.0,100.0,15.84
11140570,필동,생활서비스,적금,2,1,10190000,5095000.0,10190000.0,100.0,100.0,100.0
11140570,필동,식료품·편의소매,ISA,1,1,28870000,28870000.0,28870000.0,50.0,100.0,43.37
11140570,필동,식료품·편의소매,펀드,1,1,37700000,37700000.0,37700000.0,50.0,100.0,56.63
11140570,필동,자동차·운송서비스,예금,2,1,87280000,43640000.0,87280000.0,100.0,100.0,100.0
11140580,장충동,문화·취미·반려,펀드,3,1,46330000,15443333.33,46330000.0,100.0,100.0,100.0
11140580,장충동,생활서비스,ISA,1,1,23510000,23510000.0,23510000.0,50.0,100.0,68.88
11140580,장충동,생활서비스,펀드,1,1,10620000,10620000.0,10620000.0,50.0,100.0,31.12
11140580,장충동,음식·음료,ISA,1,1,20310000,20310000.0,20310000.0,33.33,100.0,33.78
11140580,장충동,음식·음료,펀드,2,1,39820000,19910000.0,39820000.0,66.67,100.0,66.22
11140580,장충동,패션·잡화,예금,1,1,22830000,22830000.0,22830000.0,50.0,100.0,77.18
11140580,장충동,패션·잡화,펀드,1,1,6750000,6750000.0,6750000.0,50.0,100.0,22.82
11140590,광희동,가구·인테리어,ISA,2,1,52130000,26065000.0,52130000.0,66.67,100.0,70.69
11140590,광희동,가구·인테리어,펀드,1,1,21610000,21610000.0,21610000.0,33.33,100.0,29.31
11140590,광희동,문화·취미·반려,ISA,3,1,47550000,15850000.0,47550000.0,75.0,100.0,91.23
11140590,광희동,문화·취미·반려,적금,1,1,4570000,4570000.0,4570000.0,25.0,100.0,8.77
11140590,광희동,숙박,펀드,4,1,49200000,12300000.0,49200000.0,100.0,100.0,100.0
11140590,광희동,여가·오락,ISA,5,2,76890000,15378000.0,38445000.0,83.33,100.0,86.65
11140590,광희동,여가·오락,예금,1,1,11850000,11850000.0,11850000.0,16.67,50.0,13.35
11140590,광희동,전자기기·수리,예금,2,1,48010000,24005000.0,48010000.0,50.0,50.0,91.27
11140590,광희동,전자기기·수리,적금,2,1,4590000,2295000.0,4590000.0,50.0,50.0,8.73
11140590,광희동,패션·잡화,ISA,1,1,17030000,17030000.0,17030000.0,50.0,100.0,38.84
11140590,광희동,패션·잡화,펀드,1,1,26820000,26820000.0,26820000.0,50.0,100.0,61.16
11140605,을지로동,문화·취미·반려,ISA,1,1,10200000,10200000.0,10200000.0,33.33,100.0,44.41
11140605,을지로동,문화·취미·반려,펀드,2,1,12770000,6385000.0,12770000.0,66.67,100.0,55.59
11140605,을지로동,미용·뷰티,ISA,1,1,12840000,12840000.0,12840000.0,50.0,100.0,83.59
11140605,을지로동,미용·뷰티,적금,1,1,2520000,2520000.0,2520000.0,50.0,100.0,16.41
11140605,을지로동,숙박,예금,2,2,66390000,33195000.0,33195000.0,40.0,100.0,69.84
11140605,을지로동,숙박,적금,2,2,5750000,2875000.0,2875000.0,40.0,100.0,6.05
11140605,을지로동,숙박,펀드,1,1,22920000,22920000.0,22920000.0,20.0,50.0,24.11
11140605,을지로동,전자기기·수리,ISA,1,1,71100000,71100000.0,71100000.0,20.0,100.0,33.72
11140605,을지로동,전자기기·수리,예금,1,1,89220000,89220000.0,89220000.0,20.0,100.0,42.31
11140605,을지로동,전자기기·수리,펀드,3,1,50550000,16850000.0,50550000.0,60.0,100.0,23.97
11140605,을지로동,패션·잡화,예금,1,1,19790000,19790000.0,19790000.0,100.0,100.0,100.0
11140615,신당동,가구·인테리어,예금,2,1,80700000,40350000.0,80700000.0,66.67,100.0,91.99
11140615,신당동,가구·인테리어,적금,1,1,7030000,7030000.0,7030000.0,33.33,100.0,8.01
11140615,신당동,문화·취미·반려,ISA,1,1,9340000,9340000.0,9340000.0,14.29,50.0,11.66
11140615,신당동,문화·취미·반려,적금,2,1,7590000,3795000.0,7590000.0,28.57,50.0,9.48
11140615,신당동,문화·취미·반려,펀드,4,1,63170000,15792500.0,63170000.0,57.14,50.0,78.86
11140615,신당동,미용·뷰티,예금,3,1,146920000,48973333.33,146920000.0,75.0,50.0,93.1
11140615,신당동,미용·뷰티,펀드,1,1,10890000,10890000.0,10890000.0,25.0,50.0,6.9
11140615,신당동,숙박,ISA,1,1,6570000,6570000.0,6570000.0,25.0,100.0,10.21
11140615,신당동,숙박,예금,1,1,23530000,23530000.0,23530000.0,25.0,100.0,36.58
11140615,신당동,숙박,펀드,2,1,34230000,17115000.0,34230000.0,50.0,100.0,53.21
11140615,신당동,패션·잡화,ISA,2,1,37310000,18655000.0,37310000.0,66.67,100.0,70.8
11140615,신당동,패션·잡화,예금,1,1,15390000,15390000.0,15390000.0,33.33,100.0,29.2
11140625,다산동,미용·뷰티,예금,2,1,119000000,59500000.0,119000000.0,50.0,50.0,82.73
11140625,다산동,미용·뷰티,적금,1,1,6180000,6180000.0,6180000.0,25.0,50.0,4.3
11140625,다산동,미용·뷰티,펀드,1,1,18670000,18670000.0,18670000.0,25.0,50.0,12.98
11140625,다산동,식료품·편의소매,예금,3,1,166830000,55610000.0,166830000.0,75.0,100.0,92.92
11140625,다산동,식료품·편의소매,펀드,1,1,12710000,12710000.0,12710000.0,25.0,100.0,7.08
11140625,다산동,여가·오락,ISA,1,1,11560000,11560000.0,11560000.0,33.33,100.0,58.27
11140625,다산동,여가·오락,적금,2,1,8280000,4140000.0,8280000.0,66.67,100.0,41.73
11140625,다산동,음식·음료,ISA,1,1,15490000,15490000.0,15490000.0,20.0,100.0,11.16
11140625,다산동,음식·음료,예금,2,1,96610000,48305000.0,96610000.0,40.0,100.0,69.62
11140625,다산동,음식·음료,적금,1,1,10050000,10050000.0,10050000.0,20.0,100.0,7.24
11140625,다산동,음식·음료,펀드,1,1,16610000,16610000.0,16610000.0,20.0,100.0,11.97
11140625,다산동,패션·잡화,ISA,3,2,42190000,14063333.33,21095000.0,42.86,100.0,31.57
11140625,다산동,패션·잡화,예금,2,1,72650000,36325000.0,72650000.0,28.57,50.0,54.37
11140625,다산동,패션·잡화,펀드,2,2,18780000,9390000.0,9390000.0,28.57,100.0,14.05
11140635,약수동,문화·취미·반려,적금,2,1,10520000,5260000.0,10520000.0,40.0,100.0,21.47
11140635,약수동,문화·취미·반려,펀드,3,1,38480000,12826666.67,38480000.0,60.0,100.0,78.53
11140635,약수동,미용·뷰티,ISA,1,1,11920000,11920000.0,11920000.0,33.33,100.0,40.95
11140635,약수동,미용·뷰티,적금,1,1,2780000,2780000.0,2780000.0,33.33,100.0,9.55
11140635,약수동,미용·뷰티,펀드,1,1,14410000,14410000.0,14410000.0,33.33,100.0,49.5
11140635,약수동,여가·오락,ISA,2,1,31150000,15575000.0,31150000.0,66.67,100.0,91.54
11140635,약수동,여가·오락,적금,1,1,2880000,2880000.0,2880000.0,33.33,100.0,8.46
11140635,약수동,음식·음료,ISA,1,1,12920000,12920000.0,12920000.0,50.0,100.0,43.89
11140635,약수동,음식·음료,펀드,1,1,16520000,16520000.0,16520000.0,50.0,100.0,56.11
11140635,약수동,전자기기·수리,ISA,1,1,20520000,20520000.0,20520000.0,16.67,50.0,20.87
11140635,약수동,전자기기·수리,예금,2,2,58630000,29315000.0,29315000.0,33.33,100.0,59.64
11140635,약수동,전자기기·수리,적금,2,1,6970000,3485000.0,6970000.0,33.33,50.0,7.09
11140635,약수동,전자기기·수리,펀드,1,1,12180000,12180000.0,12180000.0,16.67,50.0,12.39
11140635,약수동,패션·잡화,ISA,2,1,32720000,16360000.0,32720000.0,100.0,100.0,100.0
11140650,신당5동,미용·뷰티,ISA,1,1,19880000,19880000.0,19880000.0,33.33,100.0,54.53
11140650,신당5동,미용·뷰티,적금,1,1,2040000,2040000.0,2040000.0,33.33,100.0,5.6
11140650,신당5동,미용·뷰티,펀드,1,1,14540000,14540000.0,14540000.0,33.33,100.0,39.88
11140650,신당5동,여가·오락,ISA,1,1,17730000,17730000.0,17730000.0,11.11,50.0,5.88
11140650,신당5동,여가·오락,예금,6,2,274660000,45776666.67,137330000.0,66.67,100.0,91.07
11140650,신당5동,여가·오락,적금,2,1,9190000,4595000.0,9190000.0,22.22,50.0,3.05
11140670,황학동,가구·인테리어,ISA,4,2,114600000,28650000.0,57300000.0,44.44,100.0,67.24
11140670,황학동,가구·인테리어,적금,1,1,8600000,8600000.0,8600000.0,11.11,50.0,5.05
11140670,황학동,가구·인테리어,펀드,4,2,47240000,11810000.0,23620000.0,44.44,100.0,27.72
11140670,황학동,식료품·편의소매,ISA,2,1,44650000,22325000.0,44650000.0,50.0,100.0,56.86
11140670,황학동,식료품·편의소매,펀드,2,1,33880000,16940000.0,33880000.0,50.0,100.0,43.14
11140670,황학동,음식·음료,적금,1,1,2910000,2910000.0,2910000.0,100.0,100.0,100.0
11140670,황학동,자동차·운송서비스,ISA,2,1,41980000,20990000.0,41980000.0,66.67,100.0,79.24
11140670,황학동,자동차·운송서비스,펀드,1,1,11000000,11000000.0,11000000.0,33.33,100.0,20.76
11140670,황학동,패션·잡화,ISA,2,1,31260000,15630000.0,31260000.0,20.0,100.0,30.69
11140670,황학동,패션·잡화,예금,1,1,16570000,16570000.0,16570000.0,10.0,100.0,16.27
11140670,황학동,패션·잡화,적금,3,1,12670000,4223333.33,12670000.0,30.0,100.0,12.44
11140670,황학동,패션·잡화,펀드,4,1,41360000,10340000.0,41360000.0,40.0,100.0,40.6
11140680,중림동,가구·인테리어,예금,2,1,43400000,21700000.0,43400000.0,50.0,100.0,73.2
11140680,중림동,가구·인테리어,적금,1,1,5720000,5720000.0,5720000.0,25.0,100.0,9.65
11140680,중림동,가구·인테리어,펀드,1,1,10170000,10170000.0,10170000.0,25.0,100.0,17.15
11140680,중림동,문화·취미·반려,ISA,2,1,57420000,28710000.0,57420000.0,66.67,100.0,92.36
11140680,중림동,문화·취미·반려,적금,1,1,4750000,4750000.0,4750000.0,33.33,100.0,7.64
11140680,중림동,미용·뷰티,ISA,2,1,57800000,28900000.0,57800000.0,33.33,100.0,40.34
11140680,중림동,미용·뷰티,예금,1,1,31800000,31800000.0,31800000.0,16.67,100.0,22.2
11140680,중림동,미용·뷰티,펀드,3,1,53670000,17890000.0,53670000.0,50.0,100.0,37.46
11140680,중림동,생활서비스,ISA,1,1,13650000,13650000.0,13650000.0,20.0,100.0,25.36
11140680,중림동,생활서비스,예금,1,1,17040000,17040000.0,17040000.0,20.0,100.0,31.66
11140680,중림동,생활서비스,적금,1,1,3620000,3620000.0,3620000.0,20.0,100.0,6.73
11140680,중림동,생활서비스,펀드,2,1,19510000,9755000.0,19510000.0,40.0,100.0,36.25
11140680,중림동,패션·잡화,예금,1,1,55390000,55390000.0,55390000.0,50.0,100.0,74.98
11140680,중림동,패션·잡화,펀드,1,1,18480000,18480000.0,18480000.0,50.0,100.0,25.02
11170510,후암동,가구·인테리어,ISA,4,2,122720000,30680000.0,61360000.0,57.14,100.0,54.08
11170510,후암동,가구·인테리어,예금,2,1,90650000,45325000.0,90650000.0,28.57,50.0,39.95
11170510,후암동,가구·인테리어,펀드,1,1,13560000,13560000.0,13560000.0,14.29,50.0,5.98
11170510,후암동,식료품·편의소매,예금,4,1,141670000,35417500.0,141670000.0,66.67,100.0,85.29
11170510,후암동,식료품·편의소매,적금,1,1,5710000,5710000.0,5710000.0,16.67,100.0,3.44
11170510,후암동,식료품·편의소매,펀드,1,1,18720000,18720000.0,18720000.0,16.67,100.0,11.27
11170510,후암동,음식·음료,적금,2,1,6500000,3250000.0,6500000.0,66.67,100.0,43.57
11170510,후암동,음식·음료,펀드,1,1,8420000,8420000.0,8420000.0,33.33,100.0,56.43
11170510,후암동,자동차·운송서비스,예금,2,1,90910000,45455000.0,90910000.0,66.67,100.0,97.44
11170510,후암동,자동차·운송서비스,적금,1,1,2390000,2390000.0,2390000.0,33.33,100.0,2.56
11170510,후암동,패션·잡화,ISA,1,1,22400000,22400000.0,22400000.0,16.67,100.0,19.95
11170510,후암동,패션·잡화,예금,2,1,73330000,36665000.0,73330000.0,33.33,100.0,65.32
11170510,후암동,패션·잡화,적금,2,1,7030000,3515000.0,7030000.0,33.33,100.0,6.26
11170510,후암동,패션·잡화,펀드,1,1,9500000,9500000.0,9500000.0,16.67,100.0,8.46
11170520,용산2가동,문화·취미·반려,예금,2,1,100140000,50070000.0,100140000.0,66.67,100.0,89.69
11170520,용산2가동,문화·취미·반려,적금,1,1,11510000,11510000.0,11510000.0,33.33,100.0,10.31
11170520,용산2가동,식료품·편의소매,ISA,1,1,32730000,32730000.0,32730000.0,33.33,100.0,45.7
11170520,용산2가동,식료품·편의소매,예금,1,1,30430000,30430000.0,30430000.0,33.33,100.0,42.49
11170520,용산2가동,식료품·편의소매,적금,1,1,8460000,8460000.0,8460000.0,33.33,100.0,11.81
11170520,용산2가동,여가·오락,ISA,1,1,11030000,11030000.0,11030000.0,33.33,100.0,21.82
11170520,용산2가동,여가·오락,예금,1,1,32190000,32190000.0,32190000.0,33.33,100.0,63.68
11170520,용산2가동,여가·오락,펀드,1,1,7330000,7330000.0,7330000.0,33.33,100.0,14.5
11170520,용산2가동,음식·음료,예금,2,1,53460000,26730000.0,53460000.0,40.0,100.0,66.72
11170520,용산2가동,음식·음료,적금,2,1,12080000,6040000.0,12080000.0,40.0,100.0,15.08
11170520,용산2가동,음식·음료,펀드,1,1,14590000,14590000.0,14590000.0,20.0,100.0,18.21
11170530,남영동,미용·뷰티,ISA,1,1,11550000,11550000.0,11550000.0,100.0,100.0,100.0
11170530,남영동,숙박,ISA,1,1,12330000,12330000.0,12330000.0,100.0,100.0,100.0
11170530,남영동,전자기기·수리,예금,1,1,31310000,31310000.0,31310000.0,14.29,50.0,35.12
11170530,남영동,전자기기·수리,적금,2,1,8040000,4020000.0,8040000.0,28.57,50.0,9.02
11170530,남영동,전자기기·수리,펀드,4,2,49810000,12452500.0,24905000.0,57.14,100.0,55.87
11170555,청파동,자동차·운송서비스,ISA,1,1,32860000,32860000.0,32860000.0,33.33,100.0,53.1
11170555,청파동,자동차·운송서비스,예금,1,1,25050000,25050000.0,25050000.0,33.33,100.0,40.48
11170555,청파동,자동차·운송서비스,적금,1,1,3970000,3970000.0,3970000.0,33.33,100.0,6.42
11170560,원효로1동,숙박,예금,2,1,164340000,82170000.0,164340000.0,66.67,100.0,89.01
11170560,원효로1동,숙박,펀드,1,1,20290000,20290000.0,20290000.0,33.33,100.0,10.99
11170560,원효로1동,식료품·편의소매,예금,3,1,100740000,33580000.0,100740000.0,75.0,100.0,87.46
11170560,원효로1동,식료품·편의소매,펀드,1,1,14450000,14450000.0,14450000.0,25.0,100.0,12.54
11170560,원효로1동,자동차·운송서비스,ISA,1,1,33590000,33590000.0,33590000.0,50.0,100.0,57.93
11170560,원효로1동,자동차·운송서비스,예금,1,1,24390000,24390000.0,24390000.0,50.0,100.0,42.07
11170570,원효로2동,생활서비스,적금,1,1,6830000,6830000.0,6830000.0,50.0,100.0,39.46
11170570,원효로2동,생활서비스,펀드,1,1,10480000,10480000.0,10480000.0,50.0,100.0,60.54
11170570,원효로2동,음식·음료,ISA,2,2,29410000,14705000.0,14705000.0,13.33,50.0,6.29
11170570,원효로2동,음식·음료,예금,7,3,408480000,58354285.71,136160000.0,46.67,75.0,87.39
11170570,원효로2동,음식·음료,적금,6,4,29510000,4918333.33,7377500.0,40.0,100.0,6.31
11170580,효창동,음식·음료,ISA,1,1,17000000,17000000.0,17000000.0,25.0,100.0,25.12
11170580,효창동,음식·음료,예금,2,1,44690000,22345000.0,44690000.0,50.0,100.0,66.04
11170580,효창동,음식·음료,적금,1,1,5980000,5980000.0,5980000.0,25.0,100.0,8.84
11170590,용문동,가구·인테리어,예금,2,1,49580000,24790000.0,49580000.0,40.0,100.0,59.16
11170590,용문동,가구·인테리어,펀드,3,1,34220000,11406666.67,34220000.0,60.0,100.0,40.84
11170590,용문동,문화·취미·반려,ISA,1,1,4350000,4350000.0,4350000.0,20.0,100.0,7.7
11170590,용문동,문화·취미·반려,예금,1,1,29570000,29570000.0,29570000.0,20.0,100.0,52.37
11170590,용문동,문화·취미·반려,적금,1,1,5760000,5760000.0,5760000.0,20.0,100.0,10.2
11170590,용문동,문화·취미·반려,펀드,2,1,16780000,8390000.0,16780000.0,40.0,100.0,29.72
11170590,용문동,전자기기·수리,ISA,2,1,31840000,15920000.0,31840000.0,28.57,50.0,17.53
11170590,용문동,전자기기·수리,예금,2,1,113880000,56940000.0,113880000.0,28.57,50.0,62.68
11170590,용문동,전자기기·수리,적금,2,1,14000000,7000000.0,14000000.0,28.57,50.0,7.71
11170590,용문동,전자기기·수리,펀드,1,1,21960000,21960000.0,21960000.0,14.29,50.0,12.09
11170590,용문동,패션·잡화,예금,6,2,264250000,44041666.67,132125000.0,75.0,100.0,95.57
11170590,용문동,패션·잡화,적금,2,1,12260000,6130000.0,12260000.0,25.0,50.0,4.43
11170625,한강로동,문화·취미·반려,예금,2,1,59040000,29520000.0,59040000.0,66.67,100.0,95.52
11170625,한강로동,문화·취미·반려,적금,1,1,2770000,2770000.0,2770000.0,33.33,100.0,4.48
11170625,한강로동,식료품·편의소매,ISA,1,1,33360000,33360000.0,33360000.0,33.33,100.0,45.04
11170625,한강로동,식료품·편의소매,예금,1,1,21160000,21160000.0,21160000.0,33.33,100.0,28.57
11170625,한강로동,식료품·편의소매,펀드,1,1,19550000,19550000.0,19550000.0,33.33,100.0,26.39
11170625,한강로동,음식·음료,ISA,2,1,75410000,37705000.0,75410000.0,33.33,50.0,35.83
11170625,한강로동,음식·음료,예금,2,1,104100000,52050000.0,104100000.0,33.33,50.0,49.47
11170625,한강로동,음식·음료,적금,1,1,4590000,4590000.0,4590000.0,16.67,50.0,2.18
11170625,한강로동,음식·음료,펀드,1,1,26340000,26340000.0,26340000.0,16.67,50.0,12.52
11170625,한강로동,자동차·운송서비스,ISA,2,2,54060000,27030000.0,27030000.0,50.0,100.0,56.48
11170625,한강로동,자동차·운송서비스,예금,1,1,34410000,34410000.0,34410000.0,25.0,50.0,35.95
11170625,한강로동,자동차·운송서비스,펀드,1,1,7250000,7250000.0,7250000.0,25.0,50.0,7.57
11170625,한강로동,전자기기·수리,ISA,4,2,65810000,16452500.0,32905000.0,57.14,100.0,81.07
11170625,한강로동,전자기기·수리,적금,1,1,1900000,1900000.0,1900000.0,14.29,50.0,2.34
11170625,한강로동,전자기기·수리,펀드,2,2,13470000,6735000.0,6735000.0,28.57,100.0,16.59
11170625,한강로동,패션·잡화,ISA,1,1,8300000,8300000.0,8300000.0,20.0,100.0,10.32
11170625,한강로동,패션·잡화,예금,1,1,40700000,40700000.0,40700000.0,20.0,100.0,50.58
11170625,한강로동,패션·잡화,적금,1,1,4410000,4410000.0,4410000.0,20.0,100.0,5.48
11170625,한강로동,패션·잡화,펀드,2,1,27050000,13525000.0,27050000.0,40.0,100.0,33.62
11170630,이촌1동,문화·취미·반려,예금,4,1,196210000,49052500.0,196210000.0,80.0,100.0,90.81
11170630,이촌1동,문화·취미·반려,펀드,1,1,19860000,19860000.0,19860000.0,20.0,100.0,9.19
11170630,이촌1동,식료품·편의소매,ISA,2,1,39730000,19865000.0,39730000.0,33.33,50.0,39.67
11170630,이촌1동,식료품·편의소매,펀드,4,2,60410000,15102500.0,30205000.0,66.67,100.0,60.33
11170630,이촌1동,패션·잡화,ISA,1,1,15750000,15750000.0,15750000.0,100.0,100.0,100.0
11170640,이촌2동,가구·인테리어,ISA,3,2,28590000,9530000.0,14295000.0,42.86,100.0,73.06
11170640,이촌2동,가구·인테리어,적금,4,1,10540000,2635000.0,10540000.0,57.14,50.0,26.94
11170640,이촌2동,생활서비스,ISA,3,2,115800000,38600000.0,57900000.0,42.86,100.0,64.05
11170640,이촌2동,생활서비스,펀드,4,2,65000000,16250000.0,32500000.0,57.14,100.0,35.95
11170640,이촌2동,음식·음료,ISA,1,1,34920000,34920000.0,34920000.0,33.33,100.0,55.71
11170640,이촌2동,음식·음료,펀드,2,1,27760000,13880000.0,27760000.0,66.67,100.0,44.29
11170650,이태원1동,숙박,예금,1,1,136340000,136340000.0,136340000.0,100.0,100.0,100.0
11170650,이태원1동,패션·잡화,예금,1,1,29000000,29000000.0,29000000.0,50.0,100.0,84.03
11170650,이태원1동,패션·잡화,적금,1,1,5510000,5510000.0,5510000.0,50.0,100.0,15.97
11170660,이태원2동,가구·인테리어,ISA,1,1,15120000,15120000.0,15120000.0,14.29,50.0,5.48
11170660,이태원2동,가구·인테리어,예금,3,1,232040000,77346666.67,232040000.0,42.86,50.0,84.13
11170660,이태원2동,가구·인테리어,적금,1,1,2000000,2000000.0,2000000.0,14.29,50.0,0.73
11170660,이태원2동,가구·인테리어,펀드,2,1,26660000,13330000.0,26660000.0,28.57,50.0,9.67
11170660,이태원2동,문화·취미·반려,ISA,1,1,13880000,13880000.0,13880000.0,50.0,100.0,67.09
11170660,이태원2동,문화·취미·반려,적금,1,1,6810000,6810000.0,6810000.0,50.0,100.0,32.91
11170660,이태원2동,미용·뷰티,ISA,2,1,48640000,24320000.0,48640000.0,33.33,100.0,34.63
11170660,이태원2동,미용·뷰티,예금,2,1,75390000,37695000.0,75390000.0,33.33,100.0,53.67
11170660,이태원2동,미용·뷰티,적금,1,1,5350000,5350000.0,5350000.0,16.67,100.0,3.81
11170660,이태원2동,미용·뷰티,펀드,1,1,11080000,11080000.0,11080000.0,16.67,100.0,7.89
11170660,이태원2동,음식·음료,적금,2,1,4820000,2410000.0,4820000.0,50.0,50.0,9.55
11170660,이태원2동,음식·음료,펀드,2,2,45660000,22830000.0,22830000.0,50.0,100.0,90.45
11170685,한남동,가구·인테리어,예금,2,1,102890000,51445000.0,102890000.0,66.67,100.0,90.3
11170685,한남동,가구·인테리어,펀드,1,1,11050000,11050000.0,11050000.0,33.33,100.0,9.7
11170685,한남동,숙박,ISA,1,1,21540000,21540000.0,21540000.0,33.33,100.0,32.45
11170685,한남동,숙박,예금,1,1,31090000,31090000.0,31090000.0,33.33,100.0,46.84
11170685,한남동,숙박,펀드,1,1,13740000,13740000.0,13740000.0,33.33,100.0,20.7
11170685,한남동,여가·오락,ISA,1,1,20380000,20380000.0,20380000.0,100.0,100.0,100.0
11170685,한남동,음식·음료,예금,2,1,50050000,25025000.0,50050000.0,100.0,100.0,100.0
11170690,서빙고동,미용·뷰티,적금,1,1,10270000,10270000.0,10270000.0,33.33,50.0,20.56
11170690,서빙고동,미용·뷰티,펀드,2,2,39670000,19835000.0,19835000.0,66.67,100.0,79.44
11170690,서빙고동,생활서비스,펀드,1,1,4450000,4450000.0,4450000.0,100.0,100.0,100.0
11170690,서빙고동,식료품·편의소매,펀드,1,1,23860000,23860000.0,23860000.0,100.0,100.0,100.0
11170690,서빙고동,음식·음료,적금,1,1,4880000,4880000.0,4880000.0,20.0,100.0,6.26
11170690,서빙고동,음식·음료,펀드,4,1,73040000,18260000.0,73040000.0,80.0,100.0,93.74
11170700,보광동,미용·뷰티,ISA,1,1,23690000,23690000.0,23690000.0,33.33,100.0,66.25
11170700,보광동,미용·뷰티,적금,1,1,5100000,5100000.0,5100000.0,33.33,100.0,14.26
11170700,보광동,미용·뷰티,펀드,1,1,6970000,6970000.0,6970000.0,33.33,100.0,19.49
11170700,보광동,생활서비스,ISA,1,1,26410000,26410000.0,26410000.0,16.67,50.0,21.17
11170700,보광동,생활서비스,예금,3,2,84840000,28280000.0,42420000.0,50.0,100.0,68.0
11170700,보광동,생활서비스,적금,2,2,13510000,6755000.0,6755000.0,33.33,100.0,10.83
11170700,보광동,음식·음료,적금,1,1,3090000,3090000.0,3090000.0,100.0,100.0,100.0
11200520,왕십리2동,가구·인테리어,ISA,3,2,62890000,20963333.33,31445000.0,75.0,100.0,86.78
11200520,왕십리2동,가구·인테리어,펀드,1,1,9580000,9580000.0,9580000.0,25.0,50.0,13.22
11200520,왕십리2동,미용·뷰티,적금,1,1,1650000,1650000.0,1650000.0,50.0,100.0,13.17
11200520,왕십리2동,미용·뷰티,펀드,1,1,10880000,10880000.0,10880000.0,50.0,100.0,86.83
11200520,왕십리2동,생활서비스,ISA,1,1,23630000,23630000.0,23630000.0,20.0,50.0,17.89
11200520,왕십리2동,생활서비스,예금,1,1,79140000,79140000.0,79140000.0,20.0,50.0,59.92
11200520,왕십리2동,생활서비스,적금,1,1,3220000,3220000.0,3220000.0,20.0,50.0,2.44
11200520,왕십리2동,생활서비스,펀드,2,1,26080000,13040000.0,26080000.0,40.0,50.0,19.75
11200520,왕십리2동,여가·오락,ISA,3,1,44150000,14716666.67,44150000.0,42.86,100.0,54.94
11200520,왕십리2동,여가·오락,적금,2,1,9780000,4890000.0,9780000.0,28.57,100.0,12.17
11200520,왕십리2동,여가·오락,펀드,2,1,26430000,13215000.0,26430000.0,28.57,100.0,32.89
11200535,왕십리도선동,문화·취미·반려,펀드,2,1,48720000,24360000.0,48720000.0,100.0,100.0,100.0
11200535,왕십리도선동,미용·뷰티,ISA,1,1,15460000,15460000.0,15460000.0,100.0,100.0,100.0
11200535,왕십리도선동,숙박,예금,2,1,121430000,60715000.0,121430000.0,28.57,50.0,86.4
11200535,왕십리도선동,숙박,적금,4,1,7780000,1945000.0,7780000.0,57.14,50.0,5.54
11200535,왕십리도선동,숙박,펀드,1,1,11330000,11330000.0,11330000.0,14.29,50.0,8.06
11200535,왕십리도선동,식료품·편의소매,ISA,2,2,50200000,25100000.0,25100000.0,40.0,100.0,33.64
11200535,왕십리도선동,식료품·편의소매,예금,2,2,87050000,43525000.0,43525000.0,40.0,100.0,58.34
11200535,왕십리도선동,식료품·편의소매,적금,1,1,11960000,11960000.0,11960000.0,20.0,50.0,8.02
11200540,마장동,미용·뷰티,예금,1,1,116870000,116870000.0,116870000.0,33.33,100.0,72.89
11200540,마장동,미용·뷰티,펀드,2,1,43470000,21735000.0,43470000.0,66.67,100.0,27.11
11200540,마장동,생활서비스,예금,2,2,70780000,35390000.0,35390000.0,22.22,100.0,46.73
11200540,마장동,생활서비스,적금,4,1,20900000,5225000.0,20900000.0,44.44,50.0,13.8
11200540,마장동,생활서비스,펀드,3,2,59790000,19930000.0,29895000.0,33.33,100.0,39.47
11200540,마장동,식료품·편의소매,예금,1,1,48940000,48940000.0,48940000.0,50.0,100.0,92.39
11200540,마장동,식료품·편의소매,적금,1,1,4030000,4030000.0,4030000.0,50.0,100.0,7.61
11200540,마장동,음식·음료,ISA,1,1,18080000,18080000.0,18080000.0,20.0,100.0,49.57
11200540,마장동,음식·음료,적금,3,1,13100000,4366666.67,13100000.0,60.0,100.0,35.92
11200540,마장동,음식·음료,펀드,1,1,5290000,5290000.0,5290000.0,20.0,100.0,14.51
11200550,사근동,생활서비스,ISA,1,1,17830000,17830000.0,17830000.0,33.33,100.0,31.95
11200550,사근동,생활서비스,펀드,2,1,37980000,18990000.0,37980000.0,66.67,100.0,68.05
11200550,사근동,패션·잡화,ISA,1,1,16620000,16620000.0,16620000.0,50.0,100.0,81.39
11200550,사근동,패션·잡화,적금,1,1,3800000,3800000.0,3800000.0,50.0,100.0,18.61
11200560,행당1동,가구·인테리어,ISA,1,1,13840000,13840000.0,13840000.0,50.0,100.0,87.26
11200560,행당1동,가구·인테리어,적금,1,1,2020000,2020000.0,2020000.0,50.0,100.0,12.74
11200560,행당1동,미용·뷰티,ISA,1,1,10400000,10400000.0,10400000.0,8.33,33.33,2.5
11200560,행당1동,미용·뷰티,예금,6,2,347480000,57913333.33,173740000.0,50.0,66.67,83.46
11200560,행당1동,미용·뷰티,적금,1,1,2190000,2190000.0,2190000.0,8.33,33.33,0.53
11200560,행당1동,미용·뷰티,펀드,4,3,56260000,14065000.0,18753333.33,33.33,100.0,13.51
11200560,행당1동,식료품·편의소매,ISA,1,1,15540000,15540000.0,15540000.0,25.0,100.0,34.79
11200560,행당1동,식료품·편의소매,예금,1,1,22960000,22960000.0,22960000.0,25.0,100.0,51.4
11200560,행당1동,식료품·편의소매,적금,2,1,6170000,3085000.0,6170000.0,50.0,100.0,13.81
11200560,행당1동,여가·오락,ISA,2,1,46170000,23085000.0,46170000.0,100.0,100.0,100.0
11200560,행당1동,자동차·운송서비스,ISA,1,1,14850000,14850000.0,14850000.0,20.0,50.0,41.93
11200560,행당1동,자동차·운송서비스,적금,3,2,11420000,3806666.67,5710000.0,60.0,100.0,32.24
11200560,행당1동,자동차·운송서비스,펀드,1,1,9150000,9150000.0,9150000.0,20.0,50.0,25.83
11200570,행당2동,가구·인테리어,ISA,2,2,27790000,13895000.0,13895000.0,28.57,100.0,40.04
11200570,행당2동,가구·인테리어,적금,2,2,10830000,5415000.0,5415000.0,28.57,100.0,15.6
11200570,행당2동,가구·인테리어,펀드,3,2,30790000,10263333.33,15395000.0,42.86,100.0,44.36
11200570,행당2동,문화·취미·반려,ISA,3,1,30720000,10240000.0,30720000.0,60.0,50.0,47.61
11200570,행당2동,문화·취미·반려,예금,1,1,23450000,23450000.0,23450000.0,20.0,50.0,36.35
11200570,행당2동,문화·취미·반려,펀드,1,1,10350000,10350000.0,10350000.0,20.0,50.0,16.04
11200570,행당2동,생활서비스,예금,2,1,135850000,67925000.0,135850000.0,66.67,100.0,94.21
11200570,행당2동,생활서비스,펀드,1,1,8350000,8350000.0,8350000.0,33.33,100.0,5.79
11200570,행당2동,패션·잡화,ISA,1,1,18340000,18340000.0,18340000.0,25.0,100.0,29.42
11200570,행당2동,패션·잡화,예금,1,1,28020000,28020000.0,28020000.0,25.0,100.0,44.95
11200570,행당2동,패션·잡화,적금,1,1,4220000,4220000.0,4220000.0,25.0,100.0,6.77
11200570,행당2동,패션·잡화,펀드,1,1,11760000,11760000.0,11760000.0,25.0,100.0,18.86
11200580,응봉동,생활서비스,펀드,1,1,9920000,9920000.0,9920000.0,100.0,100.0,100.0
11200580,응봉동,패션·잡화,ISA,4,1,130910000,32727500.0,130910000.0,80.0,100.0,92.96
11200580,응봉동,패션·잡화,펀드,1,1,9910000,9910000.0,9910000.0,20.0,100.0,7.04
11200590,금호1가동,식료품·편의소매,ISA,1,1,14630000,14630000.0,14630000.0,16.67,50.0,16.81
11200590,금호1가동,식료품·편의소매,예금,1,1,34600000,34600000.0,34600000.0,16.67,50.0,39.75
11200590,금호1가동,식료품·편의소매,적금,1,1,3950000,3950000.0,3950000.0,16.67,50.0,4.54
11200590,금호1가동,식료품·편의소매,펀드,3,1,33860000,11286666.67,33860000.0,50.0,50.0,38.9
11200590,금호1가동,패션·잡화,ISA,2,1,22430000,11215000.0,22430000.0,66.67,100.0,66.78
11200590,금호1가동,패션·잡화,예금,1,1,11160000,11160000.0,11160000.0,33.33,100.0,33.22
11200615,금호2·3가동,가구·인테리어,ISA,1,1,20330000,20330000.0,20330000.0,20.0,100.0,33.12
11200615,금호2·3가동,가구·인테리어,예금,1,1,23140000,23140000.0,23140000.0,20.0,100.0,37.7
11200615,금호2·3가동,가구·인테리어,적금,2,1,10080000,5040000.0,10080000.0,40.0,100.0,16.42
11200615,금호2·3가동,가구·인테리어,펀드,1,1,7830000,7830000.0,7830000.0,20.0,100.0,12.76
11200615,금호2·3가동,문화·취미·반려,ISA,2,1,18380000,9190000.0,18380000.0,66.67,100.0,79.46
11200615,금호2·3가동,문화·취미·반려,펀드,1,1,4750000,4750000.0,4750000.0,33.33,100.0,20.54
11200615,금호2·3가동,미용·뷰티,예금,1,1,43330000,43330000.0,43330000.0,25.0,100.0,53.03
11200615,금호2·3가동,미용·뷰티,적금,2,1,8220000,4110000.0,8220000.0,50.0,100.0,10.06
11200615,금호2·3가동,미용·뷰티,펀드,1,1,30160000,30160000.0,30160000.0,25.0,100.0,36.91
11200615,금호2·3가동,식료품·편의소매,ISA,1,1,22510000,22510000.0,22510000.0,33.33,100.0,31.93
11200615,금호2·3가동,식료품·편의소매,예금,1,1,39290000,39290000.0,39290000.0,33.33,100.0,55.74
11200615,금호2·3가동,식료품·편의소매,펀드,1,1,8690000,8690000.0,8690000.0,33.33,100.0,12.33
11200615,금호2·3가동,음식·음료,적금,2,1,8320000,4160000.0,8320000.0,100.0,100.0,100.0
11200620,금호4가동,가구·인테리어,ISA,1,1,12040000,12040000.0,12040000.0,50.0,100.0,75.3
11200620,금호4가동,가구·인테리어,적금,1,1,3950000,3950000.0,3950000.0,50.0,100.0,24.7
11200620,금호4가동,미용·뷰티,ISA,1,1,18440000,18440000.0,18440000.0,25.0,100.0,41.42
11200620,금호4가동,미용·뷰티,적금,2,1,11510000,5755000.0,11510000.0,50.0,100.0,25.85
11200620,금호4가동,미용·뷰티,펀드,1,1,14570000,14570000.0,14570000.0,25.0,100.0,32.73
11200620,금호4가동,음식·음료,ISA,1,1,13510000,13510000.0,13510000.0,20.0,100.0,13.94
11200620,금호4가동,음식·음료,예금,2,1,68090000,34045000.0,68090000.0,40.0,100.0,70.27
11200620,금호4가동,음식·음료,적금,1,1,9260000,9260000.0,9260000.0,20.0,100.0,9.56
11200620,금호4가동,음식·음료,펀드,1,1,6040000,6040000.0,6040000.0,20.0,100.0,6.23
11200620,금호4가동,패션·잡화,예금,1,1,37140000,37140000.0,37140000.0,25.0,100.0,55.13
11200620,금호4가동,패션·잡화,적금,2,1,14130000,7065000.0,14130000.0,50.0,100.0,20.97
11200620,금호4가동,패션·잡화,펀드,1,1,16100000,16100000.0,16100000.0,25.0,100.0,23.9
11200645,옥수동,식료품·편의소매,ISA,1,1,14400000,14400000.0,14400000.0,20.0,100.0,12.69
11200645,옥수동,식료품·편의소매,예금,2,1,62420000,31210000.0,62420000.0,40.0,100.0,55.02
11200645,옥수동,식료품·편의소매,펀드,2,1,36630000,18315000.0,36630000.0,40.0,100.0,32.29
11200645,옥수동,여가·오락,ISA,1,1,18060000,18060000.0,18060000.0,25.0,100.0,10.97
11200645,옥수동,여가·오락,예금,2,1,119460000,59730000.0,119460000.0,50.0,100.0,72.54
11200645,옥수동,여가·오락,펀드,1,1,27170000,27170000.0,27170000.0,25.0,100.0,16.5
11200645,옥수동,패션·잡화,예금,2,1,85110000,42555000.0,85110000.0,66.67,100.0,89.3
11200645,옥수동,패션·잡화,펀드,1,1,10200000,10200000.0,10200000.0,33.33,100.0,10.7
11200650,성수1가1동,가구·인테리어,ISA,1,1,24870000,24870000.0,24870000.0,33.33,100.0,46.51
11200650,성수1가1동,가구·인테리어,펀드,2,1,28600000,14300000.0,28600000.0,66.67,100.0,53.49
11200650,성수1가1동,미용·뷰티,ISA,1,1,13960000,13960000.0,13960000.0,25.0,100.0,45.76
11200650,성수1가1동,미용·뷰티,적금,2,1,10020000,5010000.0,10020000.0,50.0,100.0,32.84
11200650,성수1가1동,미용·뷰티,펀드,1,1,6530000,6530000.0,6530000.0,25.0,100.0,21.4
11200650,성수1가1동,여가·오락,ISA,3,1,26100000,8700000.0,26100000.0,75.0,100.0,73.27
11200650,성수1가1동,여가·오락,펀드,1,1,9520000,9520000.0,9520000.0,25.0,100.0,26.73
11200650,성수1가1동,음식·음료,예금,1,1,22920000,22920000.0,22920000.0,100.0,100.0,100.0
11200650,성수1가1동,자동차·운송서비스,펀드,1,1,9010000,9010000.0,9010000.0,100.0,100.0,100.0
11200650,성수1가1동,전자기기·수리,ISA,2,1,22850000,11425000.0,22850000.0,33.33,100.0,67.95
11200650,성수1가1동,전자기기·수리,적금,4,1,10780000,2695000.0,10780000.0,66.67,100.0,32.05
11200660,성수1가2동,문화·취미·반려,적금,1,1,2630000,2630000.0,2630000.0,100.0,100.0,100.0
11200660,성수1가2동,미용·뷰티,예금,1,1,108000000,108000000.0,108000000.0,100.0,100.0,100.0
11200660,성수1가2동,여가·오락,ISA,1,1,31870000,31870000.0,31870000.0,33.33,100.0,75.45
11200660,성수1가2동,여가·오락,적금,2,1,10370000,5185000.0,10370000.0,66.67,100.0,24.55
11200660,성수1가2동,패션·잡화,예금,1,1,27790000,27790000.0,27790000.0,50.0,100.0,53.62
11200660,성수1가2동,패션·잡화,펀드,1,1,24040000,24040000.0,24040000.0,50.0,100.0,46.38
11200670,성수2가1동,가구·인테리어,적금,2,1,8190000,4095000.0,8190000.0,100.0,100.0,100.0
11200690,성수2가3동,여가·오락,ISA,1,1,24640000,24640000.0,24640000.0,25.0,100.0,43.02
11200690,성수2가3동,여가·오락,예금,2,1,24590000,12295000.0,24590000.0,50.0,100.0,42.93
11200690,성수2가3동,여가·오락,펀드,1,1,8050000,8050000.0,8050000.0,25.0,100.0,14.05
11200690,성수2가3동,자동차·운송서비스,ISA,1,1,20430000,20430000.0,20430000.0,33.33,100.0,74.56
11200690,성수2가3동,자동차·운송서비스,적금,2,1,6970000,3485000.0,6970000.0,66.67,100.0,25.44
11200690,성수2가3동,패션·잡화,ISA,1,1,31350000,31350000.0,31350000.0,25.0,50.0,59.03
11200690,성수2가3동,패션·잡화,적금,1,1,8790000,8790000.0,8790000.0,25.0,50.0,16.55
11200690,성수2가3동,패션·잡화,펀드,2,2,12970000,6485000.0,6485000.0,50.0,100.0,24.42
11200720,송정동,가구·인테리어,예금,1,1,24100000,24100000.0,24100000.0,100.0,100.0,100.0
11200720,송정동,미용·뷰티,예금,3,1,120520000,40173333.33,120520000.0,75.0,100.0,97.35
11200720,송정동,미용·뷰티,적금,1,1,3280000,3280000.0,3280000.0,25.0,100.0,2.65
11200720,송정동,여가·오락,예금,2,2,53620000,26810000.0,26810000.0,40.0,100.0,59.51
11200720,송정동,여가·오락,적금,2,1,19210000,9605000.0,19210000.0,40.0,50.0,21.32
11200720,송정동,여가·오락,펀드,1,1,17270000,17270000.0,17270000.0,20.0,50.0,19.17
11200720,송정동,음식·음료,예금,3,1,170580000,56860000.0,170580000.0,75.0,100.0,86.57
11200720,송정동,음식·음료,펀드,1,1,26470000,26470000.0,26470000.0,25.0,100.0,13.43
11200790,용답동,생활서비스,예금,1,1,57800000,57800000.0,57800000.0,33.33,100.0,59.17
11200790,용답동,생활서비스,펀드,2,1,39880000,19940000.0,39880000.0,66.67,100.0,40.83
11200790,용답동,음식·음료,ISA,1,1,61050000,61050000.0,61050000.0,50.0,100.0,67.07
11200790,용답동,음식·음료,펀드,1,1,29970000,29970000.0,29970000.0,50.0,100.0,32.93
11215710,화양동,미용·뷰티,예금,1,1,46170000,46170000.0,46170000.0,50.0,100.0,62.65
11215710,화양동,미용·뷰티,펀드,1,1,27520000,27520000.0,27520000.0,50.0,100.0,37.35
11215710,화양동,생활서비스,ISA,2,1,18800000,9400000.0,18800000.0,66.67,100.0,91.26
11215710,화양동,생활서비스,적금,1,1,1800000,1800000.0,1800000.0,33.33,100.0,8.74
11215710,화양동,숙박,ISA,3,1,43690000,14563333.33,43690000.0,60.0,50.0,64.86
11215710,화양동,숙박,적금,1,1,4920000,4920000.0,4920000.0,20.0,50.0,7.3
11215710,화양동,숙박,펀드,1,1,18750000,18750000.0,18750000.0,20.0,50.0,27.84
11215710,화양동,식료품·편의소매,예금,1,1,17750000,17750000.0,17750000.0,25.0,100.0,26.18
11215710,화양동,식료품·편의소매,펀드,3,1,50040000,16680000.0,50040000.0,75.0,100.0,73.82
11215710,화양동,여가·오락,ISA,1,1,11050000,11050000.0,11050000.0,20.0,50.0,15.77
11215710,화양동,여가·오락,예금,1,1,28120000,28120000.0,28120000.0,20.0,50.0,40.14
11215710,화양동,여가·오락,적금,2,1,17780000,8890000.0,17780000.0,40.0,50.0,25.38
11215710,화양동,여가·오락,펀드,1,1,13110000,13110000.0,13110000.0,20.0,50.0,18.71
11215710,화양동,자동차·운송서비스,ISA,2,2,54100000,27050000.0,27050000.0,28.57,66.67,33.39
11215710,화양동,자동차·운송서비스,예금,1,1,66200000,66200000.0,66200000.0,14.29,33.33,40.85
11215710,화양동,자동차·운송서비스,적금,2,2,6890000,3445000.0,3445000.0,28.57,66.67,4.25
11215710,화양동,자동차·운송서비스,펀드,2,1,34850000,17425000.0,34850000.0,28.57,33.33,21.51
11215730,군자동,문화·취미·반려,예금,1,1,49750000,49750000.0,49750000.0,100.0,100.0,100.0
11215730,군자동,미용·뷰티,예금,3,2,162870000,54290000.0,81435000.0,60.0,100.0,87.43
11215730,군자동,미용·뷰티,적금,1,1,5220000,5220000.0,5220000.0,20.0,50.0,2.8
11215730,군자동,미용·뷰티,펀드,1,1,18190000,18190000.0,18190000.0,20.0,50.0,9.76
11215730,군자동,생활서비스,ISA,2,1,24060000,12030000.0,24060000.0,66.67,100.0,83.34
11215730,군자동,생활서비스,적금,1,1,4810000,4810000.0,4810000.0,33.33,100.0,16.66
11215730,군자동,자동차·운송서비스,ISA,4,1,63610000,15902500.0,63610000.0,66.67,100.0,50.36
11215730,군자동,자동차·운송서비스,펀드,2,1,62710000,31355000.0,62710000.0,33.33,100.0,49.64
11215740,중곡1동,가구·인테리어,ISA,2,1,25130000,12565000.0,25130000.0,66.67,100.0,83.46
11215740,중곡1동,가구·인테리어,펀드,1,1,4980000,4980000.0,4980000.0,33.33,100.0,16.54
11215740,중곡1동,문화·취미·반려,ISA,1,1,9780000,9780000.0,9780000.0,16.67,50.0,10.81
11215740,중곡1동,문화·취미·반려,예금,2,2,36590000,18295000.0,18295000.0,33.33,100.0,40.44
11215740,중곡1동,문화·취미·반려,펀드,3,2,44110000,14703333.33,22055000.0,50.0,100.0,48.75
11215740,중곡1동,생활서비스,예금,2,1,83710000,41855000.0,83710000.0,100.0,100.0,100.0
11215740,중곡1동,식료품·편의소매,ISA,1,1,12630000,12630000.0,12630000.0,50.0,100.0,47.95
11215740,중곡1동,식료품·편의소매,펀드,1,1,13710000,13710000.0,13710000.0,50.0,100.0,52.05
11215740,중곡1동,자동차·운송서비스,ISA,2,1,50870000,25435000.0,50870000.0,50.0,100.0,61.3
11215740,중곡1동,자동차·운송서비스,펀드,2,1,32120000,16060000.0,32120000.0,50.0,100.0,38.7
11215750,중곡2동,식료품·편의소매,ISA,2,1,19880000,9940000.0,19880000.0,66.67,100.0,89.83
11215750,중곡2동,식료품·편의소매,적금,1,1,2250000,2250000.0,2250000.0,33.33,100.0,10.17
11215750,중곡2동,자동차·운송서비스,예금,1,1,36340000,36340000.0,36340000.0,50.0,100.0,75.72
11215750,중곡2동,자동차·운송서비스,펀드,1,1,11650000,11650000.0,11650000.0,50.0,100.0,24.28
11215760,중곡3동,가구·인테리어,ISA,1,1,13110000,13110000.0,13110000.0,33.33,100.0,58.82
11215760,중곡3동,가구·인테리어,적금,1,1,2280000,2280000.0,2280000.0,33.33,100.0,10.23
11215760,중곡3동,가구·인테리어,펀드,1,1,6900000,6900000.0,6900000.0,33.33,100.0,30.96
11215760,중곡3동,문화·취미·반려,적금,1,1,4470000,4470000.0,4470000.0,100.0,100.0,100.0
11215760,중곡3동,식료품·편의소매,ISA,2,1,32740000,16370000.0,32740000.0,33.33,100.0,57.33
11215760,중곡3동,식료품·편의소매,적금,1,1,1520000,1520000.0,1520000.0,16.67,100.0,2.66
11215760,중곡3동,식료품·편의소매,펀드,3,1,22850000,7616666.67,22850000.0,50.0,100.0,40.01
11215770,중곡4동,문화·취미·반려,ISA,3,1,77460000,25820000.0,77460000.0,100.0,100.0,100.0
11215770,중곡4동,미용·뷰티,예금,5,2,238660000,47732000.0,119330000.0,62.5,100.0,88.46
11215770,중곡4동,미용·뷰티,적금,1,1,3320000,3320000.0,3320000.0,12.5,50.0,1.23
11215770,중곡4동,미용·뷰티,펀드,2,1,27800000,13900000.0,27800000.0,25.0,50.0,10.3
11215770,중곡4동,생활서비스,ISA,3,2,41550000,13850000.0,20775000.0,42.86,100.0,55.94
11215770,중곡4동,생활서비스,적금,3,1,12190000,4063333.33,12190000.0,42.86,50.0,16.41
11215770,중곡4동,생활서비스,펀드,1,1,20540000,20540000.0,20540000.0,14.29,50.0,27.65
11215770,중곡4동,식료품·편의소매,ISA,1,1,19800000,19800000.0,19800000.0,11.11,50.0,26.84
11215770,중곡4동,식료품·편의소매,예금,1,1,16350000,16350000.0,16350000.0,11.11,50.0,22.17
11215770,중곡4동,식료품·편의소매,적금,5,2,16920000,3384000.0,8460000.0,55.56,100.0,22.94
11215770,중곡4동,식료품·편의소매,펀드,2,2,20690000,10345000.0,10345000.0,22.22,100.0,28.05
11215770,중곡4동,여가·오락,ISA,1,1,6750000,6750000.0,6750000.0,14.29,50.0,9.48
11215770,중곡4동,여가·오락,예금,2,1,46340000,23170000.0,46340000.0,28.57,50.0,65.1
11215770,중곡4동,여가·오락,적금,2,1,4700000,2350000.0,4700000.0,28.57,50.0,6.6
11215770,중곡4동,여가·오락,펀드,2,2,13390000,6695000.0,6695000.0,28.57,100.0,18.81
11215770,중곡4동,음식·음료,ISA,1,1,10860000,10860000.0,10860000.0,20.0,100.0,27.54
11215770,중곡4동,음식·음료,적금,2,1,6410000,3205000.0,6410000.0,40.0,100.0,16.25
11215770,중곡4동,음식·음료,펀드,2,1,22170000,11085000.0,22170000.0,40.0,100.0,56.21
11215770,중곡4동,전자기기·수리,ISA,1,1,55950000,55950000.0,55950000.0,33.33,100.0,81.92
11215770,중곡4동,전자기기·수리,적금,1,1,6130000,6130000.0,6130000.0,33.33,100.0,8.98
11215770,중곡4동,전자기기·수리,펀드,1,1,6220000,6220000.0,6220000.0,33.33,100.0,9.11
11215780,능동,여가·오락,ISA,3,2,66020000,22006666.67,33010000.0,37.5,66.67,61.42
11215780,능동,여가·오락,적금,2,2,9860000,4930000.0,4930000.0,25.0,66.67,9.17
11215780,능동,여가·오락,펀드,3,3,31610000,10536666.67,10536666.67,37.5,100.0,29.41
11215780,능동,음식·음료,적금,1,1,2280000,2280000.0,2280000.0,20.0,50.0,2.47
11215780,능동,음식·음료,펀드,4,2,90190000,22547500.0,45095000.0,80.0,100.0,97.53
11215780,능동,전자기기·수리,예금,1,1,33790000,33790000.0,33790000.0,25.0,100.0,54.0
11215780,능동,전자기기·수리,적금,1,1,8110000,8110000.0,8110000.0,25.0,100.0,12.96
11215780,능동,전자기기·수리,펀드,2,1,20670000,10335000.0,20670000.0,50.0,100.0,33.04
11215810,광장동,자동차·운송서비스,ISA,2,1,80000000,40000000.0,80000000.0,18.18,50.0,39.59
11215810,광장동,자동차·운송서비스,예금,2,1,32590000,16295000.0,32590000.0,18.18,50.0,16.13
11215810,광장동,자동차·운송서비스,적금,1,1,7590000,7590000.0,7590000.0,9.09,50.0,3.76
11215810,광장동,자동차·운송서비스,펀드,6,2,81870000,13645000.0,40935000.0,54.55,100.0,40.52
11215820,자양1동,문화·취미·반려,예금,1,1,55820000,55820000.0,55820000.0,33.33,100.0,69.11
11215820,자양1동,문화·취미·반려,적금,1,1,6420000,6420000.0,6420000.0,33.33,100.0,7.95
11215820,자양1동,문화·취미·반려,펀드,1,1,18530000,18530000.0,18530000.0,33.33,100.0,22.94
11215820,자양1동,미용·뷰티,ISA,1,1,15340000,15340000.0,15340000.0,25.0,100.0,35.67
11215820,자양1동,미용·뷰티,예금,1,1,15170000,15170000.0,15170000.0,25.0,100.0,35.27
11215820,자양1동,미용·뷰티,적금,1,1,5710000,5710000.0,5710000.0,25.0,100.0,13.28
11215820,자양1동,미용·뷰티,펀드,1,1,6790000,6790000.0,6790000.0,25.0,100.0,15.79
11215820,자양1동,전자기기·수리,ISA,2,1,14420000,7210000.0,14420000.0,33.33,100.0,36.43
11215820,자양1동,전자기기·수리,적금,2,1,6320000,3160000.0,6320000.0,33.33,100.0,15.97
11215820,자양1동,전자기기·수리,펀드,2,1,18840000,9420000.0,18840000.0,33.33,100.0,47.6
11215830,자양2동,가구·인테리어,ISA,2,1,54940000,27470000.0,54940000.0,40.0,50.0,28.65
11215830,자양2동,가구·인테리어,예금,3,2,136840000,45613333.33,68420000.0,60.0,100.0,71.35
11215830,자양2동,미용·뷰티,예금,3,1,127760000,42586666.67,127760000.0,60.0,100.0,79.24
11215830,자양2동,미용·뷰티,펀드,2,1,33470000,16735000.0,33470000.0,40.0,100.0,20.76
11215830,자양2동,음식·음료,ISA,1,1,10910000,10910000.0,10910000.0,25.0,50.0,29.21
11215830,자양2동,음식·음료,예금,1,1,8370000,8370000.0,8370000.0,25.0,50.0,22.41
11215830,자양2동,음식·음료,적금,1,1,1510000,1510000.0,1510000.0,25.0,50.0,4.04
11215830,자양2동,음식·음료,펀드,1,1,16560000,16560000.0,16560000.0,25.0,50.0,44.34
11215830,자양2동,자동차·운송서비스,ISA,1,1,32480000,32480000.0,32480000.0,50.0,100.0,31.9
11215830,자양2동,자동차·운송서비스,예금,1,1,69340000,69340000.0,69340000.0,50.0,100.0,68.1
11215830,자양2동,패션·잡화,펀드,1,1,7220000,7220000.0,7220000.0,100.0,100.0,100.0
11215840,자양3동,문화·취미·반려,ISA,3,1,39540000,13180000.0,39540000.0,50.0,100.0,37.94
11215840,자양3동,문화·취미·반려,예금,1,1,33640000,33640000.0,33640000.0,16.67,100.0,32.27
11215840,자양3동,문화·취미·반려,펀드,2,1,31050000,15525000.0,31050000.0,33.33,100.0,29.79
11215840,자양3동,미용·뷰티,ISA,1,1,19300000,19300000.0,19300000.0,25.0,100.0,48.21
11215840,자양3동,미용·뷰티,적금,1,1,3540000,3540000.0,3540000.0,25.0,100.0,8.84
11215840,자양3동,미용·뷰티,펀드,2,1,17190000,8595000.0,17190000.0,50.0,100.0,42.94
11215840,자양3동,전자기기·수리,ISA,2,1,29130000,14565000.0,29130000.0,50.0,100.0,63.99
11215840,자양3동,전자기기·수리,펀드,2,1,16390000,8195000.0,16390000.0,50.0,100.0,36.01
11215847,자양4동,생활서비스,예금,6,2,179260000,29876666.67,89630000.0,60.0,100.0,78.78
11215847,자양4동,생활서비스,적금,2,2,11680000,5840000.0,5840000.0,20.0,100.0,5.13
11215847,자양4동,생활서비스,펀드,2,1,36600000,18300000.0,36600000.0,20.0,50.0,16.09
11215847,자양4동,숙박,ISA,2,1,42240000,21120000.0,42240000.0,66.67,100.0,71.11
11215847,자양4동,숙박,펀드,1,1,17160000,17160000.0,17160000.0,33.33,100.0,28.89
11215847,자양4동,식료품·편의소매,ISA,2,1,38840000,19420000.0,38840000.0,50.0,100.0,58.65
11215847,자양4동,식료품·편의소매,예금,1,1,19650000,19650000.0,19650000.0,25.0,100.0,29.67
11215847,자양4동,식료품·편의소매,펀드,1,1,7730000,7730000.0,7730000.0,25.0,100.0,11.67
11215847,자양4동,여가·오락,ISA,5,2,59810000,11962000.0,29905000.0,38.46,66.67,38.41
11215847,자양4동,여가·오락,예금,3,1,51260000,17086666.67,51260000.0,23.08,33.33,32.92
11215847,자양4동,여가·오락,적금,3,2,21060000,7020000.0,10530000.0,23.08,66.67,13.52
11215847,자양4동,여가·오락,펀드,2,2,23590000,11795000.0,11795000.0,15.38,66.67,15.15
11215847,자양4동,음식·음료,ISA,1,1,12500000,12500000.0,12500000.0,33.33,100.0,66.07
11215847,자양4동,음식·음료,적금,2,1,6420000,3210000.0,6420000.0,66.67,100.0,33.93
11215850,구의1동,가구·인테리어,ISA,2,1,39150000,19575000.0,39150000.0,40.0,100.0,37.07
11215850,구의1동,가구·인테리어,예금,1,1,49820000,49820000.0,49820000.0,20.0,100.0,47.17
11215850,구의1동,가구·인테리어,펀드,2,1,16640000,8320000.0,16640000.0,40.0,100.0,15.76
11215850,구의1동,문화·취미·반려,ISA,5,1,137480000,27496000.0,137480000.0,55.56,50.0,58.94
11215850,구의1동,문화·취미·반려,예금,2,1,81560000,40780000.0,81560000.0,22.22,50.0,34.96
11215850,구의1동,문화·취미·반려,펀드,2,2,14230000,7115000.0,7115000.0,22.22,100.0,6.1
11215850,구의1동,미용·뷰티,ISA,1,1,14760000,14760000.0,14760000.0,33.33,100.0,39.08
11215850,구의1동,미용·뷰티,예금,1,1,16730000,16730000.0,16730000.0,33.33,100.0,44.29
11215850,구의1동,미용·뷰티,적금,1,1,6280000,6280000.0,6280000.0,33.33,100.0,16.63
11215850,구의1동,생활서비스,ISA,1,1,31840000,31840000.0,31840000.0,50.0,100.0,55.02
11215850,구의1동,생활서비스,펀드,1,1,26030000,26030000.0,26030000.0,50.0,100.0,44.98
11215850,구의1동,식료품·편의소매,ISA,5,1,97630000,19526000.0,97630000.0,83.33,100.0,87.41
11215850,구의1동,식료품·편의소매,펀드,1,1,14060000,14060000.0,14060000.0,16.67,100.0,12.59
11215850,구의1동,여가·오락,예금,1,1,52710000,52710000.0,52710000.0,33.33,100.0,82.21
11215850,구의1동,여가·오락,적금,2,1,11410000,5705000.0,11410000.0,66.67,100.0,17.79
11215860,구의2동,문화·취미·반려,예금,1,1,16900000,16900000.0,16900000.0,25.0,100.0,45.15
11215860,구의2동,문화·취미·반려,적금,2,1,8990000,4495000.0,8990000.0,50.0,100.0,24.02
11215860,구의2동,문화·취미·반려,펀드,1,1,11540000,11540000.0,11540000.0,25.0,100.0,30.83
11215860,구의2동,생활서비스,펀드,1,1,6320000,6320000.0,6320000.0,100.0,100.0,100.0
11215860,구의2동,식료품·편의소매,ISA,1,1,28050000,28050000.0,28050000.0,14.29,50.0,11.51
11215860,구의2동,식료품·편의소매,예금,3,1,176270000,58756666.67,176270000.0,42.86,50.0,72.31
11215860,구의2동,식료품·편의소매,적금,1,1,6530000,6530000.0,6530000.0,14.29,50.0,2.68
11215860,구의2동,식료품·편의소매,펀드,2,2,32920000,16460000.0,16460000.0,28.57,100.0,13.5
11215860,구의2동,여가·오락,ISA,1,1,12150000,12150000.0,12150000.0,33.33,100.0,69.75
11215860,구의2동,여가·오락,적금,2,1,5270000,2635000.0,5270000.0,66.67,100.0,30.25
11215860,구의2동,전자기기·수리,예금,2,1,62270000,31135000.0,62270000.0,33.33,50.0,58.21
11215860,구의2동,전자기기·수리,적금,2,1,12450000,6225000.0,12450000.0,33.33,50.0,11.64
11215860,구의2동,전자기기·수리,펀드,2,2,32250000,16125000.0,16125000.0,33.33,100.0,30.15
11215870,구의3동,가구·인테리어,예금,3,1,123050000,41016666.67,123050000.0,50.0,100.0,77.1
11215870,구의3동,가구·인테리어,적금,1,1,6660000,6660000.0,6660000.0,16.67,100.0,4.17
11215870,구의3동,가구·인테리어,펀드,2,1,29880000,14940000.0,29880000.0,33.33,100.0,18.72
11215870,구의3동,자동차·운송서비스,예금,1,1,68620000,68620000.0,68620000.0,33.33,100.0,58.84
11215870,구의3동,자동차·운송서비스,펀드,2,1,48000000,24000000.0,48000000.0,66.67,100.0,41.16
11230536,용신동,미용·뷰티,예금,1,1,41790000,41790000.0,41790000.0,33.33,100.0,52.02
11230536,용신동,미용·뷰티,펀드,2,1,38540000,19270000.0,38540000.0,66.67,100.0,47.98
11230536,용신동,숙박,ISA,1,1,12310000,12310000.0,12310000.0,25.0,100.0,54.81
11230536,용신동,숙박,적금,3,1,10150000,3383333.33,10150000.0,75.0,100.0,45.19
11230536,용신동,식료품·편의소매,펀드,1,1,7130000,7130000.0,7130000.0,100.0,100.0,100.0
11230536,용신동,여가·오락,ISA,4,1,77450000,19362500.0,77450000.0,57.14,100.0,68.45
11230536,용신동,여가·오락,펀드,3,1,35700000,11900000.0,35700000.0,42.86,100.0,31.55
11230536,용신동,음식·음료,예금,5,1,205060000,41012000.0,205060000.0,100.0,100.0,100.0
11230536,용신동,자동차·운송서비스,ISA,1,1,14950000,14950000.0,14950000.0,50.0,100.0,89.2
11230536,용신동,자동차·운송서비스,적금,1,1,1810000,1810000.0,1810000.0,50.0,100.0,10.8
11230536,용신동,패션·잡화,ISA,1,1,56200000,56200000.0,56200000.0,33.33,100.0,90.15
11230536,용신동,패션·잡화,적금,2,1,6140000,3070000.0,6140000.0,66.67,100.0,9.85
11230545,제기동,가구·인테리어,ISA,2,2,29980000,14990000.0,14990000.0,28.57,100.0,56.5
11230545,제기동,가구·인테리어,적금,3,2,8860000,2953333.33,4430000.0,42.86,100.0,16.7
11230545,제기동,가구·인테리어,펀드,2,1,14220000,7110000.0,14220000.0,28.57,50.0,26.8
11230545,제기동,생활서비스,ISA,2,2,35220000,17610000.0,17610000.0,33.33,100.0,29.92
11230545,제기동,생활서비스,예금,2,1,69300000,34650000.0,69300000.0,33.33,50.0,58.87
11230545,제기동,생활서비스,적금,1,1,1460000,1460000.0,1460000.0,16.67,50.0,1.24
11230545,제기동,생활서비스,펀드,1,1,11740000,11740000.0,11740000.0,16.67,50.0,9.97
11230545,제기동,식료품·편의소매,ISA,2,1,46590000,23295000.0,46590000.0,28.57,100.0,31.86
11230545,제기동,식료품·편의소매,예금,1,1,53720000,53720000.0,53720000.0,14.29,100.0,36.74
11230545,제기동,식료품·편의소매,적금,1,1,5810000,5810000.0,5810000.0,14.29,100.0,3.97
11230545,제기동,식료품·편의소매,펀드,3,1,40110000,13370000.0,40110000.0,42.86,100.0,27.43
11230545,제기동,전자기기·수리,ISA,1,1,13390000,13390000.0,13390000.0,20.0,100.0,18.24
11230545,제기동,전자기기·수리,예금,1,1,22610000,22610000.0,22610000.0,20.0,100.0,30.81
11230545,제기동,전자기기·수리,펀드,3,1,37390000,12463333.33,37390000.0,60.0,100.0,50.95
11230545,제기동,패션·잡화,예금,2,1,142240000,71120000.0,142240000.0,100.0,100.0,100.0
11230560,전농1동,문화·취미·반려,적금,1,1,2960000,2960000.0,2960000.0,100.0,100.0,100.0
11230560,전농1동,미용·뷰티,예금,1,1,20890000,20890000.0,20890000.0,33.33,100.0,43.68
11230560,전농1동,미용·뷰티,펀드,2,1,26940000,13470000.0,26940000.0,66.67,100.0,56.32
11230560,전농1동,식료품·편의소매,예금,1,1,38290000,38290000.0,38290000.0,50.0,100.0,69.71
11230560,전농1동,식료품·편의소매,펀드,1,1,16640000,16640000.0,16640000.0,50.0,100.0,30.29
11230560,전농1동,패션·잡화,ISA,2,1,18410000,9205000.0,18410000.0,16.67,33.33,6.27
11230560,전농1동,패션·잡화,예금,6,2,226200000,37700000.0,113100000.0,50.0,66.67,77.05
11230560,전농1동,패션·잡화,적금,2,1,8070000,4035000.0,8070000.0,16.67,33.33,2.75
11230560,전농1동,패션·잡화,펀드,2,2,40880000,20440000.0,20440000.0,16.67,66.67,13.93
11230570,전농2동,문화·취미·반려,예금,3,1,110830000,36943333.33,110830000.0,100.0,100.0,100.0
11230570,전농2동,식료품·편의소매,예금,3,1,149640000,49880000.0,149640000.0,100.0,100.0,100.0
11230570,전농2동,여가·오락,예금,3,1,115680000,38560000.0,115680000.0,100.0,100.0,100.0
11230600,답십리1동,문화·취미·반려,예금,3,1,112430000,37476666.67,112430000.0,100.0,100.0,100.0
11230600,답십리1동,미용·뷰티,예금,2,1,74570000,37285000.0,74570000.0,66.67,100.0,94.81
11230600,답십리1동,미용·뷰티,적금,1,1,4080000,4080000.0,4080000.0,33.33,100.0,5.19
11230600,답십리1동,숙박,예금,1,1,34030000,34030000.0,34030000.0,33.33,50.0,76.01
11230600,답십리1동,숙박,적금,2,1,10740000,5370000.0,10740000.0,66.67,50.0,23.99
11230600,답십리1동,패션·잡화,ISA,2,1,40810000,20405000.0,40810000.0,50.0,100.0,64.82
11230600,답십리1동,패션·잡화,적금,1,1,5890000,5890000.0,5890000.0,25.0,100.0,9.36
11230600,답십리1동,패션·잡화,펀드,1,1,16260000,16260000.0,16260000.0,25.0,100.0,25.83
11230610,답십리2동,생활서비스,펀드,3,1,65320000,21773333.33,65320000.0,100.0,100.0,100.0
11230610,답십리2동,식료품·편의소매,ISA,1,1,18250000,18250000.0,18250000.0,50.0,100.0,47.85
11230610,답십리2동,식료품·편의소매,펀드,1,1,19890000,19890000.0,19890000.0,50.0,100.0,52.15
11230610,답십리2동,음식·음료,적금,2,1,12690000,6345000.0,12690000.0,66.67,100.0,63.32
11230610,답십리2동,음식·음료,펀드,1,1,7350000,7350000.0,7350000.0,33.33,100.0,36.68
11230610,답십리2동,전자기기·수리,예금,1,1,30730000,30730000.0,30730000.0,25.0,50.0,37.02
11230610,답십리2동,전자기기·수리,펀드,3,2,52290000,17430000.0,26145000.0,75.0,100.0,62.98
11230610,답십리2동,패션·잡화,ISA,1,1,29130000,29130000.0,29130000.0,33.33,100.0,24.52
11230610,답십리2동,패션·잡화,예금,1,1,59120000,59120000.0,59120000.0,33.33,100.0,49.76
11230610,답십리2동,패션·잡화,펀드,1,1,30570000,30570000.0,30570000.0,33.33,100.0,25.73
11230650,장안1동,숙박,적금,1,1,9710000,9710000.0,9710000.0,100.0,100.0,100.0
11230650,장안1동,식료품·편의소매,ISA,1,1,14620000,14620000.0,14620000.0,25.0,100.0,10.43
11230650,장안1동,식료품·편의소매,예금,3,1,125510000,41836666.67,125510000.0,75.0,100.0,89.57
11230650,장안1동,음식·음료,ISA,1,1,23210000,23210000.0,23210000.0,50.0,100.0,52.24
11230650,장안1동,음식·음료,펀드,1,1,21220000,21220000.0,21220000.0,50.0,100.0,47.76
11230650,장안1동,자동차·운송서비스,예금,1,1,19910000,19910000.0,19910000.0,33.33,100.0,42.0
11230650,장안1동,자동차·운송서비스,적금,1,1,5220000,5220000.0,5220000.0,33.33,100.0,11.01
11230650,장안1동,자동차·운송서비스,펀드,1,1,22270000,22270000.0,22270000.0,33.33,100.0,46.98
11230660,장안2동,가구·인테리어,ISA,2,2,49260000,24630000.0,24630000.0,40.0,100.0,40.6
11230660,장안2동,가구·인테리어,예금,1,1,40300000,40300000.0,40300000.0,20.0,50.0,33.21
11230660,장안2동,가구·인테리어,적금,1,1,6700000,6700000.0,6700000.0,20.0,50.0,5.52
11230660,장안2동,가구·인테리어,펀드,1,1,25080000,25080000.0,25080000.0,20.0,50.0,20.67
11230660,장안2동,여가·오락,예금,1,1,58100000,58100000.0,58100000.0,50.0,100.0,84.17
11230660,장안2동,여가·오락,펀드,1,1,10930000,10930000.0,10930000.0,50.0,100.0,15.83
11230660,장안2동,전자기기·수리,예금,1,1,23220000,23220000.0,23220000.0,50.0,100.0,68.25
11230660,장안2동,전자기기·수리,펀드,1,1,10800000,10800000.0,10800000.0,50.0,100.0,31.75
11230660,장안2동,패션·잡화,예금,1,1,29440000,29440000.0,29440000.0,100.0,100.0,100.0
11230705,청량리동,가구·인테리어,예금,1,1,33550000,33550000.0,33550000.0,25.0,50.0,36.65
11230705,청량리동,가구·인테리어,펀드,3,2,58000000,19333333.33,29000000.0,75.0,100.0,63.35
11230705,청량리동,미용·뷰티,예금,2,1,84620000,42310000.0,84620000.0,100.0,100.0,100.0
11230705,청량리동,음식·음료,ISA,1,1,19510000,19510000.0,19510000.0,25.0,100.0,43.6
11230705,청량리동,음식·음료,예금,1,1,17770000,17770000.0,17770000.0,25.0,100.0,39.71
11230705,청량리동,음식·음료,적금,2,1,7470000,3735000.0,7470000.0,50.0,100.0,16.69
11230705,청량리동,자동차·운송서비스,예금,1,1,44200000,44200000.0,44200000.0,50.0,100.0,78.94
11230705,청량리동,자동차·운송서비스,펀드,1,1,11790000,11790000.0,11790000.0,50.0,100.0,21.06
11230705,청량리동,전자기기·수리,ISA,2,1,46770000,23385000.0,46770000.0,40.0,100.0,30.36
11230705,청량리동,전자기기·수리,예금,2,1,90060000,45030000.0,90060000.0,40.0,100.0,58.47
11230705,청량리동,전자기기·수리,펀드,1,1,17210000,17210000.0,17210000.0,20.0,100.0,11.17
11230705,청량리동,패션·잡화,ISA,1,1,21750000,21750000.0,21750000.0,50.0,100.0,37.77
11230705,청량리동,패션·잡화,펀드,1,1,35830000,35830000.0,35830000.0,50.0,100.0,62.23
11230710,회기동,문화·취미·반려,적금,1,1,4290000,4290000.0,4290000.0,50.0,100.0,38.93
11230710,회기동,문화·취미·반려,펀드,1,1,6730000,6730000.0,6730000.0,50.0,100.0,61.07
11230710,회기동,미용·뷰티,ISA,2,1,17300000,8650000.0,17300000.0,50.0,50.0,36.33
11230710,회기동,미용·뷰티,예금,1,1,21210000,21210000.0,21210000.0,25.0,50.0,44.54
11230710,회기동,미용·뷰티,펀드,1,1,9110000,9110000.0,9110000.0,25.0,50.0,19.13
11230710,회기동,식료품·편의소매,ISA,2,1,16550000,8275000.0,16550000.0,100.0,100.0,100.0
11230710,회기동,음식·음료,예금,2,2,81170000,40585000.0,40585000.0,33.33,100.0,55.82
11230710,회기동,음식·음료,적금,1,1,3570000,3570000.0,3570000.0,16.67,50.0,2.46
11230710,회기동,음식·음료,펀드,3,2,60670000,20223333.33,30335000.0,50.0,100.0,41.72
11230710,회기동,패션·잡화,예금,1,1,28760000,28760000.0,28760000.0,50.0,100.0,61.01
11230710,회기동,패션·잡화,펀드,1,1,18380000,18380000.0,18380000.0,50.0,100.0,38.99
11230720,휘경1동,미용·뷰티,예금,4,1,233490000,58372500.0,233490000.0,100.0,100.0,100.0
11230720,휘경1동,생활서비스,ISA,2,1,78950000,39475000.0,78950000.0,50.0,100.0,57.72
11230720,휘경1동,생활서비스,예금,1,1,41820000,41820000.0,41820000.0,25.0,100.0,30.57
11230720,휘경1동,생활서비스,펀드,1,1,16020000,16020000.0,16020000.0,25.0,100.0,11.71
11230720,휘경1동,음식·음료,ISA,3,2,41630000,13876666.67,20815000.0,50.0,66.67,34.27
11230720,휘경1동,음식·음료,예금,2,1,74560000,37280000.0,74560000.0,33.33,33.33,61.38
11230720,휘경1동,음식·음료,펀드,1,1,5290000,5290000.0,5290000.0,16.67,33.33,4.35
11230720,휘경1동,전자기기·수리,예금,1,1,26890000,26890000.0,26890000.0,100.0,100.0,100.0
11230730,휘경2동,문화·취미·반려,ISA,2,1,20970000,10485000.0,20970000.0,40.0,100.0,62.6
11230730,휘경2동,문화·취미·반려,적금,2,1,6110000,3055000.0,6110000.0,40.0,100.0,18.24
11230730,휘경2동,문화·취미·반려,펀드,1,1,6420000,6420000.0,6420000.0,20.0,100.0,19.16
11230730,휘경2동,여가·오락,ISA,2,1,54770000,27385000.0,54770000.0,40.0,50.0,49.44
11230730,휘경2동,여가·오락,펀드,3,1,56020000,18673333.33,56020000.0,60.0,50.0,50.56
11230730,휘경2동,음식·음료,ISA,1,1,11670000,11670000.0,11670000.0,25.0,50.0,8.77
11230730,휘경2동,음식·음료,예금,3,1,121370000,40456666.67,121370000.0,75.0,50.0,91.23
11230740,이문1동,가구·인테리어,ISA,2,2,32080000,16040000.0,16040000.0,40.0,100.0,39.82
11230740,이문1동,가구·인테리어,예금,2,2,42570000,21285000.0,21285000.0,40.0,100.0,52.84
11230740,이문1동,가구·인테리어,적금,1,1,5920000,5920000.0,5920000.0,20.0,50.0,7.35
11230740,이문1동,식료품·편의소매,ISA,1,1,48730000,48730000.0,48730000.0,50.0,100.0,75.96
11230740,이문1동,식료품·편의소매,펀드,1,1,15420000,15420000.0,15420000.0,50.0,100.0,24.04
11230740,이문1동,여가·오락,ISA,2,1,21530000,10765000.0,21530000.0,66.67,100.0,87.17
11230740,이문1동,여가·오락,적금,1,1,3170000,3170000.0,3170000.0,33.33,100.0,12.83
11230740,이문1동,음식·음료,ISA,2,1,43080000,21540000.0,43080000.0,28.57,50.0,37.83
11230740,이문1동,음식·음료,예금,2,1,36060000,18030000.0,36060000.0,28.57,50.0,31.67
11230740,이문1동,음식·음료,적금,1,1,3750000,3750000.0,3750000.0,14.29,50.0,3.29
11230740,이문1동,음식·음료,펀드,2,1,30980000,15490000.0,30980000.0,28.57,50.0,27.21
11230740,이문1동,자동차·운송서비스,예금,1,1,53230000,53230000.0,53230000.0,50.0,100.0,88.47
11230740,이문1동,자동차·운송서비스,적금,1,1,6940000,6940000.0,6940000.0,50.0,100.0,11.53
11230750,이문2동,생활서비스,ISA,1,1,12130000,12130000.0,12130000.0,33.33,100.0,72.29
11230750,이문2동,생활서비스,적금,2,1,4650000,2325000.0,4650000.0,66.67,100.0,27.71
11230750,이문2동,숙박,적금,1,1,9040000,9040000.0,9040000.0,50.0,100.0,32.59
11230750,이문2동,숙박,펀드,1,1,18700000,18700000.0,18700000.0,50.0,100.0,67.41
11230750,이문2동,여가·오락,예금,2,1,105140000,52570000.0,105140000.0,50.0,100.0,80.21
11230750,이문2동,여가·오락,적금,1,1,4810000,4810000.0,4810000.0,25.0,100.0,3.67
11230750,이문2동,여가·오락,펀드,1,1,21130000,21130000.0,21130000.0,25.0,100.0,16.12
11260520,면목2동,음식·음료,예금,3,1,99690000,33230000.0,99690000.0,100.0,100.0,100.0
11260520,면목2동,전자기기·수리,ISA,1,1,23920000,23920000.0,23920000.0,20.0,100.0,17.29
11260520,면목2동,전자기기·수리,예금,3,1,112840000,37613333.33,112840000.0,60.0,100.0,81.54
11260520,면목2동,전자기기·수리,적금,1,1,1620000,1620000.0,1620000.0,20.0,100.0,1.17
11260540,면목4동,가구·인테리어,예금,2,1,57950000,28975000.0,57950000.0,50.0,50.0,71.81
11260540,면목4동,가구·인테리어,적금,1,1,9810000,9810000.0,9810000.0,25.0,50.0,12.16
11260540,면목4동,가구·인테리어,펀드,1,1,12940000,12940000.0,12940000.0,25.0,50.0,16.03
11260540,면목4동,여가·오락,ISA,1,1,31060000,31060000.0,31060000.0,7.14,50.0,20.67
11260540,면목4동,여가·오락,예금,1,1,63310000,63310000.0,63310000.0,7.14,50.0,42.13
11260540,면목4동,여가·오락,적금,9,2,34890000,3876666.67,17445000.0,64.29,100.0,23.22
11260540,면목4동,여가·오락,펀드,3,2,21000000,7000000.0,10500000.0,21.43,100.0,13.98
11260540,면목4동,전자기기·수리,ISA,1,1,23360000,23360000.0,23360000.0,33.33,100.0,50.33
11260540,면목4동,전자기기·수리,펀드,2,1,23050000,11525000.0,23050000.0,66.67,100.0,49.67
11260540,면목4동,패션·잡화,ISA,1,1,13520000,13520000.0,13520000.0,33.33,100.0,47.32
11260540,면목4동,패션·잡화,적금,1,1,4420000,4420000.0,4420000.0,33.33,100.0,15.47
11260540,면목4동,패션·잡화,펀드,1,1,10630000,10630000.0,10630000.0,33.33,100.0,37.21
11260550,면목5동,문화·취미·반려,ISA,1,1,28500000,28500000.0,28500000.0,33.33,100.0,71.0
11260550,면목5동,문화·취미·반려,적금,1,1,2720000,2720000.0,2720000.0,33.33,100.0,6.78
11260550,면목5동,문화·취미·반려,펀드,1,1,8920000,8920000.0,8920000.0,33.33,100.0,22.22
11260550,면목5동,미용·뷰티,ISA,1,1,24300000,24300000.0,24300000.0,100.0,100.0,100.0
11260550,면목5동,음식·음료,펀드,1,1,29540000,29540000.0,29540000.0,100.0,100.0,100.0
11260550,면목5동,자동차·운송서비스,ISA,1,1,6550000,6550000.0,6550000.0,50.0,100.0,62.32
11260550,면목5동,자동차·운송서비스,적금,1,1,3960000,3960000.0,3960000.0,50.0,100.0,37.68
11260565,면목본동,가구·인테리어,ISA,2,1,41000000,20500000.0,41000000.0,50.0,100.0,50.91
11260565,면목본동,가구·인테리어,예금,1,1,36280000,36280000.0,36280000.0,25.0,100.0,45.05
11260565,면목본동,가구·인테리어,적금,1,1,3260000,3260000.0,3260000.0,25.0,100.0,4.05
11260565,면목본동,문화·취미·반려,ISA,1,1,17890000,17890000.0,17890000.0,50.0,100.0,68.73
11260565,면목본동,문화·취미·반려,펀드,1,1,8140000,8140000.0,8140000.0,50.0,100.0,31.27
11260565,면목본동,생활서비스,ISA,4,1,84370000,21092500.0,84370000.0,44.44,50.0,42.4
11260565,면목본동,생활서비스,예금,1,1,31560000,31560000.0,31560000.0,11.11,50.0,15.86
11260565,면목본동,생활서비스,펀드,4,1,83040000,20760000.0,83040000.0,44.44,50.0,41.73
11260565,면목본동,숙박,적금,1,1,1870000,1870000.0,1870000.0,50.0,100.0,28.59
11260565,면목본동,숙박,펀드,1,1,4670000,4670000.0,4670000.0,50.0,100.0,71.41
11260565,면목본동,식료품·편의소매,예금,1,1,51840000,51840000.0,51840000.0,20.0,50.0,56.99
11260565,면목본동,식료품·편의소매,적금,2,2,9240000,4620000.0,4620000.0,40.0,100.0,10.16
11260565,면목본동,식료품·편의소매,펀드,2,2,29890000,14945000.0,14945000.0,40.0,100.0,32.86
11260565,면목본동,음식·음료,ISA,1,1,38090000,38090000.0,38090000.0,20.0,50.0,39.18
11260565,면목본동,음식·음료,적금,1,1,6140000,6140000.0,6140000.0,20.0,50.0,6.31
11260565,면목본동,음식·음료,펀드,3,2,53000000,17666666.67,26500000.0,60.0,100.0,54.51
11260565,면목본동,자동차·운송서비스,ISA,1,1,17720000,17720000.0,17720000.0,16.67,100.0,50.9
11260565,면목본동,자동차·운송서비스,적금,5,1,17090000,3418000.0,17090000.0,83.33,100.0,49.1
11260565,면목본동,전자기기·수리,ISA,1,1,32470000,32470000.0,32470000.0,33.33,100.0,63.88
11260565,면목본동,전자기기·수리,적금,1,1,5860000,5860000.0,5860000.0,33.33,100.0,11.53
11260565,면목본동,전자기기·수리,펀드,1,1,12500000,12500000.0,12500000.0,33.33,100.0,24.59
11260570,면목7동,생활서비스,ISA,1,1,24850000,24850000.0,24850000.0,25.0,100.0,19.65
11260570,면목7동,생활서비스,예금,2,1,76900000,38450000.0,76900000.0,50.0,100.0,60.82
11260570,면목7동,생활서비스,펀드,1,1,24690000,24690000.0,24690000.0,25.0,100.0,19.53
11260570,면목7동,전자기기·수리,예금,3,1,158950000,52983333.33,158950000.0,100.0,100.0,100.0
11260570,면목7동,패션·잡화,ISA,1,1,20680000,20680000.0,20680000.0,20.0,100.0,23.26
11260570,면목7동,패션·잡화,예금,2,1,44090000,22045000.0,44090000.0,40.0,100.0,49.6
11260570,면목7동,패션·잡화,펀드,2,1,24120000,12060000.0,24120000.0,40.0,100.0,27.13
11260575,면목3·8동,문화·취미·반려,ISA,2,1,35680000,17840000.0,35680000.0,66.67,100.0,70.25
11260575,면목3·8동,문화·취미·반려,펀드,1,1,15110000,15110000.0,15110000.0,33.33,100.0,29.75
11260575,면목3·8동,미용·뷰티,적금,1,1,7480000,7480000.0,7480000.0,50.0,100.0,61.82
11260575,면목3·8동,미용·뷰티,펀드,1,1,4620000,4620000.0,4620000.0,50.0,100.0,38.18
11260575,면목3·8동,생활서비스,ISA,1,1,21660000,21660000.0,21660000.0,33.33,100.0,72.54
11260575,면목3·8동,생활서비스,펀드,2,1,8200000,4100000.0,8200000.0,66.67,100.0,27.46
11260575,면목3·8동,자동차·운송서비스,적금,2,1,13110000,6555000.0,13110000.0,50.0,100.0,23.64
11260575,면목3·8동,자동차·운송서비스,펀드,2,1,42350000,21175000.0,42350000.0,50.0,100.0,76.36
11260580,상봉1동,미용·뷰티,적금,1,1,4350000,4350000.0,4350000.0,100.0,100.0,100.0
11260580,상봉1동,생활서비스,ISA,1,1,12450000,12450000.0,12450000.0,20.0,100.0,15.21
11260580,상봉1동,생활서비스,예금,2,1,63730000,31865000.0,63730000.0,40.0,100.0,77.86
11260580,상봉1동,생활서비스,적금,2,1,5670000,2835000.0,5670000.0,40.0,100.0,6.93
11260580,상봉1동,여가·오락,ISA,2,1,48420000,24210000.0,48420000.0,33.33,100.0,44.51
11260580,상봉1동,여가·오락,펀드,4,1,60360000,15090000.0,60360000.0,66.67,100.0,55.49
11260590,상봉2동,생활서비스,ISA,3,2,49650000,16550000.0,24825000.0,42.86,100.0,34.41
11260590,상봉2동,생활서비스,예금,3,1,75800000,25266666.67,75800000.0,42.86,50.0,52.53
11260590,상봉2동,생활서비스,펀드,1,1,18850000,18850000.0,18850000.0,14.29,50.0,13.06
11260590,상봉2동,숙박,예금,1,1,30740000,30740000.0,30740000.0,33.33,100.0,57.89
11260590,상봉2동,숙박,펀드,2,1,22360000,11180000.0,22360000.0,66.67,100.0,42.11
11260590,상봉2동,여가·오락,예금,1,1,38610000,38610000.0,38610000.0,50.0,100.0,89.98
11260590,상봉2동,여가·오락,펀드,1,1,4300000,4300000.0,4300000.0,50.0,100.0,10.02
11260590,상봉2동,자동차·운송서비스,예금,1,1,43470000,43470000.0,43470000.0,33.33,100.0,57.48
11260590,상봉2동,자동차·운송서비스,펀드,2,1,32160000,16080000.0,32160000.0,66.67,100.0,42.52
11260590,상봉2동,전자기기·수리,ISA,1,1,19250000,19250000.0,19250000.0,33.33,100.0,26.82
11260590,상봉2동,전자기기·수리,예금,1,1,29050000,29050000.0,29050000.0,33.33,100.0,40.48
11260590,상봉2동,전자기기·수리,펀드,1,1,23470000,23470000.0,23470000.0,33.33,100.0,32.7
11260590,상봉2동,패션·잡화,ISA,2,1,25650000,12825000.0,25650000.0,100.0,100.0,100.0
11260600,중화1동,가구·인테리어,ISA,1,1,29810000,29810000.0,29810000.0,25.0,100.0,30.21
11260600,중화1동,가구·인테리어,예금,2,1,52080000,26040000.0,52080000.0,50.0,100.0,52.77
11260600,중화1동,가구·인테리어,펀드,1,1,16800000,16800000.0,16800000.0,25.0,100.0,17.02
11260600,중화1동,문화·취미·반려,ISA,1,1,22820000,22820000.0,22820000.0,25.0,100.0,22.85
11260600,중화1동,문화·취미·반려,예금,2,1,68240000,34120000.0,68240000.0,50.0,100.0,68.34
11260600,중화1동,문화·취미·반려,적금,1,1,8800000,8800000.0,8800000.0,25.0,100.0,8.81
11260600,중화1동,식료품·편의소매,ISA,2,1,36010000,18005000.0,36010000.0,33.33,50.0,30.15
11260600,중화1동,식료품·편의소매,예금,3,2,75500000,25166666.67,37750000.0,50.0,100.0,63.22
11260600,중화1동,식료품·편의소매,펀드,1,1,7920000,7920000.0,7920000.0,16.67,50.0,6.63
11260600,중화1동,음식·음료,ISA,2,2,41010000,20505000.0,20505000.0,15.38,50.0,17.55
11260600,중화1동,음식·음료,예금,2,2,108180000,54090000.0,54090000.0,15.38,50.0,46.3
11260600,중화1동,음식·음료,적금,5,2,18060000,3612000.0,9030000.0,38.46,50.0,7.73
11260600,중화1동,음식·음료,펀드,4,2,66380000,16595000.0,33190000.0,30.77,50.0,28.41
11260600,중화1동,자동차·운송서비스,ISA,1,1,11330000,11330000.0,11330000.0,33.33,100.0,41.95
11260600,중화1동,자동차·운송서비스,적금,1,1,3400000,3400000.0,3400000.0,33.33,100.0,12.59
11260600,중화1동,자동차·운송서비스,펀드,1,1,12280000,12280000.0,12280000.0,33.33,100.0,45.46
11260600,중화1동,전자기기·수리,ISA,1,1,17800000,17800000.0,17800000.0,25.0,100.0,23.92
11260600,중화1동,전자기기·수리,예금,1,1,23310000,23310000.0,23310000.0,25.0,100.0,31.33
11260600,중화1동,전자기기·수리,펀드,2,1,33290000,16645000.0,33290000.0,50.0,100.0,44.74
11260600,중화1동,패션·잡화,예금,2,1,56390000,28195000.0,56390000.0,66.67,100.0,87.93
11260600,중화1동,패션·잡화,펀드,1,1,7740000,7740000.0,7740000.0,33.33,100.0,12.07
11260610,중화2동,가구·인테리어,예금,1,1,17920000,17920000.0,17920000.0,50.0,100.0,53.37
11260610,중화2동,가구·인테리어,펀드,1,1,15660000,15660000.0,15660000.0,50.0,100.0,46.63
11260610,중화2동,숙박,ISA,1,1,13690000,13690000.0,13690000.0,16.67,100.0,9.73
11260610,중화2동,숙박,예금,4,1,123710000,30927500.0,123710000.0,66.67,100.0,87.95
11260610,중화2동,숙박,적금,1,1,3260000,3260000.0,3260000.0,16.67,100.0,2.32
11260610,중화2동,식료품·편의소매,ISA,1,1,13730000,13730000.0,13730000.0,50.0,100.0,78.82
11260610,중화2동,식료품·편의소매,적금,1,1,3690000,3690000.0,3690000.0,50.0,100.0,21.18
11260610,중화2동,패션·잡화,예금,3,1,126700000,42233333.33,126700000.0,100.0,100.0,100.0
11260620,묵1동,문화·취미·반려,예금,1,1,37280000,37280000.0,37280000.0,50.0,100.0,51.09
11260620,묵1동,문화·취미·반려,펀드,1,1,35690000,35690000.0,35690000.0,50.0,100.0,48.91
11260620,묵1동,미용·뷰티,예금,1,1,18210000,18210000.0,18210000.0,100.0,100.0,100.0
11260620,묵1동,식료품·편의소매,예금,2,1,97600000,48800000.0,97600000.0,100.0,100.0,100.0
11260620,묵1동,여가·오락,ISA,3,1,38810000,12936666.67,38810000.0,75.0,100.0,96.35
11260620,묵1동,여가·오락,적금,1,1,1470000,1470000.0,1470000.0,25.0,100.0,3.65
11260620,묵1동,음식·음료,ISA,1,1,16670000,16670000.0,16670000.0,25.0,50.0,12.06
11260620,묵1동,음식·음료,예금,1,1,69350000,69350000.0,69350000.0,25.0,50.0,50.16
11260620,묵1동,음식·음료,펀드,2,1,52240000,26120000.0,52240000.0,50.0,50.0,37.78
11260620,묵1동,패션·잡화,ISA,2,2,25280000,12640000.0,12640000.0,40.0,100.0,17.18
11260620,묵1동,패션·잡화,예금,2,1,109020000,54510000.0,109020000.0,40.0,50.0,74.08
11260620,묵1동,패션·잡화,펀드,1,1,12860000,12860000.0,12860000.0,20.0,50.0,8.74
11260630,묵2동,식료품·편의소매,예금,3,1,143940000,47980000.0,143940000.0,75.0,100.0,96.17
11260630,묵2동,식료품·편의소매,적금,1,1,5730000,5730000.0,5730000.0,25.0,100.0,3.83
11260630,묵2동,자동차·운송서비스,예금,1,1,101040000,101040000.0,101040000.0,33.33,100.0,63.21
11260630,묵2동,자동차·운송서비스,펀드,2,1,58810000,29405000.0,58810000.0,66.67,100.0,36.79
11260630,묵2동,전자기기·수리,ISA,5,2,107770000,21554000.0,53885000.0,71.43,100.0,90.52
11260630,묵2동,전자기기·수리,적금,2,1,11290000,5645000.0,11290000.0,28.57,50.0,9.48
11260630,묵2동,패션·잡화,적금,1,1,3630000,3630000.0,3630000.0,50.0,100.0,25.46
11260630,묵2동,패션·잡화,펀드,1,1,10630000,10630000.0,10630000.0,50.0,100.0,74.54
11260655,망우본동,미용·뷰티,예금,1,1,56110000,56110000.0,56110000.0,100.0,100.0,100.0
11260655,망우본동,숙박,ISA,1,1,8380000,8380000.0,8380000.0,50.0,100.0,47.97
11260655,망우본동,숙박,펀드,1,1,9090000,9090000.0,9090000.0,50.0,100.0,52.03
11260655,망우본동,식료품·편의소매,예금,1,1,55710000,55710000.0,55710000.0,25.0,100.0,64.98
11260655,망우본동,식료품·편의소매,적금,2,1,12820000,6410000.0,12820000.0,50.0,100.0,14.95
11260655,망우본동,식료품·편의소매,펀드,1,1,17200000,17200000.0,17200000.0,25.0,100.0,20.06
11260655,망우본동,음식·음료,ISA,1,1,8330000,8330000.0,8330000.0,11.11,50.0,8.33
11260655,망우본동,음식·음료,예금,1,1,27820000,27820000.0,27820000.0,11.11,50.0,27.81
11260655,망우본동,음식·음료,적금,4,2,16600000,4150000.0,8300000.0,44.44,100.0,16.59
11260655,망우본동,음식·음료,펀드,3,2,47290000,15763333.33,23645000.0,33.33,100.0,47.27
11260655,망우본동,전자기기·수리,ISA,1,1,43970000,43970000.0,43970000.0,33.33,50.0,35.55
11260655,망우본동,전자기기·수리,예금,1,1,35430000,35430000.0,35430000.0,33.33,50.0,28.64
11260655,망우본동,전자기기·수리,펀드,1,1,44300000,44300000.0,44300000.0,33.33,50.0,35.81
11260660,망우3동,가구·인테리어,ISA,4,2,103270000,25817500.0,51635000.0,50.0,100.0,69.56
11260660,망우3동,가구·인테리어,적금,2,2,9080000,4540000.0,4540000.0,25.0,100.0,6.12
11260660,망우3동,가구·인테리어,펀드,2,2,36110000,18055000.0,18055000.0,25.0,100.0,24.32
11260660,망우3동,문화·취미·반려,예금,1,1,15090000,15090000.0,15090000.0,33.33,100.0,65.75
11260660,망우3동,문화·취미·반려,적금,2,1,7860000,3930000.0,7860000.0,66.67,100.0,34.25
11260660,망우3동,음식·음료,ISA,2,1,21100000,10550000.0,21100000.0,66.67,100.0,79.26
11260660,망우3동,음식·음료,적금,1,1,5520000,5520000.0,5520000.0,33.33,100.0,20.74
11260660,망우3동,자동차·운송서비스,ISA,2,1,31850000,15925000.0,31850000.0,100.0,100.0,100.0
11260680,신내1동,여가·오락,예금,1,1,49140000,49140000.0,49140000.0,33.33,100.0,85.98
11260680,신내1동,여가·오락,적금,2,1,8010000,4005000.0,8010000.0,66.67,100.0,14.02
11260680,신내1동,음식·음료,ISA,2,1,27660000,13830000.0,27660000.0,40.0,100.0,36.62
11260680,신내1동,음식·음료,예금,2,1,36710000,18355000.0,36710000.0,40.0,100.0,48.6
11260680,신내1동,음식·음료,펀드,1,1,11170000,11170000.0,11170000.0,20.0,100.0,14.79
11260680,신내1동,전자기기·수리,ISA,3,1,57490000,19163333.33,57490000.0,75.0,100.0,75.6
11260680,신내1동,전자기기·수리,펀드,1,1,18550000,18550000.0,18550000.0,25.0,100.0,24.4
11260690,신내2동,식료품·편의소매,ISA,1,1,9210000,9210000.0,9210000.0,50.0,100.0,59.57
11260690,신내2동,식료품·편의소매,적금,1,1,6250000,6250000.0,6250000.0,50.0,100.0,40.43
11260690,신내2동,여가·오락,예금,3,1,100860000,33620000.0,100860000.0,50.0,100.0,84.25
11260690,신내2동,여가·오락,적금,2,1,11220000,5610000.0,11220000.0,33.33,100.0,9.37
11260690,신내2동,여가·오락,펀드,1,1,7640000,7640000.0,7640000.0,16.67,100.0,6.38
11260690,신내2동,음식·음료,예금,1,1,74170000,74170000.0,74170000.0,50.0,100.0,78.96
11260690,신내2동,음식·음료,펀드,1,1,19760000,19760000.0,19760000.0,50.0,100.0,21.04
11290525,성북동,가구·인테리어,ISA,1,1,36240000,36240000.0,36240000.0,20.0,50.0,27.08
11290525,성북동,가구·인테리어,예금,2,1,92710000,46355000.0,92710000.0,40.0,50.0,69.28
11290525,성북동,가구·인테리어,적금,2,2,4860000,2430000.0,2430000.0,40.0,100.0,3.63
11290525,성북동,식료품·편의소매,ISA,1,1,20570000,20570000.0,20570000.0,50.0,100.0,31.14
11290525,성북동,식료품·편의소매,예금,1,1,45490000,45490000.0,45490000.0,50.0,100.0,68.86
11290525,성북동,음식·음료,ISA,1,1,16800000,16800000.0,16800000.0,16.67,100.0,21.85
11290525,성북동,음식·음료,적금,1,1,2910000,2910000.0,2910000.0,16.67,100.0,3.78
11290525,성북동,음식·음료,펀드,4,1,57180000,14295000.0,57180000.0,66.67,100.0,74.37
11290555,삼선동,문화·취미·반려,ISA,1,1,13400000,13400000.0,13400000.0,25.0,100.0,30.25
11290555,삼선동,문화·취미·반려,펀드,3,1,30900000,10300000.0,30900000.0,75.0,100.0,69.75
11290555,삼선동,숙박,ISA,2,1,23770000,11885000.0,23770000.0,66.67,100.0,76.09
11290555,삼선동,숙박,펀드,1,1,7470000,7470000.0,7470000.0,33.33,100.0,23.91
11290555,삼선동,음식·음료,ISA,9,3,196760000,21862222.22,65586666.67,47.37,60.0,45.49
11290555,삼선동,음식·음료,예금,5,5,189630000,37926000.0,37926000.0,26.32,100.0,43.84
11290555,삼선동,음식·음료,적금,2,2,6830000,3415000.0,3415000.0,10.53,40.0,1.58
11290555,삼선동,음식·음료,펀드,3,2,39290000,13096666.67,19645000.0,15.79,40.0,9.08
11290555,삼선동,자동차·운송서비스,ISA,1,1,20900000,20900000.0,20900000.0,33.33,100.0,28.93
11290555,삼선동,자동차·운송서비스,예금,1,1,40180000,40180000.0,40180000.0,33.33,100.0,55.61
11290555,삼선동,자동차·운송서비스,펀드,1,1,11170000,11170000.0,11170000.0,33.33,100.0,15.46
11290555,삼선동,전자기기·수리,예금,2,1,54410000,27205000.0,54410000.0,50.0,50.0,60.36
11290555,삼선동,전자기기·수리,펀드,2,2,35730000,17865000.0,17865000.0,50.0,100.0,39.64
11290555,삼선동,패션·잡화,ISA,3,1,42380000,14126666.67,42380000.0,100.0,100.0,100.0
11290575,동선동,문화·취미·반려,예금,3,2,97170000,32390000.0,48585000.0,75.0,100.0,94.39
11290575,동선동,문화·취미·반려,적금,1,1,5770000,5770000.0,5770000.0,25.0,50.0,5.61
11290575,동선동,미용·뷰티,ISA,1,1,25730000,25730000.0,25730000.0,10.0,33.33,10.28
11290575,동선동,미용·뷰티,예금,4,1,159460000,39865000.0,159460000.0,40.0,33.33,63.69
11290575,동선동,미용·뷰티,적금,2,1,9030000,4515000.0,9030000.0,20.0,33.33,3.61
11290575,동선동,미용·뷰티,펀드,3,2,56160000,18720000.0,28080000.0,30.0,66.67,22.43
11290575,동선동,숙박,ISA,1,1,25410000,25410000.0,25410000.0,33.33,100.0,66.82
11290575,동선동,숙박,적금,1,1,3100000,3100000.0,3100000.0,33.33,100.0,8.15
11290575,동선동,숙박,펀드,1,1,9520000,9520000.0,9520000.0,33.33,100.0,25.03
11290575,동선동,식료품·편의소매,ISA,2,1,25500000,12750000.0,25500000.0,66.67,100.0,85.2
11290575,동선동,식료품·편의소매,적금,1,1,4430000,4430000.0,4430000.0,33.33,100.0,14.8
11290575,동선동,여가·오락,ISA,1,1,40570000,40570000.0,40570000.0,33.33,100.0,46.51
11290575,동선동,여가·오락,예금,1,1,33940000,33940000.0,33940000.0,33.33,100.0,38.91
11290575,동선동,여가·오락,적금,1,1,12710000,12710000.0,12710000.0,33.33,100.0,14.57
11290580,돈암1동,미용·뷰티,ISA,1,1,39380000,39380000.0,39380000.0,20.0,100.0,19.96
11290580,돈암1동,미용·뷰티,예금,4,1,157910000,39477500.0,157910000.0,80.0,100.0,80.04
11290580,돈암1동,음식·음료,ISA,1,1,17150000,17150000.0,17150000.0,33.33,100.0,59.28
11290580,돈암1동,음식·음료,적금,1,1,4650000,4650000.0,4650000.0,33.33,100.0,16.07
11290580,돈암1동,음식·음료,펀드,1,1,7130000,7130000.0,7130000.0,33.33,100.0,24.65
11290580,돈암1동,패션·잡화,예금,2,1,44830000,22415000.0,44830000.0,50.0,100.0,78.33
11290580,돈암1동,패션·잡화,적금,1,1,3330000,3330000.0,3330000.0,25.0,100.0,5.82
11290580,돈암1동,패션·잡화,펀드,1,1,9070000,9070000.0,9070000.0,25.0,100.0,15.85
11290590,돈암2동,생활서비스,ISA,1,1,20190000,20190000.0,20190000.0,100.0,100.0,100.0
11290590,돈암2동,식료품·편의소매,예금,2,1,44580000,22290000.0,44580000.0,50.0,100.0,76.02
11290590,돈암2동,식료품·편의소매,적금,1,1,3780000,3780000.0,3780000.0,25.0,100.0,6.45
11290590,돈암2동,식료품·편의소매,펀드,1,1,10280000,10280000.0,10280000.0,25.0,100.0,17.53
11290590,돈암2동,음식·음료,ISA,2,1,28570000,14285000.0,28570000.0,50.0,100.0,45.66
11290590,돈암2동,음식·음료,펀드,2,1,34000000,17000000.0,34000000.0,50.0,100.0,54.34
11290590,돈암2동,패션·잡화,예금,1,1,50290000,50290000.0,50290000.0,100.0,100.0,100.0
11290600,안암동,미용·뷰티,ISA,1,1,17010000,17010000.0,17010000.0,50.0,100.0,77.6
11290600,안암동,미용·뷰티,적금,1,1,4910000,4910000.0,4910000.0,50.0,100.0,22.4
11290600,안암동,자동차·운송서비스,ISA,2,1,15940000,7970000.0,15940000.0,33.33,100.0,50.16
11290600,안암동,자동차·운송서비스,적금,3,1,7300000,2433333.33,7300000.0,50.0,100.0,22.97
11290600,안암동,자동차·운송서비스,펀드,1,1,8540000,8540000.0,8540000.0,16.67,100.0,26.87
11290600,안암동,전자기기·수리,예금,2,1,132380000,66190000.0,132380000.0,100.0,100.0,100.0
11290610,보문동,가구·인테리어,예금,2,1,71220000,35610000.0,71220000.0,50.0,100.0,61.67
11290610,보문동,가구·인테리어,펀드,2,1,44260000,22130000.0,44260000.0,50.0,100.0,38.33
11290610,보문동,미용·뷰티,ISA,1,1,32340000,32340000.0,32340000.0,100.0,100.0,100.0
11290610,보문동,숙박,적금,1,1,1720000,1720000.0,1720000.0,50.0,100.0,18.47
11290610,보문동,숙박,펀드,1,1,7590000,7590000.0,7590000.0,50.0,100.0,81.53
11290610,보문동,자동차·운송서비스,적금,2,1,7570000,3785000.0,7570000.0,100.0,100.0,100.0
11290620,정릉1동,미용·뷰티,예금,2,1,96480000,48240000.0,96480000.0,50.0,100.0,76.02
11290620,정릉1동,미용·뷰티,펀드,2,1,30440000,15220000.0,30440000.0,50.0,100.0,23.98
11290620,정릉1동,음식·음료,ISA,1,1,38390000,38390000.0,38390000.0,25.0,50.0,49.3
11290620,정릉1동,음식·음료,예금,2,1,33500000,16750000.0,33500000.0,50.0,50.0,43.02
11290620,정릉1동,음식·음료,적금,1,1,5980000,5980000.0,5980000.0,25.0,50.0,7.68
11290620,정릉1동,패션·잡화,ISA,2,2,92810000,46405000.0,46405000.0,40.0,100.0,55.66
11290620,정릉1동,패션·잡화,예금,1,1,30970000,30970000.0,30970000.0,20.0,50.0,18.57
11290620,정릉1동,패션·잡화,펀드,2,2,42950000,21475000.0,21475000.0,40.0,100.0,25.76
11290630,정릉2동,가구·인테리어,ISA,1,1,41300000,41300000.0,41300000.0,33.33,100.0,38.88
11290630,정릉2동,가구·인테리어,예금,1,1,58930000,58930000.0,58930000.0,33.33,100.0,55.48
11290630,정릉2동,가구·인테리어,적금,1,1,5990000,5990000.0,5990000.0,33.33,100.0,5.64
11290630,정릉2동,미용·뷰티,예금,1,1,43800000,43800000.0,43800000.0,100.0,100.0,100.0
11290630,정릉2동,식료품·편의소매,ISA,3,1,43950000,14650000.0,43950000.0,75.0,100.0,81.9
11290630,정릉2동,식료품·편의소매,펀드,1,1,9710000,9710000.0,9710000.0,25.0,100.0,18.1
11290630,정릉2동,패션·잡화,ISA,5,2,110990000,22198000.0,55495000.0,71.43,100.0,87.7
11290630,정릉2동,패션·잡화,적금,1,1,5690000,5690000.0,5690000.0,14.29,50.0,4.5
11290630,정릉2동,패션·잡화,펀드,1,1,9870000,9870000.0,9870000.0,14.29,50.0,7.8
11290640,정릉3동,문화·취미·반려,펀드,1,1,15550000,15550000.0,15550000.0,100.0,100.0,100.0
11290640,정릉3동,미용·뷰티,ISA,1,1,14940000,14940000.0,14940000.0,33.33,100.0,43.13
11290640,정릉3동,미용·뷰티,적금,1,1,4120000,4120000.0,4120000.0,33.33,100.0,11.89
11290640,정릉3동,미용·뷰티,펀드,1,1,15580000,15580000.0,15580000.0,33.33,100.0,44.98
11290640,정릉3동,식료품·편의소매,ISA,1,1,27500000,27500000.0,27500000.0,100.0,100.0,100.0
11290640,정릉3동,여가·오락,펀드,1,1,10030000,10030000.0,10030000.0,100.0,100.0,100.0
11290640,정릉3동,음식·음료,펀드,1,1,26160000,26160000.0,26160000.0,100.0,100.0,100.0
11290640,정릉3동,자동차·운송서비스,적금,1,1,5560000,5560000.0,5560000.0,100.0,100.0,100.0
11290650,정릉4동,가구·인테리어,적금,2,1,7360000,3680000.0,7360000.0,100.0,100.0,100.0
11290650,정릉4동,문화·취미·반려,예금,1,1,19460000,19460000.0,19460000.0,50.0,100.0,91.58
11290650,정릉4동,문화·취미·반려,적금,1,1,1790000,1790000.0,1790000.0,50.0,100.0,8.42
11290650,정릉4동,미용·뷰티,예금,2,1,40020000,20010000.0,40020000.0,66.67,100.0,95.95
11290650,정릉4동,미용·뷰티,적금,1,1,1690000,1690000.0,1690000.0,33.33,100.0,4.05
11290660,길음1동,생활서비스,ISA,1,1,8480000,8480000.0,8480000.0,25.0,100.0,28.95
11290660,길음1동,생활서비스,예금,1,1,13490000,13490000.0,13490000.0,25.0,100.0,46.06
11290660,길음1동,생활서비스,적금,1,1,1910000,1910000.0,1910000.0,25.0,100.0,6.52
11290660,길음1동,생활서비스,펀드,1,1,5410000,5410000.0,5410000.0,25.0,100.0,18.47
11290660,길음1동,음식·음료,ISA,1,1,94320000,94320000.0,94320000.0,20.0,50.0,37.29
11290660,길음1동,음식·음료,예금,3,2,152250000,50750000.0,76125000.0,60.0,100.0,60.19
11290660,길음1동,음식·음료,펀드,1,1,6380000,6380000.0,6380000.0,20.0,50.0,2.52
11290685,길음2동,자동차·운송서비스,ISA,2,1,31190000,15595000.0,31190000.0,50.0,100.0,54.76
11290685,길음2동,자동차·운송서비스,예금,1,1,19730000,19730000.0,19730000.0,25.0,100.0,34.64
11290685,길음2동,자동차·운송서비스,적금,1,1,6040000,6040000.0,6040000.0,25.0,100.0,10.6
11290685,길음2동,패션·잡화,ISA,1,1,6570000,6570000.0,6570000.0,25.0,100.0,13.26
11290685,길음2동,패션·잡화,예금,2,1,36090000,18045000.0,36090000.0,50.0,100.0,72.82
11290685,길음2동,패션·잡화,펀드,1,1,6900000,6900000.0,6900000.0,25.0,100.0,13.92
11290705,종암동,가구·인테리어,ISA,1,1,32730000,32730000.0,32730000.0,25.0,50.0,85.97
11290705,종암동,가구·인테리어,적금,3,1,5340000,1780000.0,5340000.0,75.0,50.0,14.03
11290705,종암동,식료품·편의소매,ISA,2,1,18080000,9040000.0,18080000.0,50.0,50.0,42.17
11290705,종암동,식료품·편의소매,적금,1,1,1950000,1950000.0,1950000.0,25.0,50.0,4.55
11290705,종암동,식료품·편의소매,펀드,1,1,22840000,22840000.0,22840000.0,25.0,50.0,53.28
11290705,종암동,여가·오락,예금,2,1,53750000,26875000.0,53750000.0,100.0,100.0,100.0
11290705,종암동,자동차·운송서비스,예금,1,1,17520000,17520000.0,17520000.0,16.67,50.0,13.78
11290705,종암동,자동차·운송서비스,적금,2,2,13830000,6915000.0,6915000.0,33.33,100.0,10.88
11290705,종암동,자동차·운송서비스,펀드,3,2,95770000,31923333.33,47885000.0,50.0,100.0,75.34
11290705,종암동,패션·잡화,ISA,2,1,39290000,19645000.0,39290000.0,40.0,100.0,43.87
11290705,종암동,패션·잡화,예금,1,1,28160000,28160000.0,28160000.0,20.0,100.0,31.44
11290705,종암동,패션·잡화,적금,1,1,4960000,4960000.0,4960000.0,20.0,100.0,5.54
11290705,종암동,패션·잡화,펀드,1,1,17150000,17150000.0,17150000.0,20.0,100.0,19.15
11290715,월곡1동,가구·인테리어,ISA,1,1,25470000,25470000.0,25470000.0,50.0,100.0,81.9
11290715,월곡1동,가구·인테리어,적금,1,1,5630000,5630000.0,5630000.0,50.0,100.0,18.1
11290715,월곡1동,미용·뷰티,ISA,2,2,40280000,20140000.0,20140000.0,25.0,100.0,33.15
11290715,월곡1동,미용·뷰티,예금,2,2,41720000,20860000.0,20860000.0,25.0,100.0,34.34
11290715,월곡1동,미용·뷰티,적금,1,1,4800000,4800000.0,4800000.0,12.5,50.0,3.95
11290715,월곡1동,미용·뷰티,펀드,3,2,34700000,11566666.67,17350000.0,37.5,100.0,28.56
11290715,월곡1동,여가·오락,ISA,1,1,10370000,10370000.0,10370000.0,50.0,100.0,41.8
11290715,월곡1동,여가·오락,펀드,1,1,14440000,14440000.0,14440000.0,50.0,100.0,58.2
11290715,월곡1동,음식·음료,적금,1,1,4920000,4920000.0,4920000.0,100.0,100.0,100.0
11290715,월곡1동,자동차·운송서비스,예금,1,1,33260000,33260000.0,33260000.0,50.0,100.0,82.78
11290715,월곡1동,자동차·운송서비스,적금,1,1,6920000,6920000.0,6920000.0,50.0,100.0,17.22
11290725,월곡2동,미용·뷰티,예금,1,1,48780000,48780000.0,48780000.0,14.29,100.0,44.08
11290725,월곡2동,미용·뷰티,적금,3,1,12700000,4233333.33,12700000.0,42.86,100.0,11.48
11290725,월곡2동,미용·뷰티,펀드,3,1,49190000,16396666.67,49190000.0,42.86,100.0,44.45
11290725,월곡2동,음식·음료,ISA,1,1,37410000,37410000.0,37410000.0,50.0,100.0,85.41
11290725,월곡2동,음식·음료,적금,1,1,6390000,6390000.0,6390000.0,50.0,100.0,14.59
11290725,월곡2동,패션·잡화,예금,1,1,43890000,43890000.0,43890000.0,50.0,100.0,72.74
11290725,월곡2동,패션·잡화,펀드,1,1,16450000,16450000.0,16450000.0,50.0,100.0,27.26
11290760,장위1동,문화·취미·반려,ISA,1,1,15710000,15710000.0,15710000.0,20.0,100.0,11.25
11290760,장위1동,문화·취미·반려,예금,2,1,91630000,45815000.0,91630000.0,40.0,100.0,65.61
11290760,장위1동,문화·취미·반려,펀드,2,1,32320000,16160000.0,32320000.0,40.0,100.0,23.14
11290760,장위1동,생활서비스,적금,3,1,7630000,2543333.33,7630000.0,100.0,100.0,100.0
11290760,장위1동,식료품·편의소매,적금,2,1,10270000,5135000.0,10270000.0,50.0,100.0,31.53
11290760,장위1동,식료품·편의소매,펀드,2,1,22300000,11150000.0,22300000.0,50.0,100.0,68.47
11290760,장위1동,여가·오락,ISA,1,1,31340000,31340000.0,31340000.0,100.0,100.0,100.0
11290760,장위1동,음식·음료,적금,2,1,11230000,5615000.0,11230000.0,100.0,100.0,100.0
11290770,장위2동,가구·인테리어,ISA,1,1,35100000,35100000.0,35100000.0,16.67,50.0,19.7
11290770,장위2동,가구·인테리어,예금,2,2,72910000,36455000.0,36455000.0,33.33,100.0,40.93
11290770,장위2동,가구·인테리어,적금,2,1,13650000,6825000.0,13650000.0,33.33,50.0,7.66
11290770,장위2동,가구·인테리어,펀드,1,1,56480000,56480000.0,56480000.0,16.67,50.0,31.71
11290770,장위2동,미용·뷰티,예금,2,1,85610000,42805000.0,85610000.0,66.67,100.0,83.05
11290770,장위2동,미용·뷰티,펀드,1,1,17470000,17470000.0,17470000.0,33.33,100.0,16.95
11290770,장위2동,여가·오락,ISA,1,1,17160000,17160000.0,17160000.0,33.33,100.0,38.54
11290770,장위2동,여가·오락,펀드,2,1,27370000,13685000.0,27370000.0,66.67,100.0,61.46
11290770,장위2동,음식·음료,예금,2,1,85230000,42615000.0,85230000.0,66.67,100.0,83.82
11290770,장위2동,음식·음료,펀드,1,1,16450000,16450000.0,16450000.0,33.33,100.0,16.18
11290770,장위2동,자동차·운송서비스,적금,2,1,6990000,3495000.0,6990000.0,100.0,100.0,100.0
11290780,장위3동,문화·취미·반려,ISA,2,1,41060000,20530000.0,41060000.0,100.0,100.0,100.0
11290780,장위3동,미용·뷰티,예금,1,1,24680000,24680000.0,24680000.0,50.0,100.0,68.16
11290780,장위3동,미용·뷰티,펀드,1,1,11530000,11530000.0,11530000.0,50.0,100.0,31.84
11290780,장위3동,음식·음료,ISA,1,1,29320000,29320000.0,29320000.0,33.33,100.0,55.28
11290780,장위3동,음식·음료,예금,1,1,17430000,17430000.0,17430000.0,33.33,100.0,32.86
11290780,장위3동,음식·음료,적금,1,1,6290000,6290000.0,6290000.0,33.33,100.0,11.86
11290810,석관동,문화·취미·반려,예금,1,1,41510000,41510000.0,41510000.0,25.0,100.0,47.65
11290810,석관동,문화·취미·반려,적금,1,1,3690000,3690000.0,3690000.0,25.0,100.0,4.24
11290810,석관동,문화·취미·반려,펀드,2,1,41910000,20955000.0,41910000.0,50.0,100.0,48.11
11290810,석관동,미용·뷰티,ISA,1,1,6560000,6560000.0,6560000.0,33.33,100.0,17.97
11290810,석관동,미용·뷰티,적금,1,1,3730000,3730000.0,3730000.0,33.33,100.0,10.22
11290810,석관동,미용·뷰티,펀드,1,1,26210000,26210000.0,26210000.0,33.33,100.0,71.81
11290810,석관동,생활서비스,예금,6,3,236250000,39375000.0,78750000.0,54.55,100.0,83.05
11290810,석관동,생활서비스,적금,3,3,22130000,7376666.67,7376666.67,27.27,100.0,7.78
11290810,석관동,생활서비스,펀드,2,1,26100000,13050000.0,26100000.0,18.18,33.33,9.17
11290810,석관동,식료품·편의소매,ISA,4,2,71540000,17885000.0,35770000.0,36.36,100.0,52.01
11290810,석관동,식료품·편의소매,적금,4,2,15000000,3750000.0,7500000.0,36.36,100.0,10.91
11290810,석관동,식료품·편의소매,펀드,3,1,51010000,17003333.33,51010000.0,27.27,50.0,37.08
11290810,석관동,음식·음료,예금,1,1,23690000,23690000.0,23690000.0,100.0,100.0,100.0
11290810,석관동,자동차·운송서비스,펀드,1,1,12910000,12910000.0,12910000.0,100.0,100.0,100.0
11290810,석관동,패션·잡화,ISA,4,2,62980000,15745000.0,31490000.0,57.14,100.0,69.45
11290810,석관동,패션·잡화,적금,1,1,5230000,5230000.0,5230000.0,14.29,50.0,5.77
11290810,석관동,패션·잡화,펀드,2,1,22470000,11235000.0,22470000.0,28.57,50.0,24.78
11305534,삼양동,문화·취미·반려,예금,1,1,44100000,44100000.0,44100000.0,50.0,100.0,71.09
11305534,삼양동,문화·취미·반려,펀드,1,1,17930000,17930000.0,17930000.0,50.0,100.0,28.91
11305534,삼양동,숙박,예금,2,1,143170000,71585000.0,143170000.0,50.0,100.0,72.76
11305534,삼양동,숙박,펀드,2,1,53590000,26795000.0,53590000.0,50.0,100.0,27.24
11305535,미아동,생활서비스,예금,2,1,47280000,23640000.0,47280000.0,50.0,100.0,70.98
11305535,미아동,생활서비스,적금,1,1,12970000,12970000.0,12970000.0,25.0,100.0,19.47
11305535,미아동,생활서비스,펀드,1,1,6360000,6360000.0,6360000.0,25.0,100.0,9.55
11305535,미아동,숙박,예금,3,3,112150000,37383333.33,37383333.33,27.27,100.0,60.38
11305535,미아동,숙박,적금,5,3,30060000,6012000.0,10020000.0,45.45,100.0,16.18
11305535,미아동,숙박,펀드,3,3,43530000,14510000.0,14510000.0,27.27,100.0,23.44
11305535,미아동,여가·오락,적금,1,1,10520000,10520000.0,10520000.0,33.33,100.0,23.42
11305535,미아동,여가·오락,펀드,2,1,34400000,17200000.0,34400000.0,66.67,100.0,76.58
11305535,미아동,자동차·운송서비스,ISA,4,2,85720000,21430000.0,42860000.0,44.44,100.0,49.25
11305535,미아동,자동차·운송서비스,예금,2,1,74090000,37045000.0,74090000.0,22.22,50.0,42.57
11305535,미아동,자동차·운송서비스,적금,3,2,14250000,4750000.0,7125000.0,33.33,100.0,8.19
11305545,송중동,문화·취미·반려,예금,1,1,45220000,45220000.0,45220000.0,20.0,50.0,51.12
11305545,송중동,문화·취미·반려,적금,1,1,4880000,4880000.0,4880000.0,20.0,50.0,5.52
11305545,송중동,문화·취미·반려,펀드,3,2,38350000,12783333.33,19175000.0,60.0,100.0,43.36
11305545,송중동,미용·뷰티,ISA,1,1,30140000,30140000.0,30140000.0,50.0,100.0,61.12
11305545,송중동,미용·뷰티,펀드,1,1,19170000,19170000.0,19170000.0,50.0,100.0,38.88
11305545,송중동,식료품·편의소매,ISA,1,1,9970000,9970000.0,9970000.0,50.0,100.0,77.29
11305545,송중동,식료품·편의소매,적금,1,1,2930000,2930000.0,2930000.0,50.0,100.0,22.71
11305545,송중동,음식·음료,적금,1,1,4110000,4110000.0,4110000.0,50.0,100.0,15.65
11305545,송중동,음식·음료,펀드,1,1,22160000,22160000.0,22160000.0,50.0,100.0,84.35
11305555,송천동,자동차·운송서비스,ISA,1,1,43260000,43260000.0,43260000.0,25.0,50.0,34.61
11305555,송천동,자동차·운송서비스,예금,3,2,81750000,27250000.0,40875000.0,75.0,100.0,65.39
11305555,송천동,패션·잡화,예금,3,1,102770000,34256666.67,102770000.0,100.0,100.0,100.0
11305575,삼각산동,여가·오락,ISA,1,1,12680000,12680000.0,12680000.0,50.0,100.0,57.85
11305575,삼각산동,여가·오락,펀드,1,1,9240000,9240000.0,9240000.0,50.0,100.0,42.15
11305575,삼각산동,패션·잡화,ISA,1,1,7540000,7540000.0,7540000.0,12.5,50.0,11.88
11305575,삼각산동,패션·잡화,예금,1,1,17230000,17230000.0,17230000.0,12.5,50.0,27.15
11305575,삼각산동,패션·잡화,적금,5,2,14500000,2900000.0,7250000.0,62.5,100.0,22.85
11305575,삼각산동,패션·잡화,펀드,1,1,24190000,24190000.0,24190000.0,12.5,50.0,38.12
11305595,번1동,문화·취미·반려,펀드,1,1,8590000,8590000.0,8590000.0,100.0,100.0,100.0
11305595,번1동,음식·음료,ISA,4,2,48000000,12000000.0,24000000.0,33.33,100.0,36.54
11305595,번1동,음식·음료,예금,1,1,21950000,21950000.0,21950000.0,8.33,50.0,16.71
11305595,번1동,음식·음료,적금,2,2,7120000,3560000.0,3560000.0,16.67,100.0,5.42
11305595,번1동,음식·음료,펀드,5,2,54280000,10856000.0,27140000.0,41.67,100.0,41.32
11305595,번1동,자동차·운송서비스,ISA,1,1,14150000,14150000.0,14150000.0,33.33,100.0,27.82
11305595,번1동,자동차·운송서비스,예금,1,1,32330000,32330000.0,32330000.0,33.33,100.0,63.55
11305595,번1동,자동차·운송서비스,적금,1,1,4390000,4390000.0,4390000.0,33.33,100.0,8.63
11305603,번2동,미용·뷰티,ISA,2,1,15530000,7765000.0,15530000.0,66.67,100.0,53.24
11305603,번2동,미용·뷰티,예금,1,1,13640000,13640000.0,13640000.0,33.33,100.0,46.76
11305603,번2동,음식·음료,적금,4,2,17290000,4322500.0,8645000.0,80.0,100.0,50.72
11305603,번2동,음식·음료,펀드,1,1,16800000,16800000.0,16800000.0,20.0,50.0,49.28
11305603,번2동,전자기기·수리,ISA,1,1,11560000,11560000.0,11560000.0,20.0,50.0,13.23
11305603,번2동,전자기기·수리,펀드,4,2,75820000,18955000.0,37910000.0,80.0,100.0,86.77
11305608,번3동,미용·뷰티,예금,1,1,30820000,30820000.0,30820000.0,14.29,50.0,41.38
11305608,번3동,미용·뷰티,적금,1,1,1360000,1360000.0,1360000.0,14.29,50.0,1.83
11305608,번3동,미용·뷰티,펀드,5,2,42300000,8460000.0,21150000.0,71.43,100.0,56.79
11305608,번3동,음식·음료,ISA,1,1,30370000,30370000.0,30370000.0,25.0,100.0,40.47
11305608,번3동,음식·음료,펀드,3,1,44680000,14893333.33,44680000.0,75.0,100.0,59.53
11305608,번3동,전자기기·수리,ISA,2,1,34070000,17035000.0,34070000.0,100.0,100.0,100.0
11305608,번3동,패션·잡화,예금,1,1,97720000,97720000.0,97720000.0,33.33,50.0,88.01
11305608,번3동,패션·잡화,적금,1,1,3300000,3300000.0,3300000.0,33.33,50.0,2.97
11305608,번3동,패션·잡화,펀드,1,1,10010000,10010000.0,10010000.0,33.33,50.0,9.02
11305615,수유1동,숙박,예금,1,1,30770000,30770000.0,30770000.0,14.29,33.33,31.16
11305615,수유1동,숙박,적금,2,2,18690000,9345000.0,9345000.0,28.57,66.67,18.93
11305615,수유1동,숙박,펀드,4,3,49290000,12322500.0,16430000.0,57.14,100.0,49.91
11305615,수유1동,여가·오락,ISA,1,1,27920000,27920000.0,27920000.0,25.0,100.0,30.28
11305615,수유1동,여가·오락,예금,1,1,49150000,49150000.0,49150000.0,25.0,100.0,53.3
11305615,수유1동,여가·오락,적금,2,1,15150000,7575000.0,15150000.0,50.0,100.0,16.43
11305615,수유1동,음식·음료,적금,1,1,3100000,3100000.0,3100000.0,33.33,100.0,5.88
11305615,수유1동,음식·음료,펀드,2,1,49590000,24795000.0,49590000.0,66.67,100.0,94.12
11305615,수유1동,자동차·운송서비스,예금,2,1,68720000,34360000.0,68720000.0,100.0,100.0,100.0
11305615,수유1동,전자기기·수리,적금,3,1,8980000,2993333.33,8980000.0,100.0,100.0,100.0
11305615,수유1동,패션·잡화,ISA,2,1,31560000,15780000.0,31560000.0,33.33,50.0,26.84
11305615,수유1동,패션·잡화,예금,2,2,77590000,38795000.0,38795000.0,33.33,100.0,65.98
11305615,수유1동,패션·잡화,적금,2,1,8450000,4225000.0,8450000.0,33.33,50.0,7.19
11305625,수유2동,문화·취미·반려,적금,1,1,2630000,2630000.0,2630000.0,50.0,100.0,10.85
11305625,수유2동,문화·취미·반려,펀드,1,1,21600000,21600000.0,21600000.0,50.0,100.0,89.15
11305625,수유2동,생활서비스,ISA,2,1,22560000,11280000.0,22560000.0,66.67,100.0,91.48
11305625,수유2동,생활서비스,적금,1,1,2100000,2100000.0,2100000.0,33.33,100.0,8.52
11305625,수유2동,여가·오락,ISA,5,1,150700000,30140000.0,150700000.0,71.43,100.0,72.9
11305625,수유2동,여가·오락,펀드,2,1,56020000,28010000.0,56020000.0,28.57,100.0,27.1
11305625,수유2동,음식·음료,예금,1,1,40150000,40150000.0,40150000.0,33.33,100.0,74.8
11305625,수유2동,음식·음료,적금,1,1,3060000,3060000.0,3060000.0,33.33,100.0,5.7
11305625,수유2동,음식·음료,펀드,1,1,10470000,10470000.0,10470000.0,33.33,100.0,19.5
11305625,수유2동,자동차·운송서비스,ISA,3,1,48690000,16230000.0,48690000.0,42.86,100.0,77.89
11305625,수유2동,자동차·운송서비스,적금,3,1,7560000,2520000.0,7560000.0,42.86,100.0,12.09
11305625,수유2동,자동차·운송서비스,펀드,1,1,6260000,6260000.0,6260000.0,14.29,100.0,10.01
11305635,수유3동,가구·인테리어,예금,2,2,134540000,67270000.0,67270000.0,66.67,100.0,88.76
11305635,수유3동,가구·인테리어,펀드,1,1,17040000,17040000.0,17040000.0,33.33,50.0,11.24
11305635,수유3동,문화·취미·반려,적금,1,1,2000000,2000000.0,2000000.0,33.33,100.0,10.72
11305635,수유3동,문화·취미·반려,펀드,2,1,16660000,8330000.0,16660000.0,66.67,100.0,89.28
11305635,수유3동,미용·뷰티,예금,1,1,43220000,43220000.0,43220000.0,100.0,100.0,100.0
11305635,수유3동,숙박,ISA,2,1,57080000,28540000.0,57080000.0,40.0,50.0,42.65
11305635,수유3동,숙박,예금,1,1,43450000,43450000.0,43450000.0,20.0,50.0,32.47
11305635,수유3동,숙박,펀드,2,1,33290000,16645000.0,33290000.0,40.0,50.0,24.88
11305635,수유3동,여가·오락,ISA,3,1,73610000,24536666.67,73610000.0,100.0,100.0,100.0
11305635,수유3동,음식·음료,ISA,1,1,15840000,15840000.0,15840000.0,100.0,100.0,100.0
11305645,우이동,문화·취미·반려,ISA,1,1,30830000,30830000.0,30830000.0,16.67,50.0,19.15
11305645,우이동,문화·취미·반려,예금,3,2,109730000,36576666.67,54865000.0,50.0,100.0,68.14
11305645,우이동,문화·취미·반려,적금,1,1,4050000,4050000.0,4050000.0,16.67,50.0,2.52
11305645,우이동,문화·취미·반려,펀드,1,1,16420000,16420000.0,16420000.0,16.67,50.0,10.2
11305645,우이동,생활서비스,적금,1,1,3460000,3460000.0,3460000.0,100.0,100.0,100.0
11305645,우이동,식료품·편의소매,예금,2,1,40280000,20140000.0,40280000.0,100.0,100.0,100.0
11305645,우이동,여가·오락,ISA,3,1,47610000,15870000.0,47610000.0,100.0,100.0,100.0
11305645,우이동,음식·음료,적금,1,1,5060000,5060000.0,5060000.0,33.33,100.0,15.78
11305645,우이동,음식·음료,펀드,2,1,27010000,13505000.0,27010000.0,66.67,100.0,84.22
11305645,우이동,자동차·운송서비스,ISA,1,1,31540000,31540000.0,31540000.0,12.5,33.33,11.13
11305645,우이동,자동차·운송서비스,예금,4,2,216960000,54240000.0,108480000.0,50.0,66.67,76.57
11305645,우이동,자동차·운송서비스,적금,1,1,8650000,8650000.0,8650000.0,12.5,33.33,3.05
11305645,우이동,자동차·운송서비스,펀드,2,1,26200000,13100000.0,26200000.0,25.0,33.33,9.25
11305645,우이동,패션·잡화,예금,1,1,28430000,28430000.0,28430000.0,33.33,100.0,52.44
11305645,우이동,패션·잡화,적금,1,1,2450000,2450000.0,2450000.0,33.33,100.0,4.52
11305645,우이동,패션·잡화,펀드,1,1,23330000,23330000.0,23330000.0,33.33,100.0,43.04
11305660,인수동,가구·인테리어,ISA,1,1,8450000,8450000.0,8450000.0,20.0,50.0,6.32
11305660,인수동,가구·인테리어,예금,1,1,77420000,77420000.0,77420000.0,20.0,50.0,57.94
11305660,인수동,가구·인테리어,적금,1,1,2450000,2450000.0,2450000.0,20.0,50.0,1.83
11305660,인수동,가구·인테리어,펀드,2,1,45300000,22650000.0,45300000.0,40.0,50.0,33.9
11305660,인수동,문화·취미·반려,펀드,1,1,16180000,16180000.0,16180000.0,100.0,100.0,100.0
11305660,인수동,미용·뷰티,ISA,3,2,59340000,19780000.0,29670000.0,50.0,100.0,42.94
11305660,인수동,미용·뷰티,예금,3,2,78850000,26283333.33,39425000.0,50.0,100.0,57.06
11305660,인수동,여가·오락,예금,1,1,7900000,7900000.0,7900000.0,50.0,100.0,73.08
11305660,인수동,여가·오락,적금,1,1,2910000,2910000.0,2910000.0,50.0,100.0,26.92
11320511,창1동,생활서비스,적금,1,1,2060000,2060000.0,2060000.0,100.0,100.0,100.0
11320512,창2동,가구·인테리어,ISA,3,1,51020000,17006666.67,51020000.0,60.0,100.0,57.83
11320512,창2동,가구·인테리어,예금,1,1,30080000,30080000.0,30080000.0,20.0,100.0,34.1
11320512,창2동,가구·인테리어,펀드,1,1,7120000,7120000.0,7120000.0,20.0,100.0,8.07
11320512,창2동,문화·취미·반려,예금,1,1,28100000,28100000.0,28100000.0,100.0,100.0,100.0
11320512,창2동,생활서비스,적금,1,1,3220000,3220000.0,3220000.0,50.0,100.0,16.5
11320512,창2동,생활서비스,펀드,1,1,16290000,16290000.0,16290000.0,50.0,100.0,83.5
11320512,창2동,식료품·편의소매,예금,1,1,32660000,32660000.0,32660000.0,100.0,100.0,100.0
11320512,창2동,여가·오락,ISA,4,2,56570000,14142500.0,28285000.0,57.14,66.67,56.6
11320512,창2동,여가·오락,예금,1,1,18860000,18860000.0,18860000.0,14.29,33.33,18.87
11320512,창2동,여가·오락,적금,1,1,3230000,3230000.0,3230000.0,14.29,33.33,3.23
11320512,창2동,여가·오락,펀드,1,1,21280000,21280000.0,21280000.0,14.29,33.33,21.29
11320512,창2동,자동차·운송서비스,예금,1,1,40910000,40910000.0,40910000.0,33.33,100.0,71.63
11320512,창2동,자동차·운송서비스,적금,1,1,3440000,3440000.0,3440000.0,33.33,100.0,6.02
11320512,창2동,자동차·운송서비스,펀드,1,1,12760000,12760000.0,12760000.0,33.33,100.0,22.34
11320513,창3동,미용·뷰티,ISA,1,1,27920000,27920000.0,27920000.0,20.0,50.0,28.82
11320513,창3동,미용·뷰티,예금,1,1,39270000,39270000.0,39270000.0,20.0,50.0,40.54
11320513,창3동,미용·뷰티,적금,1,1,2510000,2510000.0,2510000.0,20.0,50.0,2.59
11320513,창3동,미용·뷰티,펀드,2,2,27170000,13585000.0,13585000.0,40.0,100.0,28.05
11320513,창3동,여가·오락,ISA,2,1,59200000,29600000.0,59200000.0,100.0,100.0,100.0
11320513,창3동,패션·잡화,예금,1,1,8070000,8070000.0,8070000.0,25.0,50.0,23.29
11320513,창3동,패션·잡화,적금,1,1,2570000,2570000.0,2570000.0,25.0,50.0,7.42
11320513,창3동,패션·잡화,펀드,2,2,24010000,12005000.0,12005000.0,50.0,100.0,69.29
11320514,창4동,숙박,ISA,3,1,34100000,11366666.67,34100000.0,50.0,100.0,55.45
11320514,창4동,숙박,적금,1,1,4160000,4160000.0,4160000.0,16.67,100.0,6.76
11320514,창4동,숙박,펀드,2,1,23240000,11620000.0,23240000.0,33.33,100.0,37.79
11320514,창4동,여가·오락,예금,3,1,195760000,65253333.33,195760000.0,100.0,100.0,100.0
11320514,창4동,음식·음료,ISA,4,1,117250000,29312500.0,117250000.0,80.0,100.0,92.94
11320514,창4동,음식·음료,적금,1,1,8910000,8910000.0,8910000.0,20.0,100.0,7.06
11320514,창4동,자동차·운송서비스,ISA,1,1,10120000,10120000.0,10120000.0,50.0,100.0,39.66
11320514,창4동,자동차·운송서비스,펀드,1,1,15400000,15400000.0,15400000.0,50.0,100.0,60.34
11320515,창5동,미용·뷰티,적금,2,1,6890000,3445000.0,6890000.0,66.67,100.0,43.8
11320515,창5동,미용·뷰티,펀드,1,1,8840000,8840000.0,8840000.0,33.33,100.0,56.2
11320515,창5동,여가·오락,ISA,1,1,63770000,63770000.0,63770000.0,16.67,100.0,34.61
11320515,창5동,여가·오락,예금,2,1,88890000,44445000.0,88890000.0,33.33,100.0,48.25
11320515,창5동,여가·오락,적금,1,1,5420000,5420000.0,5420000.0,16.67,100.0,2.94
11320515,창5동,여가·오락,펀드,2,1,26150000,13075000.0,26150000.0,33.33,100.0,14.19
11320515,창5동,음식·음료,예금,3,1,102630000,34210000.0,102630000.0,42.86,50.0,64.79
11320515,창5동,음식·음료,펀드,4,2,55780000,13945000.0,27890000.0,57.14,100.0,35.21
11320515,창5동,전자기기·수리,예금,1,1,11030000,11030000.0,11030000.0,50.0,100.0,64.62
11320515,창5동,전자기기·수리,적금,1,1,6040000,6040000.0,6040000.0,50.0,100.0,35.38
11320521,도봉1동,숙박,ISA,2,1,34510000,17255000.0,34510000.0,50.0,50.0,71.21
11320521,도봉1동,숙박,적금,1,1,5010000,5010000.0,5010000.0,25.0,50.0,10.34
11320521,도봉1동,숙박,펀드,1,1,8940000,8940000.0,8940000.0,25.0,50.0,18.45
11320521,도봉1동,여가·오락,적금,1,1,3340000,3340000.0,3340000.0,50.0,100.0,21.66
11320521,도봉1동,여가·오락,펀드,1,1,12080000,12080000.0,12080000.0,50.0,100.0,78.34
11320521,도봉1동,음식·음료,예금,2,1,93540000,46770000.0,93540000.0,40.0,100.0,66.97
11320521,도봉1동,음식·음료,펀드,3,1,46140000,15380000.0,46140000.0,60.0,100.0,33.03
11320521,도봉1동,자동차·운송서비스,예금,2,1,69580000,34790000.0,69580000.0,66.67,100.0,92.18
11320521,도봉1동,자동차·운송서비스,적금,1,1,5900000,5900000.0,5900000.0,33.33,100.0,7.82
11320521,도봉1동,전자기기·수리,예금,2,1,66710000,33355000.0,66710000.0,100.0,100.0,100.0
11320522,도봉2동,가구·인테리어,ISA,1,1,21100000,21100000.0,21100000.0,50.0,100.0,84.47
11320522,도봉2동,가구·인테리어,적금,1,1,3880000,3880000.0,3880000.0,50.0,100.0,15.53
11320522,도봉2동,미용·뷰티,ISA,1,1,18720000,18720000.0,18720000.0,25.0,100.0,29.15
11320522,도봉2동,미용·뷰티,예금,2,1,41800000,20900000.0,41800000.0,50.0,100.0,65.08
11320522,도봉2동,미용·뷰티,적금,1,1,3710000,3710000.0,3710000.0,25.0,100.0,5.78
11320522,도봉2동,여가·오락,적금,1,1,6930000,6930000.0,6930000.0,33.33,100.0,18.58
11320522,도봉2동,여가·오락,펀드,2,1,30370000,15185000.0,30370000.0,66.67,100.0,81.42
11320522,도봉2동,자동차·운송서비스,ISA,1,1,12120000,12120000.0,12120000.0,33.33,100.0,16.01
11320522,도봉2동,자동차·운송서비스,예금,1,1,49230000,49230000.0,49230000.0,33.33,100.0,65.04
11320522,도봉2동,자동차·운송서비스,펀드,1,1,14340000,14340000.0,14340000.0,33.33,100.0,18.95
11320660,쌍문1동,식료품·편의소매,ISA,1,1,6770000,6770000.0,6770000.0,33.33,100.0,23.34
11320660,쌍문1동,식료품·편의소매,예금,1,1,19910000,19910000.0,19910000.0,33.33,100.0,68.63
11320660,쌍문1동,식료품·편의소매,적금,1,1,2330000,2330000.0,2330000.0,33.33,100.0,8.03
11320660,쌍문1동,여가·오락,예금,4,1,92980000,23245000.0,92980000.0,66.67,50.0,86.3
11320660,쌍문1동,여가·오락,적금,1,1,6070000,6070000.0,6070000.0,16.67,50.0,5.63
11320660,쌍문1동,여가·오락,펀드,1,1,8690000,8690000.0,8690000.0,16.67,50.0,8.07
11320660,쌍문1동,음식·음료,ISA,1,1,37950000,37950000.0,37950000.0,12.5,50.0,19.08
11320660,쌍문1동,음식·음료,예금,5,2,147670000,29534000.0,73835000.0,62.5,100.0,74.25
11320660,쌍문1동,음식·음료,적금,2,2,13250000,6625000.0,6625000.0,25.0,100.0,6.66
11320660,쌍문1동,전자기기·수리,ISA,1,1,21630000,21630000.0,21630000.0,25.0,50.0,30.02
11320660,쌍문1동,전자기기·수리,예금,2,2,44140000,22070000.0,22070000.0,50.0,100.0,61.27
11320660,쌍문1동,전자기기·수리,펀드,1,1,6270000,6270000.0,6270000.0,25.0,50.0,8.7
11320670,쌍문2동,가구·인테리어,적금,5,1,16600000,3320000.0,16600000.0,100.0,100.0,100.0
11320670,쌍문2동,생활서비스,ISA,1,1,18330000,18330000.0,18330000.0,50.0,100.0,68.81
11320670,쌍문2동,생활서비스,펀드,1,1,8310000,8310000.0,8310000.0,50.0,100.0,31.19
11320670,쌍문2동,식료품·편의소매,ISA,2,1,32930000,16465000.0,32930000.0,16.67,33.33,7.85
11320670,쌍문2동,식료품·편의소매,예금,4,2,242470000,60617500.0,121235000.0,33.33,66.67,57.83
11320670,쌍문2동,식료품·편의소매,적금,1,1,12960000,12960000.0,12960000.0,8.33,33.33,3.09
11320670,쌍문2동,식료품·편의소매,펀드,5,3,130930000,26186000.0,43643333.33,41.67,100.0,31.23
11320670,쌍문2동,여가·오락,ISA,1,1,12460000,12460000.0,12460000.0,25.0,100.0,13.23
11320670,쌍문2동,여가·오락,예금,3,1,81700000,27233333.33,81700000.0,75.0,100.0,86.77
11320670,쌍문2동,자동차·운송서비스,ISA,2,1,52140000,26070000.0,52140000.0,50.0,100.0,54.14
11320670,쌍문2동,자동차·운송서비스,예금,1,1,11270000,11270000.0,11270000.0,25.0,100.0,11.7
11320670,쌍문2동,자동차·운송서비스,펀드,1,1,32900000,32900000.0,32900000.0,25.0,100.0,34.16
11320670,쌍문2동,패션·잡화,예금,6,1,295730000,49288333.33,295730000.0,100.0,100.0,100.0
11320680,쌍문3동,가구·인테리어,ISA,1,1,15150000,15150000.0,15150000.0,100.0,100.0,100.0
11320680,쌍문3동,숙박,ISA,1,1,10960000,10960000.0,10960000.0,50.0,100.0,75.48
11320680,쌍문3동,숙박,적금,1,1,3560000,3560000.0,3560000.0,50.0,100.0,24.52
11320680,쌍문3동,여가·오락,ISA,1,1,16260000,16260000.0,16260000.0,50.0,50.0,79.28
11320680,쌍문3동,여가·오락,적금,1,1,4250000,4250000.0,4250000.0,50.0,50.0,20.72
11320680,쌍문3동,패션·잡화,ISA,1,1,26080000,26080000.0,26080000.0,20.0,100.0,32.48
11320680,쌍문3동,패션·잡화,적금,1,1,10540000,10540000.0,10540000.0,20.0,100.0,13.13
11320680,쌍문3동,패션·잡화,펀드,3,1,43680000,14560000.0,43680000.0,60.0,100.0,54.4
11320681,쌍문4동,식료품·편의소매,ISA,1,1,30310000,30310000.0,30310000.0,50.0,100.0,86.65
11320681,쌍문4동,식료품·편의소매,펀드,1,1,4670000,4670000.0,4670000.0,50.0,100.0,13.35
11320700,방학2동,가구·인테리어,예금,1,1,38630000,38630000.0,38630000.0,20.0,50.0,71.86
11320700,방학2동,가구·인테리어,적금,2,2,5640000,2820000.0,2820000.0,40.0,100.0,10.49
11320700,방학2동,가구·인테리어,펀드,2,2,9490000,4745000.0,4745000.0,40.0,100.0,17.65
11320700,방학2동,미용·뷰티,예금,1,1,56980000,56980000.0,56980000.0,100.0,100.0,100.0
11320700,방학2동,식료품·편의소매,ISA,5,1,123780000,24756000.0,123780000.0,50.0,50.0,60.48
11320700,방학2동,식료품·편의소매,예금,2,2,62770000,31385000.0,31385000.0,20.0,100.0,30.67
11320700,방학2동,식료품·편의소매,적금,2,1,9860000,4930000.0,9860000.0,20.0,50.0,4.82
11320700,방학2동,식료품·편의소매,펀드,1,1,8240000,8240000.0,8240000.0,10.0,50.0,4.03
11320700,방학2동,음식·음료,예금,1,1,61000000,61000000.0,61000000.0,100.0,100.0,100.0
11320700,방학2동,자동차·운송서비스,예금,1,1,26780000,26780000.0,26780000.0,50.0,100.0,88.44
11320700,방학2동,자동차·운송서비스,적금,1,1,3500000,3500000.0,3500000.0,50.0,100.0,11.56
11320700,방학2동,패션·잡화,예금,3,1,120970000,40323333.33,120970000.0,60.0,100.0,85.62
11320700,방학2동,패션·잡화,적금,1,1,9640000,9640000.0,9640000.0,20.0,100.0,6.82
11320700,방학2동,패션·잡화,펀드,1,1,10680000,10680000.0,10680000.0,20.0,100.0,7.56
11320710,방학3동,미용·뷰티,예금,7,2,273330000,39047142.86,136665000.0,77.78,100.0,86.61
11320710,방학3동,미용·뷰티,펀드,2,2,42270000,21135000.0,21135000.0,22.22,100.0,13.39
11320710,방학3동,식료품·편의소매,ISA,1,1,17420000,17420000.0,17420000.0,16.67,50.0,20.51
11320710,방학3동,식료품·편의소매,예금,1,1,44720000,44720000.0,44720000.0,16.67,50.0,52.64
11320710,방학3동,식료품·편의소매,적금,2,2,5410000,2705000.0,2705000.0,33.33,100.0,6.37
11320710,방학3동,식료품·편의소매,펀드,2,1,17400000,8700000.0,17400000.0,33.33,50.0,20.48
11320710,방학3동,여가·오락,예금,1,1,17930000,17930000.0,17930000.0,33.33,100.0,46.7
11320710,방학3동,여가·오락,펀드,2,1,20460000,10230000.0,20460000.0,66.67,100.0,53.3
11320710,방학3동,음식·음료,ISA,1,1,15230000,15230000.0,15230000.0,33.33,100.0,59.63
11320710,방학3동,음식·음료,적금,2,1,10310000,5155000.0,10310000.0,66.67,100.0,40.37
11320710,방학3동,전자기기·수리,ISA,2,1,24800000,12400000.0,24800000.0,50.0,50.0,22.3
11320710,방학3동,전자기기·수리,예금,1,1,81150000,81150000.0,81150000.0,25.0,50.0,72.98
11320710,방학3동,전자기기·수리,펀드,1,1,5240000,5240000.0,5240000.0,25.0,50.0,4.71
11350560,월계1동,미용·뷰티,예금,3,1,95770000,31923333.33,95770000.0,60.0,100.0,77.64
11350560,월계1동,미용·뷰티,적금,1,1,5840000,5840000.0,5840000.0,20.0,100.0,4.73
11350560,월계1동,미용·뷰티,펀드,1,1,21740000,21740000.0,21740000.0,20.0,100.0,17.62
11350560,월계1동,생활서비스,펀드,1,1,30560000,30560000.0,30560000.0,100.0,100.0,100.0
11350560,월계1동,여가·오락,ISA,1,1,34840000,34840000.0,34840000.0,50.0,100.0,70.38
11350560,월계1동,여가·오락,펀드,1,1,14660000,14660000.0,14660000.0,50.0,100.0,29.62
11350570,월계2동,음식·음료,예금,1,1,38840000,38840000.0,38840000.0,50.0,100.0,67.31
11350570,월계2동,음식·음료,펀드,1,1,18860000,18860000.0,18860000.0,50.0,100.0,32.69
11350580,월계3동,문화·취미·반려,ISA,1,1,23810000,23810000.0,23810000.0,33.33,100.0,43.91
11350580,월계3동,문화·취미·반려,펀드,2,1,30420000,15210000.0,30420000.0,66.67,100.0,56.09
11350580,월계3동,식료품·편의소매,ISA,2,1,34200000,17100000.0,34200000.0,50.0,100.0,54.11
11350580,월계3동,식료품·편의소매,예금,1,1,22670000,22670000.0,22670000.0,25.0,100.0,35.86
11350580,월계3동,식료품·편의소매,펀드,1,1,6340000,6340000.0,6340000.0,25.0,100.0,10.03
11350580,월계3동,자동차·운송서비스,ISA,3,1,35770000,11923333.33,35770000.0,75.0,100.0,94.75
11350580,월계3동,자동차·운송서비스,적금,1,1,1980000,1980000.0,1980000.0,25.0,100.0,5.25
11350595,공릉1동,가구·인테리어,예금,1,1,51240000,51240000.0,51240000.0,33.33,100.0,72.3
11350595,공릉1동,가구·인테리어,적금,1,1,5300000,5300000.0,5300000.0,33.33,100.0,7.48
11350595,공릉1동,가구·인테리어,펀드,1,1,14330000,14330000.0,14330000.0,33.33,100.0,20.22
11350595,공릉1동,미용·뷰티,예금,1,1,34550000,34550000.0,34550000.0,100.0,100.0,100.0
11350595,공릉1동,식료품·편의소매,ISA,2,1,55510000,27755000.0,55510000.0,50.0,50.0,54.26
11350595,공릉1동,식료품·편의소매,예금,1,1,37470000,37470000.0,37470000.0,25.0,50.0,36.62
11350595,공릉1동,식료품·편의소매,펀드,1,1,9330000,9330000.0,9330000.0,25.0,50.0,9.12
11350600,공릉2동,미용·뷰티,예금,1,1,43040000,43040000.0,43040000.0,50.0,100.0,82.74
11350600,공릉2동,미용·뷰티,펀드,1,1,8980000,8980000.0,8980000.0,50.0,100.0,17.26
11350600,공릉2동,식료품·편의소매,예금,2,1,56780000,28390000.0,56780000.0,66.67,100.0,76.16
11350600,공릉2동,식료품·편의소매,펀드,1,1,17770000,17770000.0,17770000.0,33.33,100.0,23.84
11350600,공릉2동,음식·음료,ISA,1,1,15930000,15930000.0,15930000.0,50.0,100.0,80.7
11350600,공릉2동,음식·음료,적금,1,1,3810000,3810000.0,3810000.0,50.0,100.0,19.3
11350600,공릉2동,전자기기·수리,ISA,1,1,10990000,10990000.0,10990000.0,50.0,100.0,66.81
11350600,공릉2동,전자기기·수리,적금,1,1,5460000,5460000.0,5460000.0,50.0,100.0,33.19
11350600,공릉2동,패션·잡화,적금,1,1,7790000,7790000.0,7790000.0,50.0,100.0,44.11
11350600,공릉2동,패션·잡화,펀드,1,1,9870000,9870000.0,9870000.0,50.0,100.0,55.89
11350611,하계1동,생활서비스,예금,1,1,30650000,30650000.0,30650000.0,33.33,100.0,61.84
11350611,하계1동,생활서비스,펀드,2,1,18910000,9455000.0,18910000.0,66.67,100.0,38.16
11350611,하계1동,여가·오락,ISA,2,1,25220000,12610000.0,25220000.0,50.0,100.0,44.37
11350611,하계1동,여가·오락,예금,1,1,27660000,27660000.0,27660000.0,25.0,100.0,48.66
11350611,하계1동,여가·오락,적금,1,1,3960000,3960000.0,3960000.0,25.0,100.0,6.97
11350611,하계1동,음식·음료,ISA,1,1,34500000,34500000.0,34500000.0,50.0,100.0,86.51
11350611,하계1동,음식·음료,적금,1,1,5380000,5380000.0,5380000.0,50.0,100.0,13.49
11350612,하계2동,음식·음료,예금,1,1,62750000,62750000.0,62750000.0,33.33,100.0,79.54
11350612,하계2동,음식·음료,펀드,2,1,16140000,8070000.0,16140000.0,66.67,100.0,20.46
11350619,중계본동,미용·뷰티,예금,1,1,18270000,18270000.0,18270000.0,12.5,50.0,21.55
11350619,중계본동,미용·뷰티,적금,2,1,10340000,5170000.0,10340000.0,25.0,50.0,12.2
11350619,중계본동,미용·뷰티,펀드,5,2,56150000,11230000.0,28075000.0,62.5,100.0,66.25
11350619,중계본동,패션·잡화,적금,1,1,3620000,3620000.0,3620000.0,50.0,100.0,17.21
11350619,중계본동,패션·잡화,펀드,1,1,17410000,17410000.0,17410000.0,50.0,100.0,82.79
11350621,중계1동,생활서비스,ISA,1,1,11020000,11020000.0,11020000.0,20.0,50.0,8.18
11350621,중계1동,생활서비스,예금,2,1,102160000,51080000.0,102160000.0,40.0,50.0,75.82
11350621,중계1동,생활서비스,적금,1,1,4850000,4850000.0,4850000.0,20.0,50.0,3.6
11350621,중계1동,생활서비스,펀드,1,1,16710000,16710000.0,16710000.0,20.0,50.0,12.4
11350621,중계1동,음식·음료,ISA,1,1,22830000,22830000.0,22830000.0,50.0,100.0,88.35
11350621,중계1동,음식·음료,적금,1,1,3010000,3010000.0,3010000.0,50.0,100.0,11.65
11350621,중계1동,자동차·운송서비스,ISA,2,1,57910000,28955000.0,57910000.0,33.33,100.0,55.12
11350621,중계1동,자동차·운송서비스,적금,1,1,4650000,4650000.0,4650000.0,16.67,100.0,4.43
11350621,중계1동,자동차·운송서비스,펀드,3,1,42500000,14166666.67,42500000.0,50.0,100.0,40.45
11350624,중계4동,문화·취미·반려,예금,1,1,38930000,38930000.0,38930000.0,33.33,100.0,41.35
11350624,중계4동,문화·취미·반려,적금,1,1,31770000,31770000.0,31770000.0,33.33,100.0,33.75
11350624,중계4동,문화·취미·반려,펀드,1,1,23440000,23440000.0,23440000.0,33.33,100.0,24.9
11350624,중계4동,식료품·편의소매,ISA,1,1,8920000,8920000.0,8920000.0,33.33,100.0,18.37
11350624,중계4동,식료품·편의소매,예금,1,1,36570000,36570000.0,36570000.0,33.33,100.0,75.29
11350624,중계4동,식료품·편의소매,적금,1,1,3080000,3080000.0,3080000.0,33.33,100.0,6.34
11350624,중계4동,음식·음료,ISA,1,1,13610000,13610000.0,13610000.0,100.0,100.0,100.0
11350625,중계2·3동,생활서비스,예금,2,1,69960000,34980000.0,69960000.0,100.0,100.0,100.0
11350625,중계2·3동,식료품·편의소매,예금,1,1,17870000,17870000.0,17870000.0,33.33,100.0,76.99
11350625,중계2·3동,식료품·편의소매,적금,2,1,5340000,2670000.0,5340000.0,66.67,100.0,23.01
11350625,중계2·3동,음식·음료,ISA,1,1,60830000,60830000.0,60830000.0,14.29,50.0,31.91
11350625,중계2·3동,음식·음료,예금,4,2,120830000,30207500.0,60415000.0,57.14,100.0,63.39
11350625,중계2·3동,음식·음료,적금,2,2,8950000,4475000.0,4475000.0,28.57,100.0,4.7
11350630,상계1동,음식·음료,ISA,1,1,7090000,7090000.0,7090000.0,100.0,100.0,100.0
11350630,상계1동,패션·잡화,ISA,1,1,30830000,30830000.0,30830000.0,50.0,100.0,71.71
11350630,상계1동,패션·잡화,펀드,1,1,12160000,12160000.0,12160000.0,50.0,100.0,28.29
11350640,상계2동,문화·취미·반려,ISA,2,1,51400000,25700000.0,51400000.0,50.0,100.0,62.98
11350640,상계2동,문화·취미·반려,예금,1,1,24240000,24240000.0,24240000.0,25.0,100.0,29.7
11350640,상계2동,문화·취미·반려,적금,1,1,5970000,5970000.0,5970000.0,25.0,100.0,7.32
11350640,상계2동,미용·뷰티,적금,1,1,1910000,1910000.0,1910000.0,33.33,100.0,13.28
11350640,상계2동,미용·뷰티,펀드,2,1,12470000,6235000.0,12470000.0,66.67,100.0,86.72
11350640,상계2동,음식·음료,ISA,1,1,33820000,33820000.0,33820000.0,12.5,50.0,41.17
11350640,상계2동,음식·음료,적금,5,2,18300000,3660000.0,9150000.0,62.5,100.0,22.28
11350640,상계2동,음식·음료,펀드,2,2,30030000,15015000.0,15015000.0,25.0,100.0,36.56
11350640,상계2동,전자기기·수리,적금,3,2,16180000,5393333.33,8090000.0,75.0,100.0,60.06
11350640,상계2동,전자기기·수리,펀드,1,1,10760000,10760000.0,10760000.0,25.0,50.0,39.94
11350640,상계2동,패션·잡화,ISA,1,1,17600000,17600000.0,17600000.0,50.0,100.0,76.36
11350640,상계2동,패션·잡화,적금,1,1,5450000,5450000.0,5450000.0,50.0,100.0,23.64
11350665,상계3·4동,문화·취미·반려,ISA,3,2,85660000,28553333.33,42830000.0,50.0,100.0,68.3
11350665,상계3·4동,문화·취미·반려,적금,1,1,4150000,4150000.0,4150000.0,16.67,50.0,3.31
11350665,상계3·4동,문화·취미·반려,펀드,2,2,35610000,17805000.0,17805000.0,33.33,100.0,28.39
11350665,상계3·4동,미용·뷰티,예금,2,1,59480000,29740000.0,59480000.0,66.67,100.0,92.36
11350665,상계3·4동,미용·뷰티,펀드,1,1,4920000,4920000.0,4920000.0,33.33,100.0,7.64
11350665,상계3·4동,전자기기·수리,ISA,2,1,39580000,19790000.0,39580000.0,100.0,100.0,100.0
11350665,상계3·4동,패션·잡화,ISA,1,1,12270000,12270000.0,12270000.0,33.33,100.0,69.99
11350665,상계3·4동,패션·잡화,적금,2,1,5260000,2630000.0,5260000.0,66.67,100.0,30.01
11350670,상계5동,미용·뷰티,적금,1,1,1500000,1500000.0,1500000.0,33.33,100.0,7.08
11350670,상계5동,미용·뷰티,펀드,2,1,19700000,9850000.0,19700000.0,66.67,100.0,92.92
11350670,상계5동,식료품·편의소매,펀드,1,1,30190000,30190000.0,30190000.0,100.0,100.0,100.0
11350670,상계5동,여가·오락,예금,1,1,35660000,35660000.0,35660000.0,100.0,100.0,100.0
11350670,상계5동,전자기기·수리,ISA,1,1,11400000,11400000.0,11400000.0,50.0,100.0,49.85
11350670,상계5동,전자기기·수리,펀드,1,1,11470000,11470000.0,11470000.0,50.0,100.0,50.15
11350670,상계5동,패션·잡화,펀드,1,1,11030000,11030000.0,11030000.0,100.0,100.0,100.0
11350695,상계6·7동,문화·취미·반려,예금,3,1,79810000,26603333.33,79810000.0,100.0,100.0,100.0
11350700,상계8동,가구·인테리어,예금,3,1,114650000,38216666.67,114650000.0,75.0,100.0,89.34
11350700,상계8동,가구·인테리어,펀드,1,1,13680000,13680000.0,13680000.0,25.0,100.0,10.66
11350700,상계8동,식료품·편의소매,예금,2,1,73880000,36940000.0,73880000.0,66.67,100.0,84.99
11350700,상계8동,식료품·편의소매,펀드,1,1,13050000,13050000.0,13050000.0,33.33,100.0,15.01
11350700,상계8동,패션·잡화,ISA,1,1,13990000,13990000.0,13990000.0,25.0,100.0,14.76
11350700,상계8동,패션·잡화,예금,1,1,52700000,52700000.0,52700000.0,25.0,100.0,55.61
11350700,상계8동,패션·잡화,펀드,2,1,28070000,14035000.0,28070000.0,50.0,100.0,29.62
11350710,상계9동,문화·취미·반려,ISA,1,1,9830000,9830000.0,9830000.0,50.0,100.0,80.05
11350710,상계9동,문화·취미·반려,적금,1,1,2450000,2450000.0,2450000.0,50.0,100.0,19.95
11350710,상계9동,생활서비스,ISA,3,1,57320000,19106666.67,57320000.0,42.86,100.0,50.05
11350710,상계9동,생활서비스,예금,1,1,49860000,49860000.0,49860000.0,14.29,100.0,43.53
11350710,상계9동,생활서비스,적금,3,1,7350000,2450000.0,7350000.0,42.86,100.0,6.42
11350710,상계9동,식료품·편의소매,적금,1,1,3270000,3270000.0,3270000.0,50.0,100.0,15.14
11350710,상계9동,식료품·편의소매,펀드,1,1,18330000,18330000.0,18330000.0,50.0,100.0,84.86
11350710,상계9동,패션·잡화,펀드,1,1,12930000,12930000.0,12930000.0,100.0,100.0,100.0
11350720,상계10동,문화·취미·반려,펀드,1,1,10390000,10390000.0,10390000.0,100.0,100.0,100.0
11350720,상계10동,패션·잡화,ISA,2,1,27050000,13525000.0,27050000.0,100.0,100.0,100.0
11380510,녹번동,문화·취미·반려,ISA,1,1,14450000,14450000.0,14450000.0,33.33,100.0,23.37
11380510,녹번동,문화·취미·반려,예금,2,1,47390000,23695000.0,47390000.0,66.67,100.0,76.63
11380510,녹번동,미용·뷰티,ISA,1,1,18100000,18100000.0,18100000.0,20.0,50.0,16.49
11380510,녹번동,미용·뷰티,펀드,4,2,91690000,22922500.0,45845000.0,80.0,100.0,83.51
11380510,녹번동,식료품·편의소매,적금,1,1,2910000,2910000.0,2910000.0,100.0,100.0,100.0
11380510,녹번동,음식·음료,ISA,3,2,44180000,14726666.67,22090000.0,50.0,100.0,48.43
11380510,녹번동,음식·음료,예금,1,1,38180000,38180000.0,38180000.0,16.67,50.0,41.85
11380510,녹번동,음식·음료,적금,1,1,1640000,1640000.0,1640000.0,16.67,50.0,1.8
11380510,녹번동,음식·음료,펀드,1,1,7230000,7230000.0,7230000.0,16.67,50.0,7.93
11380520,불광1동,가구·인테리어,예금,1,1,18260000,18260000.0,18260000.0,33.33,50.0,83.3
11380520,불광1동,가구·인테리어,적금,2,2,3660000,1830000.0,1830000.0,66.67,100.0,16.7
11380520,불광1동,문화·취미·반려,ISA,1,1,7230000,7230000.0,7230000.0,33.33,100.0,32.8
11380520,불광1동,문화·취미·반려,적금,1,1,4170000,4170000.0,4170000.0,33.33,100.0,18.92
11380520,불광1동,문화·취미·반려,펀드,1,1,10640000,10640000.0,10640000.0,33.33,100.0,48.28
11380520,불광1동,생활서비스,ISA,2,1,35660000,17830000.0,35660000.0,100.0,100.0,100.0
11380520,불광1동,음식·음료,예금,1,1,18200000,18200000.0,18200000.0,20.0,100.0,46.2
11380520,불광1동,음식·음료,적금,2,1,8250000,4125000.0,8250000.0,40.0,100.0,20.94
11380520,불광1동,음식·음료,펀드,2,1,12940000,6470000.0,12940000.0,40.0,100.0,32.85
11380530,불광2동,문화·취미·반려,예금,1,1,21990000,21990000.0,21990000.0,100.0,100.0,100.0
11380530,불광2동,생활서비스,펀드,1,1,9850000,9850000.0,9850000.0,100.0,100.0,100.0
11380530,불광2동,숙박,예금,2,1,69620000,34810000.0,69620000.0,66.67,100.0,89.04
11380530,불광2동,숙박,적금,1,1,8570000,8570000.0,8570000.0,33.33,100.0,10.96
11380530,불광2동,식료품·편의소매,ISA,3,1,31990000,10663333.33,31990000.0,75.0,100.0,92.48
11380530,불광2동,식료품·편의소매,적금,1,1,2600000,2600000.0,2600000.0,25.0,100.0,7.52
11380551,갈현1동,문화·취미·반려,ISA,1,1,20780000,20780000.0,20780000.0,20.0,100.0,30.35
11380551,갈현1동,문화·취미·반려,예금,1,1,30310000,30310000.0,30310000.0,20.0,100.0,44.27
11380551,갈현1동,문화·취미·반려,적금,2,1,9010000,4505000.0,9010000.0,40.0,100.0,13.16
11380551,갈현1동,문화·취미·반려,펀드,1,1,8370000,8370000.0,8370000.0,20.0,100.0,12.22
11380551,갈현1동,숙박,ISA,1,1,29280000,29280000.0,29280000.0,50.0,100.0,50.65
11380551,갈현1동,숙박,예금,1,1,28530000,28530000.0,28530000.0,50.0,100.0,49.35
11380551,갈현1동,음식·음료,ISA,2,2,43080000,21540000.0,21540000.0,22.22,50.0,28.99
11380551,갈현1동,음식·음료,예금,1,1,46860000,46860000.0,46860000.0,11.11,25.0,31.54
11380551,갈현1동,음식·음료,적금,2,2,4990000,2495000.0,2495000.0,22.22,50.0,3.36
11380551,갈현1동,음식·음료,펀드,4,3,53650000,13412500.0,17883333.33,44.44,75.0,36.11
11380552,갈현2동,가구·인테리어,적금,1,1,6770000,6770000.0,6770000.0,33.33,100.0,26.79
11380552,갈현2동,가구·인테리어,펀드,2,1,18500000,9250000.0,18500000.0,66.67,100.0,73.21
11380552,갈현2동,미용·뷰티,ISA,1,1,24580000,24580000.0,24580000.0,33.33,100.0,44.88
11380552,갈현2동,미용·뷰티,예금,1,1,24550000,24550000.0,24550000.0,33.33,100.0,44.82
11380552,갈현2동,미용·뷰티,적금,1,1,5640000,5640000.0,5640000.0,33.33,100.0,10.3
11380552,갈현2동,생활서비스,ISA,1,1,11860000,11860000.0,11860000.0,25.0,100.0,27.1
11380552,갈현2동,생활서비스,펀드,3,1,31910000,10636666.67,31910000.0,75.0,100.0,72.9
11380552,갈현2동,여가·오락,예금,2,1,124030000,62015000.0,124030000.0,15.38,50.0,50.03
11380552,갈현2동,여가·오락,적금,5,2,30550000,6110000.0,15275000.0,38.46,100.0,12.32
11380552,갈현2동,여가·오락,펀드,6,2,93350000,15558333.33,46675000.0,46.15,100.0,37.65
11380552,갈현2동,음식·음료,ISA,2,1,81290000,40645000.0,81290000.0,33.33,50.0,51.89
11380552,갈현2동,음식·음료,예금,3,2,65580000,21860000.0,32790000.0,50.0,100.0,41.86
11380552,갈현2동,음식·음료,펀드,1,1,9790000,9790000.0,9790000.0,16.67,50.0,6.25
11380560,구산동,문화·취미·반려,ISA,1,1,23330000,23330000.0,23330000.0,14.29,50.0,9.79
11380560,구산동,문화·취미·반려,예금,5,2,198560000,39712000.0,99280000.0,71.43,100.0,83.32
11380560,구산동,문화·취미·반려,펀드,1,1,16410000,16410000.0,16410000.0,14.29,50.0,6.89
11380560,구산동,생활서비스,ISA,5,2,114440000,22888000.0,57220000.0,55.56,100.0,73.47
11380560,구산동,생활서비스,적금,1,1,1950000,1950000.0,1950000.0,11.11,50.0,1.25
11380560,구산동,생활서비스,펀드,3,2,39380000,13126666.67,19690000.0,33.33,100.0,25.28
11380560,구산동,음식·음료,적금,1,1,3580000,3580000.0,3580000.0,100.0,100.0,100.0
11380570,대조동,미용·뷰티,적금,1,1,4840000,4840000.0,4840000.0,50.0,100.0,22.6
11380570,대조동,미용·뷰티,펀드,1,1,16580000,16580000.0,16580000.0,50.0,100.0,77.4
11380570,대조동,음식·음료,예금,1,1,32590000,32590000.0,32590000.0,33.33,100.0,67.88
11380570,대조동,음식·음료,적금,1,1,9090000,9090000.0,9090000.0,33.33,100.0,18.93
11380570,대조동,음식·음료,펀드,1,1,6330000,6330000.0,6330000.0,33.33,100.0,13.18
11380570,대조동,전자기기·수리,ISA,1,1,49200000,49200000.0,49200000.0,16.67,33.33,19.72
11380570,대조동,전자기기·수리,예금,3,2,159080000,53026666.67,79540000.0,50.0,66.67,63.76
11380570,대조동,전자기기·수리,펀드,2,2,41230000,20615000.0,20615000.0,33.33,66.67,16.52
11380570,대조동,패션·잡화,예금,3,1,160940000,53646666.67,160940000.0,75.0,100.0,95.76
11380570,대조동,패션·잡화,적금,1,1,7130000,7130000.0,7130000.0,25.0,100.0,4.24
11380580,응암1동,생활서비스,ISA,1,1,23630000,23630000.0,23630000.0,25.0,100.0,35.92
11380580,응암1동,생활서비스,적금,1,1,3080000,3080000.0,3080000.0,25.0,100.0,4.68
11380580,응암1동,생활서비스,펀드,2,1,39070000,19535000.0,39070000.0,50.0,100.0,59.39
11380580,응암1동,식료품·편의소매,예금,1,1,15230000,15230000.0,15230000.0,33.33,100.0,82.68
11380580,응암1동,식료품·편의소매,적금,2,1,3190000,1595000.0,3190000.0,66.67,100.0,17.32
11380580,응암1동,음식·음료,펀드,2,1,35050000,17525000.0,35050000.0,100.0,100.0,100.0
11380590,응암2동,생활서비스,ISA,1,1,32370000,32370000.0,32370000.0,20.0,100.0,14.91
11380590,응암2동,생활서비스,예금,4,1,184730000,46182500.0,184730000.0,80.0,100.0,85.09
11380590,응암2동,여가·오락,ISA,2,1,33650000,16825000.0,33650000.0,22.22,50.0,10.84
11380590,응암2동,여가·오락,예금,4,2,237790000,59447500.0,118895000.0,44.44,100.0,76.58
11380590,응암2동,여가·오락,적금,2,2,11290000,5645000.0,5645000.0,22.22,100.0,3.64
11380590,응암2동,여가·오락,펀드,1,1,27790000,27790000.0,27790000.0,11.11,50.0,8.95
11380590,응암2동,음식·음료,ISA,1,1,15520000,15520000.0,15520000.0,50.0,100.0,60.27
11380590,응암2동,음식·음료,펀드,1,1,10230000,10230000.0,10230000.0,50.0,100.0,39.73
11380590,응암2동,자동차·운송서비스,예금,5,1,260550000,52110000.0,260550000.0,71.43,50.0,93.45
11380590,응암2동,자동차·운송서비스,적금,1,1,2290000,2290000.0,2290000.0,14.29,50.0,0.82
11380590,응암2동,자동차·운송서비스,펀드,1,1,15960000,15960000.0,15960000.0,14.29,50.0,5.72
11380600,응암3동,가구·인테리어,적금,1,1,3120000,3120000.0,3120000.0,50.0,100.0,29.74
11380600,응암3동,가구·인테리어,펀드,1,1,7370000,7370000.0,7370000.0,50.0,100.0,70.26
11380600,응암3동,미용·뷰티,예금,3,1,120970000,40323333.33,120970000.0,75.0,100.0,96.02
11380600,응암3동,미용·뷰티,적금,1,1,5020000,5020000.0,5020000.0,25.0,100.0,3.98
11380600,응암3동,숙박,ISA,2,2,54440000,27220000.0,27220000.0,33.33,100.0,39.94
11380600,응암3동,숙박,예금,1,1,48000000,48000000.0,48000000.0,16.67,50.0,35.21
11380600,응암3동,숙박,펀드,3,1,33880000,11293333.33,33880000.0,50.0,50.0,24.85
11380600,응암3동,패션·잡화,ISA,1,1,12450000,12450000.0,12450000.0,25.0,100.0,16.82
11380600,응암3동,패션·잡화,예금,2,1,53330000,26665000.0,53330000.0,50.0,100.0,72.03
11380600,응암3동,패션·잡화,펀드,1,1,8260000,8260000.0,8260000.0,25.0,100.0,11.16
11380625,역촌동,미용·뷰티,예금,2,1,154540000,77270000.0,154540000.0,100.0,100.0,100.0
11380625,역촌동,식료품·편의소매,ISA,1,1,8020000,8020000.0,8020000.0,50.0,100.0,58.41
11380625,역촌동,식료품·편의소매,적금,1,1,5710000,5710000.0,5710000.0,50.0,100.0,41.59
11380625,역촌동,음식·음료,예금,1,1,28690000,28690000.0,28690000.0,50.0,100.0,62.32
11380625,역촌동,음식·음료,펀드,1,1,17350000,17350000.0,17350000.0,50.0,100.0,37.68
11380625,역촌동,전자기기·수리,ISA,1,1,14300000,14300000.0,14300000.0,25.0,50.0,23.93
11380625,역촌동,전자기기·수리,예금,1,1,40960000,40960000.0,40960000.0,25.0,50.0,68.54
11380625,역촌동,전자기기·수리,적금,2,1,4500000,2250000.0,4500000.0,50.0,50.0,7.53
11380631,신사1동,미용·뷰티,예금,1,1,37440000,37440000.0,37440000.0,100.0,100.0,100.0
11380631,신사1동,생활서비스,ISA,1,1,8250000,8250000.0,8250000.0,11.11,33.33,4.95
11380631,신사1동,생활서비스,예금,4,3,89850000,22462500.0,29950000.0,44.44,100.0,53.93
11380631,신사1동,생활서비스,적금,1,1,3710000,3710000.0,3710000.0,11.11,33.33,2.23
11380631,신사1동,생활서비스,펀드,3,3,64780000,21593333.33,21593333.33,33.33,100.0,38.89
11380631,신사1동,식료품·편의소매,ISA,1,1,13110000,13110000.0,13110000.0,33.33,100.0,51.68
11380631,신사1동,식료품·편의소매,적금,1,1,4890000,4890000.0,4890000.0,33.33,100.0,19.27
11380631,신사1동,식료품·편의소매,펀드,1,1,7370000,7370000.0,7370000.0,33.33,100.0,29.05
11380631,신사1동,여가·오락,적금,1,1,3790000,3790000.0,3790000.0,100.0,100.0,100.0
11380631,신사1동,패션·잡화,ISA,2,1,52770000,26385000.0,52770000.0,50.0,100.0,71.18
11380631,신사1동,패션·잡화,펀드,2,1,21370000,10685000.0,21370000.0,50.0,100.0,28.82
11380632,신사2동,문화·취미·반려,예금,3,1,74130000,24710000.0,74130000.0,100.0,100.0,100.0
11380632,신사2동,미용·뷰티,ISA,1,1,20410000,20410000.0,20410000.0,50.0,100.0,60.37
11380632,신사2동,미용·뷰티,펀드,1,1,13400000,13400000.0,13400000.0,50.0,100.0,39.63
11380632,신사2동,식료품·편의소매,펀드,3,1,29410000,9803333.33,29410000.0,100.0,100.0,100.0
11380632,신사2동,자동차·운송서비스,적금,3,1,22420000,7473333.33,22420000.0,100.0,100.0,100.0
11380640,증산동,미용·뷰티,예금,1,1,23920000,23920000.0,23920000.0,25.0,100.0,51.31
11380640,증산동,미용·뷰티,적금,1,1,4650000,4650000.0,4650000.0,25.0,100.0,9.97
11380640,증산동,미용·뷰티,펀드,2,1,18050000,9025000.0,18050000.0,50.0,100.0,38.72
11380640,증산동,패션·잡화,ISA,1,1,9690000,9690000.0,9690000.0,33.33,100.0,24.54
11380640,증산동,패션·잡화,예금,1,1,27520000,27520000.0,27520000.0,33.33,100.0,69.71
11380640,증산동,패션·잡화,펀드,1,1,2270000,2270000.0,2270000.0,33.33,100.0,5.75
11380650,수색동,미용·뷰티,ISA,1,1,11350000,11350000.0,11350000.0,50.0,100.0,58.12
11380650,수색동,미용·뷰티,적금,1,1,8180000,8180000.0,8180000.0,50.0,100.0,41.88
11380650,수색동,식료품·편의소매,ISA,2,2,34070000,17035000.0,17035000.0,40.0,100.0,41.92
11380650,수색동,식료품·편의소매,예금,1,1,29200000,29200000.0,29200000.0,20.0,50.0,35.93
11380650,수색동,식료품·편의소매,적금,1,1,3390000,3390000.0,3390000.0,20.0,50.0,4.17
11380650,수색동,식료품·편의소매,펀드,1,1,14620000,14620000.0,14620000.0,20.0,50.0,17.99
11380650,수색동,음식·음료,예금,2,1,75170000,37585000.0,75170000.0,66.67,100.0,86.72
11380650,수색동,음식·음료,적금,1,1,11510000,11510000.0,11510000.0,33.33,100.0,13.28
11380650,수색동,자동차·운송서비스,예금,3,1,146040000,48680000.0,146040000.0,100.0,100.0,100.0
11380650,수색동,패션·잡화,ISA,2,2,45420000,22710000.0,22710000.0,28.57,66.67,19.11
11380650,수색동,패션·잡화,예금,4,2,178520000,44630000.0,89260000.0,57.14,66.67,75.1
11380650,수색동,패션·잡화,펀드,1,1,13780000,13780000.0,13780000.0,14.29,33.33,5.8
11380690,진관동,식료품·편의소매,예금,3,1,132750000,44250000.0,132750000.0,75.0,100.0,90.24
11380690,진관동,식료품·편의소매,펀드,1,1,14360000,14360000.0,14360000.0,25.0,100.0,9.76
11410520,천연동,생활서비스,ISA,2,1,33930000,16965000.0,33930000.0,66.67,100.0,76.7
11410520,천연동,생활서비스,펀드,1,1,10310000,10310000.0,10310000.0,33.33,100.0,23.3
11410555,북아현동,가구·인테리어,예금,3,1,86930000,28976666.67,86930000.0,75.0,100.0,97.34
11410555,북아현동,가구·인테리어,적금,1,1,2380000,2380000.0,2380000.0,25.0,100.0,2.66
11410555,북아현동,미용·뷰티,ISA,1,1,13640000,13640000.0,13640000.0,33.33,100.0,30.69
11410555,북아현동,미용·뷰티,예금,1,1,25940000,25940000.0,25940000.0,33.33,100.0,58.36
11410555,북아현동,미용·뷰티,적금,1,1,4870000,4870000.0,4870000.0,33.33,100.0,10.96
11410555,북아현동,식료품·편의소매,ISA,2,1,78400000,39200000.0,78400000.0,50.0,100.0,46.8
11410555,북아현동,식료품·편의소매,예금,1,1,71030000,71030000.0,71030000.0,25.0,100.0,42.4
11410555,북아현동,식료품·편의소매,펀드,1,1,18090000,18090000.0,18090000.0,25.0,100.0,10.8
11410555,북아현동,음식·음료,예금,1,1,17960000,17960000.0,17960000.0,100.0,100.0,100.0
11410565,충현동,가구·인테리어,ISA,1,1,7850000,7850000.0,7850000.0,25.0,100.0,15.56
11410565,충현동,가구·인테리어,예금,1,1,34920000,34920000.0,34920000.0,25.0,100.0,69.22
11410565,충현동,가구·인테리어,적금,2,1,7680000,3840000.0,7680000.0,50.0,100.0,15.22
11410565,충현동,문화·취미·반려,ISA,1,1,8740000,8740000.0,8740000.0,33.33,100.0,37.67
11410565,충현동,문화·취미·반려,적금,1,1,4090000,4090000.0,4090000.0,33.33,100.0,17.63
11410565,충현동,문화·취미·반려,펀드,1,1,10370000,10370000.0,10370000.0,33.33,100.0,44.7
11410565,충현동,여가·오락,ISA,2,1,29860000,14930000.0,29860000.0,33.33,100.0,29.36
11410565,충현동,여가·오락,예금,1,1,32840000,32840000.0,32840000.0,16.67,100.0,32.29
11410565,충현동,여가·오락,적금,1,1,3190000,3190000.0,3190000.0,16.67,100.0,3.14
11410565,충현동,여가·오락,펀드,2,1,35810000,17905000.0,35810000.0,33.33,100.0,35.21
11410585,신촌동,가구·인테리어,ISA,3,1,63880000,21293333.33,63880000.0,100.0,100.0,100.0
11410585,신촌동,미용·뷰티,ISA,1,1,10530000,10530000.0,10530000.0,33.33,100.0,65.73
11410585,신촌동,미용·뷰티,적금,2,1,5490000,2745000.0,5490000.0,66.67,100.0,34.27
11410585,신촌동,식료품·편의소매,ISA,2,1,39190000,19595000.0,39190000.0,100.0,100.0,100.0
11410585,신촌동,전자기기·수리,펀드,2,1,22870000,11435000.0,22870000.0,100.0,100.0,100.0
11410585,신촌동,패션·잡화,ISA,1,1,6260000,6260000.0,6260000.0,50.0,100.0,42.94
11410585,신촌동,패션·잡화,적금,1,1,8320000,8320000.0,8320000.0,50.0,100.0,57.06
11410615,연희동,생활서비스,ISA,2,2,50590000,25295000.0,25295000.0,28.57,100.0,39.78
11410615,연희동,생활서비스,예금,3,2,64200000,21400000.0,32100000.0,42.86,100.0,50.48
11410615,연희동,생활서비스,적금,1,1,4000000,4000000.0,4000000.0,14.29,50.0,3.14
11410615,연희동,생활서비스,펀드,1,1,8400000,8400000.0,8400000.0,14.29,50.0,6.6
11410615,연희동,전자기기·수리,예금,1,1,41330000,41330000.0,41330000.0,33.33,100.0,47.44
11410615,연희동,전자기기·수리,펀드,2,1,45790000,22895000.0,45790000.0,66.67,100.0,52.56
11410620,홍제1동,가구·인테리어,ISA,1,1,12230000,12230000.0,12230000.0,50.0,100.0,38.09
11410620,홍제1동,가구·인테리어,펀드,1,1,19880000,19880000.0,19880000.0,50.0,100.0,61.91
11410620,홍제1동,문화·취미·반려,ISA,2,1,37750000,18875000.0,37750000.0,66.67,100.0,69.55
11410620,홍제1동,문화·취미·반려,예금,1,1,16530000,16530000.0,16530000.0,33.33,100.0,30.45
11410620,홍제1동,미용·뷰티,ISA,1,1,29870000,29870000.0,29870000.0,25.0,100.0,27.52
11410620,홍제1동,미용·뷰티,예금,2,1,69050000,34525000.0,69050000.0,50.0,100.0,63.63
11410620,홍제1동,미용·뷰티,적금,1,1,9600000,9600000.0,9600000.0,25.0,100.0,8.85
11410620,홍제1동,생활서비스,ISA,2,2,34590000,17295000.0,17295000.0,20.0,100.0,31.09
11410620,홍제1동,생활서비스,적금,2,1,12180000,6090000.0,12180000.0,20.0,50.0,10.95
11410620,홍제1동,생활서비스,펀드,6,2,64470000,10745000.0,32235000.0,60.0,100.0,57.96
11410620,홍제1동,여가·오락,예금,2,1,59710000,29855000.0,59710000.0,66.67,100.0,79.14
11410620,홍제1동,여가·오락,펀드,1,1,15740000,15740000.0,15740000.0,33.33,100.0,20.86
11410620,홍제1동,자동차·운송서비스,적금,1,1,4680000,4680000.0,4680000.0,100.0,100.0,100.0
11410640,홍제3동,여가·오락,예금,1,1,15750000,15750000.0,15750000.0,33.33,100.0,50.89
11410640,홍제3동,여가·오락,적금,1,1,3080000,3080000.0,3080000.0,33.33,100.0,9.95
11410640,홍제3동,여가·오락,펀드,1,1,12120000,12120000.0,12120000.0,33.33,100.0,39.16
11410655,홍제2동,가구·인테리어,ISA,1,1,15660000,15660000.0,15660000.0,100.0,100.0,100.0
11410655,홍제2동,생활서비스,ISA,1,1,10770000,10770000.0,10770000.0,100.0,100.0,100.0
11410655,홍제2동,식료품·편의소매,ISA,3,2,110570000,36856666.67,55285000.0,27.27,66.67,36.38
11410655,홍제2동,식료품·편의소매,예금,2,2,116880000,58440000.0,58440000.0,18.18,66.67,38.45
11410655,홍제2동,식료품·편의소매,적금,1,1,5850000,5850000.0,5850000.0,9.09,33.33,1.92
11410655,홍제2동,식료품·편의소매,펀드,5,2,70650000,14130000.0,35325000.0,45.45,66.67,23.24
11410655,홍제2동,패션·잡화,예금,1,1,36360000,36360000.0,36360000.0,50.0,100.0,87.28
11410655,홍제2동,패션·잡화,적금,1,1,5300000,5300000.0,5300000.0,50.0,100.0,12.72
11410660,홍은1동,가구·인테리어,적금,1,1,1440000,1440000.0,1440000.0,100.0,100.0,100.0
11410660,홍은1동,식료품·편의소매,ISA,2,1,26090000,13045000.0,26090000.0,50.0,100.0,56.41
11410660,홍은1동,식료품·편의소매,펀드,2,1,20160000,10080000.0,20160000.0,50.0,100.0,43.59
11410660,홍은1동,전자기기·수리,ISA,1,1,23680000,23680000.0,23680000.0,50.0,100.0,76.09
11410660,홍은1동,전자기기·수리,펀드,1,1,7440000,7440000.0,7440000.0,50.0,100.0,23.91
11410660,홍은1동,패션·잡화,예금,1,1,42080000,42080000.0,42080000.0,25.0,100.0,44.12
11410660,홍은1동,패션·잡화,펀드,3,1,53300000,17766666.67,53300000.0,75.0,100.0,55.88
11410685,홍은2동,가구·인테리어,ISA,2,1,31710000,15855000.0,31710000.0,50.0,100.0,78.82
11410685,홍은2동,가구·인테리어,적금,2,1,8520000,4260000.0,8520000.0,50.0,100.0,21.18
11410685,홍은2동,문화·취미·반려,ISA,1,1,17020000,17020000.0,17020000.0,25.0,100.0,31.86
11410685,홍은2동,문화·취미·반려,예금,1,1,24340000,24340000.0,24340000.0,25.0,100.0,45.56
11410685,홍은2동,문화·취미·반려,적금,1,1,2060000,2060000.0,2060000.0,25.0,100.0,3.86
11410685,홍은2동,문화·취미·반려,펀드,1,1,10000000,10000000.0,10000000.0,25.0,100.0,18.72
11410685,홍은2동,여가·오락,ISA,2,2,19080000,9540000.0,9540000.0,20.0,100.0,11.94
11410685,홍은2동,여가·오락,예금,2,1,81950000,40975000.0,81950000.0,20.0,50.0,51.28
11410685,홍은2동,여가·오락,적금,3,1,16870000,5623333.33,16870000.0,30.0,50.0,10.56
11410685,홍은2동,여가·오락,펀드,3,2,41900000,13966666.67,20950000.0,30.0,100.0,26.22
11410685,홍은2동,음식·음료,ISA,4,2,67830000,16957500.0,33915000.0,36.36,66.67,29.53
11410685,홍은2동,음식·음료,예금,3,2,114570000,38190000.0,57285000.0,27.27,66.67,49.88
11410685,홍은2동,음식·음료,적금,2,2,15230000,7615000.0,7615000.0,18.18,66.67,6.63
11410685,홍은2동,음식·음료,펀드,2,1,32060000,16030000.0,32060000.0,18.18,33.33,13.96
11410685,홍은2동,패션·잡화,ISA,2,1,26590000,13295000.0,26590000.0,50.0,100.0,53.94
11410685,홍은2동,패션·잡화,예금,1,1,20370000,20370000.0,20370000.0,25.0,100.0,41.32
11410685,홍은2동,패션·잡화,적금,1,1,2340000,2340000.0,2340000.0,25.0,100.0,4.75
11410690,남가좌1동,미용·뷰티,ISA,2,2,26270000,13135000.0,13135000.0,40.0,100.0,62.47
11410690,남가좌1동,미용·뷰티,적금,2,1,6110000,3055000.0,6110000.0,40.0,50.0,14.53
11410690,남가좌1동,미용·뷰티,펀드,1,1,9670000,9670000.0,9670000.0,20.0,50.0,23.0
11410690,남가좌1동,식료품·편의소매,예금,4,1,125210000,31302500.0,125210000.0,66.67,50.0,97.3
11410690,남가좌1동,식료품·편의소매,적금,2,1,3470000,1735000.0,3470000.0,33.33,50.0,2.7
11410690,남가좌1동,여가·오락,예금,2,1,52620000,26310000.0,52620000.0,50.0,100.0,72.85
11410690,남가좌1동,여가·오락,적금,1,1,5190000,5190000.0,5190000.0,25.0,100.0,7.19
11410690,남가좌1동,여가·오락,펀드,1,1,14420000,14420000.0,14420000.0,25.0,100.0,19.96
11410700,남가좌2동,가구·인테리어,예금,1,1,15770000,15770000.0,15770000.0,33.33,100.0,40.61
11410700,남가좌2동,가구·인테리어,적금,1,1,2470000,2470000.0,2470000.0,33.33,100.0,6.36
11410700,남가좌2동,가구·인테리어,펀드,1,1,20590000,20590000.0,20590000.0,33.33,100.0,53.03
11410700,남가좌2동,문화·취미·반려,펀드,1,1,11680000,11680000.0,11680000.0,100.0,100.0,100.0
11410700,남가좌2동,식료품·편의소매,예금,1,1,19720000,19720000.0,19720000.0,100.0,100.0,100.0
11410700,남가좌2동,여가·오락,예금,1,1,38080000,38080000.0,38080000.0,20.0,50.0,60.03
11410700,남가좌2동,여가·오락,적금,2,1,10870000,5435000.0,10870000.0,40.0,50.0,17.13
11410700,남가좌2동,여가·오락,펀드,2,2,14490000,7245000.0,7245000.0,40.0,100.0,22.84
11410700,남가좌2동,자동차·운송서비스,ISA,3,1,93320000,31106666.67,93320000.0,60.0,100.0,62.85
11410700,남가좌2동,자동차·운송서비스,펀드,2,1,55160000,27580000.0,55160000.0,40.0,100.0,37.15
11410710,북가좌1동,문화·취미·반려,펀드,4,1,36780000,9195000.0,36780000.0,100.0,100.0,100.0
11410710,북가좌1동,미용·뷰티,적금,1,1,7050000,7050000.0,7050000.0,50.0,50.0,60.46
11410710,북가좌1동,미용·뷰티,펀드,1,1,4610000,4610000.0,4610000.0,50.0,50.0,39.54
11410710,북가좌1동,생활서비스,ISA,1,1,18520000,18520000.0,18520000.0,20.0,100.0,32.46
11410710,북가좌1동,생활서비스,펀드,4,1,38540000,9635000.0,38540000.0,80.0,100.0,67.54
11410720,북가좌2동,가구·인테리어,ISA,1,1,19150000,19150000.0,19150000.0,33.33,100.0,53.88
11410720,북가좌2동,가구·인테리어,적금,1,1,2590000,2590000.0,2590000.0,33.33,100.0,7.29
11410720,북가좌2동,가구·인테리어,펀드,1,1,13800000,13800000.0,13800000.0,33.33,100.0,38.83
11410720,북가좌2동,음식·음료,ISA,1,1,26770000,26770000.0,26770000.0,10.0,50.0,7.55
11410720,북가좌2동,음식·음료,예금,4,2,245870000,61467500.0,122935000.0,40.0,100.0,69.3
11410720,북가좌2동,음식·음료,적금,2,2,8860000,4430000.0,4430000.0,20.0,100.0,2.5
11410720,북가좌2동,음식·음료,펀드,3,2,73290000,24430000.0,36645000.0,30.0,100.0,20.66
11440555,아현동,가구·인테리어,예금,1,1,25390000,25390000.0,25390000.0,100.0,100.0,100.0
11440555,아현동,미용·뷰티,ISA,2,1,79340000,39670000.0,79340000.0,66.67,100.0,78.38
11440555,아현동,미용·뷰티,펀드,1,1,21890000,21890000.0,21890000.0,33.33,100.0,21.62
11440555,아현동,음식·음료,ISA,1,1,13580000,13580000.0,13580000.0,50.0,100.0,68.28
11440555,아현동,음식·음료,펀드,1,1,6310000,6310000.0,6310000.0,50.0,100.0,31.72
11440565,공덕동,숙박,ISA,1,1,13170000,13170000.0,13170000.0,50.0,100.0,49.79
11440565,공덕동,숙박,펀드,1,1,13280000,13280000.0,13280000.0,50.0,100.0,50.21
11440565,공덕동,식료품·편의소매,적금,1,1,3070000,3070000.0,3070000.0,16.67,100.0,3.03
11440565,공덕동,식료품·편의소매,펀드,5,1,98190000,19638000.0,98190000.0,83.33,100.0,96.97
11440565,공덕동,음식·음료,예금,2,1,104730000,52365000.0,104730000.0,40.0,50.0,57.65
11440565,공덕동,음식·음료,적금,1,1,8700000,8700000.0,8700000.0,20.0,50.0,4.79
11440565,공덕동,음식·음료,펀드,2,2,68240000,34120000.0,34120000.0,40.0,100.0,37.56
11440585,도화동,문화·취미·반려,적금,1,1,2790000,2790000.0,2790000.0,50.0,100.0,42.4
11440585,도화동,문화·취미·반려,펀드,1,1,3790000,3790000.0,3790000.0,50.0,100.0,57.6
11440585,도화동,식료품·편의소매,펀드,1,1,11250000,11250000.0,11250000.0,100.0,100.0,100.0
11440585,도화동,여가·오락,펀드,2,1,27390000,13695000.0,27390000.0,100.0,100.0,100.0
11440585,도화동,전자기기·수리,ISA,3,1,52560000,17520000.0,52560000.0,75.0,100.0,93.92
11440585,도화동,전자기기·수리,적금,1,1,3400000,3400000.0,3400000.0,25.0,100.0,6.08
11440590,용강동,가구·인테리어,펀드,4,1,62880000,15720000.0,62880000.0,100.0,100.0,100.0
11440590,용강동,문화·취미·반려,예금,1,1,37940000,37940000.0,37940000.0,33.33,100.0,41.91
11440590,용강동,문화·취미·반려,펀드,2,1,52580000,26290000.0,52580000.0,66.67,100.0,58.09
11440590,용강동,전자기기·수리,적금,1,1,4780000,4780000.0,4780000.0,100.0,100.0,100.0
11440600,대흥동,가구·인테리어,예금,1,1,23540000,23540000.0,23540000.0,50.0,100.0,85.76
11440600,대흥동,가구·인테리어,펀드,1,1,3910000,3910000.0,3910000.0,50.0,100.0,14.24
11440600,대흥동,미용·뷰티,ISA,5,1,142440000,28488000.0,142440000.0,41.67,50.0,49.4
11440600,대흥동,미용·뷰티,예금,1,1,49030000,49030000.0,49030000.0,8.33,50.0,17.0
11440600,대흥동,미용·뷰티,펀드,6,2,96860000,16143333.33,48430000.0,50.0,100.0,33.59
11440600,대흥동,생활서비스,예금,4,1,140810000,35202500.0,140810000.0,50.0,50.0,75.71
11440600,대흥동,생활서비스,적금,3,2,25120000,8373333.33,12560000.0,37.5,100.0,13.51
11440600,대흥동,생활서비스,펀드,1,1,20050000,20050000.0,20050000.0,12.5,50.0,10.78
11440600,대흥동,숙박,ISA,2,1,12510000,6255000.0,12510000.0,100.0,100.0,100.0
11440600,대흥동,음식·음료,적금,1,1,3970000,3970000.0,3970000.0,50.0,100.0,27.38
11440600,대흥동,음식·음료,펀드,1,1,10530000,10530000.0,10530000.0,50.0,100.0,72.62
11440600,대흥동,패션·잡화,ISA,3,1,40720000,13573333.33,40720000.0,100.0,100.0,100.0
11440610,염리동,문화·취미·반려,ISA,1,1,20150000,20150000.0,20150000.0,50.0,100.0,59.77
11440610,염리동,문화·취미·반려,펀드,1,1,13560000,13560000.0,13560000.0,50.0,100.0,40.23
11440610,염리동,미용·뷰티,적금,2,1,7710000,3855000.0,7710000.0,66.67,100.0,37.41
11440610,염리동,미용·뷰티,펀드,1,1,12900000,12900000.0,12900000.0,33.33,100.0,62.59
11440610,염리동,생활서비스,펀드,2,1,20230000,10115000.0,20230000.0,100.0,100.0,100.0
11440610,염리동,여가·오락,ISA,2,2,39530000,19765000.0,19765000.0,33.33,100.0,20.04
11440610,염리동,여가·오락,예금,3,2,122450000,40816666.67,61225000.0,50.0,100.0,62.07
11440610,염리동,여가·오락,펀드,1,1,35310000,35310000.0,35310000.0,16.67,50.0,17.9
11440610,염리동,자동차·운송서비스,예금,1,1,34270000,34270000.0,34270000.0,25.0,100.0,40.3
11440610,염리동,자동차·운송서비스,펀드,3,1,50760000,16920000.0,50760000.0,75.0,100.0,59.7
11440630,신수동,가구·인테리어,ISA,4,2,53860000,13465000.0,26930000.0,66.67,100.0,73.84
11440630,신수동,가구·인테리어,펀드,2,1,19080000,9540000.0,19080000.0,33.33,50.0,26.16
11440630,신수동,문화·취미·반려,예금,3,1,94190000,31396666.67,94190000.0,50.0,100.0,68.89
11440630,신수동,문화·취미·반려,펀드,3,1,42530000,14176666.67,42530000.0,50.0,100.0,31.11
11440630,신수동,미용·뷰티,예금,5,2,203310000,40662000.0,101655000.0,45.45,66.67,66.52
11440630,신수동,미용·뷰티,적금,1,1,7680000,7680000.0,7680000.0,9.09,33.33,2.51
11440630,신수동,미용·뷰티,펀드,5,3,94660000,18932000.0,31553333.33,45.45,100.0,30.97
11440630,신수동,생활서비스,ISA,1,1,17940000,17940000.0,17940000.0,100.0,100.0,100.0
11440630,신수동,음식·음료,적금,1,1,2590000,2590000.0,2590000.0,50.0,100.0,17.58
11440630,신수동,음식·음료,펀드,1,1,12140000,12140000.0,12140000.0,50.0,100.0,82.42
11440655,서강동,가구·인테리어,ISA,1,1,26040000,26040000.0,26040000.0,20.0,100.0,36.38
11440655,서강동,가구·인테리어,적금,2,1,17440000,8720000.0,17440000.0,40.0,100.0,24.37
11440655,서강동,가구·인테리어,펀드,2,1,28090000,14045000.0,28090000.0,40.0,100.0,39.25
11440655,서강동,문화·취미·반려,예금,3,1,95820000,31940000.0,95820000.0,100.0,100.0,100.0
11440655,서강동,생활서비스,ISA,2,1,19470000,9735000.0,19470000.0,28.57,100.0,27.02
11440655,서강동,생활서비스,예금,1,1,31950000,31950000.0,31950000.0,14.29,100.0,44.33
11440655,서강동,생활서비스,적금,2,1,3870000,1935000.0,3870000.0,28.57,100.0,5.37
11440655,서강동,생활서비스,펀드,2,1,16780000,8390000.0,16780000.0,28.57,100.0,23.28
11440655,서강동,식료품·편의소매,ISA,1,1,30540000,30540000.0,30540000.0,25.0,50.0,24.58
11440655,서강동,식료품·편의소매,예금,1,1,68540000,68540000.0,68540000.0,25.0,50.0,55.17
11440655,서강동,식료품·편의소매,펀드,2,1,25150000,12575000.0,25150000.0,50.0,50.0,20.24
11440655,서강동,여가·오락,ISA,1,1,27400000,27400000.0,27400000.0,14.29,50.0,13.38
11440655,서강동,여가·오락,펀드,6,2,177410000,29568333.33,88705000.0,85.71,100.0,86.62
11440655,서강동,음식·음료,ISA,2,1,20360000,10180000.0,20360000.0,50.0,100.0,49.33
11440655,서강동,음식·음료,펀드,2,1,20910000,10455000.0,20910000.0,50.0,100.0,50.67
11440655,서강동,패션·잡화,ISA,2,1,38800000,19400000.0,38800000.0,66.67,100.0,92.89
11440655,서강동,패션·잡화,적금,1,1,2970000,2970000.0,2970000.0,33.33,100.0,7.11
11440660,서교동,가구·인테리어,ISA,2,1,33960000,16980000.0,33960000.0,50.0,100.0,50.08
11440660,서교동,가구·인테리어,펀드,2,1,33850000,16925000.0,33850000.0,50.0,100.0,49.92
11440660,서교동,미용·뷰티,ISA,2,1,44780000,22390000.0,44780000.0,40.0,100.0,49.96
11440660,서교동,미용·뷰티,적금,1,1,7480000,7480000.0,7480000.0,20.0,100.0,8.35
11440660,서교동,미용·뷰티,펀드,2,1,37370000,18685000.0,37370000.0,40.0,100.0,41.69
11440660,서교동,숙박,ISA,1,1,14950000,14950000.0,14950000.0,50.0,100.0,85.04
11440660,서교동,숙박,적금,1,1,2630000,2630000.0,2630000.0,50.0,100.0,14.96
11440660,서교동,식료품·편의소매,ISA,1,1,15890000,15890000.0,15890000.0,25.0,100.0,17.7
11440660,서교동,식료품·편의소매,예금,1,1,47020000,47020000.0,47020000.0,25.0,100.0,52.38
11440660,서교동,식료품·편의소매,적금,1,1,3970000,3970000.0,3970000.0,25.0,100.0,4.42
11440660,서교동,식료품·편의소매,펀드,1,1,22880000,22880000.0,22880000.0,25.0,100.0,25.49
11440660,서교동,음식·음료,ISA,1,1,11680000,11680000.0,11680000.0,33.33,50.0,15.84
11440660,서교동,음식·음료,예금,1,1,27870000,27870000.0,27870000.0,33.33,50.0,37.79
11440660,서교동,음식·음료,펀드,1,1,34190000,34190000.0,34190000.0,33.33,50.0,46.37
11440660,서교동,전자기기·수리,예금,1,1,14060000,14060000.0,14060000.0,50.0,100.0,86.47
11440660,서교동,전자기기·수리,적금,1,1,2200000,2200000.0,2200000.0,50.0,100.0,13.53
11440680,합정동,가구·인테리어,ISA,1,1,56210000,56210000.0,56210000.0,50.0,100.0,92.42
11440680,합정동,가구·인테리어,펀드,1,1,4610000,4610000.0,4610000.0,50.0,100.0,7.58
11440680,합정동,미용·뷰티,ISA,1,1,9230000,9230000.0,9230000.0,50.0,100.0,36.63
11440680,합정동,미용·뷰티,펀드,1,1,15970000,15970000.0,15970000.0,50.0,100.0,63.37
11440680,합정동,식료품·편의소매,ISA,2,2,57350000,28675000.0,28675000.0,40.0,100.0,69.31
11440680,합정동,식료품·편의소매,적금,2,2,11550000,5775000.0,5775000.0,40.0,100.0,13.96
11440680,합정동,식료품·편의소매,펀드,1,1,13840000,13840000.0,13840000.0,20.0,50.0,16.73
11440690,망원1동,가구·인테리어,예금,2,1,63280000,31640000.0,63280000.0,66.67,100.0,86.51
11440690,망원1동,가구·인테리어,적금,1,1,9870000,9870000.0,9870000.0,33.33,100.0,13.49
11440690,망원1동,문화·취미·반려,ISA,1,1,20320000,20320000.0,20320000.0,50.0,100.0,50.37
11440690,망원1동,문화·취미·반려,펀드,1,1,20020000,20020000.0,20020000.0,50.0,100.0,49.63
11440690,망원1동,생활서비스,ISA,5,3,81430000,16286000.0,27143333.33,33.33,100.0,36.24
11440690,망원1동,생활서비스,예금,5,3,113490000,22698000.0,37830000.0,33.33,100.0,50.51
11440690,망원1동,생활서비스,적금,4,2,13980000,3495000.0,6990000.0,26.67,66.67,6.22
11440690,망원1동,생활서비스,펀드,1,1,15800000,15800000.0,15800000.0,6.67,33.33,7.03
11440690,망원1동,음식·음료,ISA,1,1,29540000,29540000.0,29540000.0,50.0,100.0,78.58
11440690,망원1동,음식·음료,펀드,1,1,8050000,8050000.0,8050000.0,50.0,100.0,21.42
11440690,망원1동,자동차·운송서비스,ISA,1,1,5300000,5300000.0,5300000.0,33.33,100.0,51.21
11440690,망원1동,자동차·운송서비스,적금,2,1,5050000,2525000.0,5050000.0,66.67,100.0,48.79
11440690,망원1동,패션·잡화,예금,1,1,29170000,29170000.0,29170000.0,14.29,100.0,45.55
11440690,망원1동,패션·잡화,적금,3,1,7110000,2370000.0,7110000.0,42.86,100.0,11.1
11440690,망원1동,패션·잡화,펀드,3,1,27760000,9253333.33,27760000.0,42.86,100.0,43.35
11440700,망원2동,가구·인테리어,예금,2,1,75980000,37990000.0,75980000.0,66.67,100.0,79.92
11440700,망원2동,가구·인테리어,펀드,1,1,19090000,19090000.0,19090000.0,33.33,100.0,20.08
11440700,망원2동,미용·뷰티,예금,2,1,80030000,40015000.0,80030000.0,66.67,100.0,92.8
11440700,망원2동,미용·뷰티,적금,1,1,6210000,6210000.0,6210000.0,33.33,100.0,7.2
11440700,망원2동,생활서비스,예금,2,1,76400000,38200000.0,76400000.0,33.33,100.0,67.31
11440700,망원2동,생활서비스,적금,2,1,13810000,6905000.0,13810000.0,33.33,100.0,12.17
11440700,망원2동,생활서비스,펀드,2,1,23300000,11650000.0,23300000.0,33.33,100.0,20.53
11440710,연남동,가구·인테리어,ISA,1,1,20700000,20700000.0,20700000.0,50.0,100.0,43.54
11440710,연남동,가구·인테리어,예금,1,1,26840000,26840000.0,26840000.0,50.0,100.0,56.46
11440710,연남동,미용·뷰티,ISA,1,1,13190000,13190000.0,13190000.0,20.0,50.0,18.79
11440710,연남동,미용·뷰티,예금,1,1,26460000,26460000.0,26460000.0,20.0,50.0,37.69
11440710,연남동,미용·뷰티,적금,1,1,2930000,2930000.0,2930000.0,20.0,50.0,4.17
11440710,연남동,미용·뷰티,펀드,2,2,27620000,13810000.0,13810000.0,40.0,100.0,39.34
11440710,연남동,생활서비스,ISA,1,1,14620000,14620000.0,14620000.0,20.0,100.0,45.52
11440710,연남동,생활서비스,예금,1,1,9850000,9850000.0,9850000.0,20.0,100.0,30.67
11440710,연남동,생활서비스,적금,3,1,7650000,2550000.0,7650000.0,60.0,100.0,23.82
11440710,연남동,음식·음료,ISA,4,2,50900000,12725000.0,25450000.0,40.0,100.0,37.28
11440710,연남동,음식·음료,예금,2,2,44050000,22025000.0,22025000.0,20.0,100.0,32.26
11440710,연남동,음식·음료,적금,1,1,2410000,2410000.0,2410000.0,10.0,50.0,1.76
11440710,연남동,음식·음료,펀드,3,2,39190000,13063333.33,19595000.0,30.0,100.0,28.7
11440710,연남동,자동차·운송서비스,예금,1,1,37520000,37520000.0,37520000.0,33.33,100.0,67.01
11440710,연남동,자동차·운송서비스,적금,1,1,8770000,8770000.0,8770000.0,33.33,100.0,15.66
11440710,연남동,자동차·운송서비스,펀드,1,1,9700000,9700000.0,9700000.0,33.33,100.0,17.32
11440720,성산1동,가구·인테리어,ISA,2,1,26460000,13230000.0,26460000.0,40.0,100.0,46.34
11440720,성산1동,가구·인테리어,적금,1,1,7630000,7630000.0,7630000.0,20.0,100.0,13.36
11440720,성산1동,가구·인테리어,펀드,2,1,23010000,11505000.0,23010000.0,40.0,100.0,40.3
11440720,성산1동,문화·취미·반려,예금,3,2,148020000,49340000.0,74010000.0,50.0,100.0,78.66
11440720,성산1동,문화·취미·반려,펀드,3,2,40150000,13383333.33,20075000.0,50.0,100.0,21.34
11440720,성산1동,미용·뷰티,펀드,2,1,24400000,12200000.0,24400000.0,100.0,100.0,100.0
11440720,성산1동,식료품·편의소매,ISA,1,1,11860000,11860000.0,11860000.0,33.33,100.0,27.56
11440720,성산1동,식료품·편의소매,적금,1,1,7680000,7680000.0,7680000.0,33.33,100.0,17.85
11440720,성산1동,식료품·편의소매,펀드,1,1,23490000,23490000.0,23490000.0,33.33,100.0,54.59
11440720,성산1동,여가·오락,ISA,3,2,54110000,18036666.67,27055000.0,42.86,100.0,57.71
11440720,성산1동,여가·오락,적금,1,1,1870000,1870000.0,1870000.0,14.29,50.0,1.99
11440720,성산1동,여가·오락,펀드,3,2,37780000,12593333.33,18890000.0,42.86,100.0,40.29
11440720,성산1동,음식·음료,예금,1,1,46050000,46050000.0,46050000.0,50.0,100.0,64.33
11440720,성산1동,음식·음료,펀드,1,1,25530000,25530000.0,25530000.0,50.0,100.0,35.67
11440730,성산2동,가구·인테리어,ISA,1,1,13910000,13910000.0,13910000.0,20.0,100.0,16.07
11440730,성산2동,가구·인테리어,예금,2,1,56200000,28100000.0,56200000.0,40.0,100.0,64.93
11440730,성산2동,가구·인테리어,적금,1,1,5260000,5260000.0,5260000.0,20.0,100.0,6.08
11440730,성산2동,가구·인테리어,펀드,1,1,11190000,11190000.0,11190000.0,20.0,100.0,12.93
11440730,성산2동,문화·취미·반려,펀드,3,1,19470000,6490000.0,19470000.0,100.0,100.0,100.0
11440730,성산2동,여가·오락,적금,1,1,2270000,2270000.0,2270000.0,50.0,100.0,48.82
11440730,성산2동,여가·오락,펀드,1,1,2380000,2380000.0,2380000.0,50.0,100.0,51.18
11440730,성산2동,자동차·운송서비스,펀드,2,1,12010000,6005000.0,12010000.0,100.0,100.0,100.0
11440730,성산2동,전자기기·수리,ISA,1,1,9920000,9920000.0,9920000.0,25.0,50.0,8.76
11440730,성산2동,전자기기·수리,예금,3,2,103340000,34446666.67,51670000.0,75.0,100.0,91.24
11440730,성산2동,패션·잡화,ISA,2,1,45000000,22500000.0,45000000.0,33.33,100.0,36.76
11440730,성산2동,패션·잡화,예금,1,1,41180000,41180000.0,41180000.0,16.67,100.0,33.64
11440730,성산2동,패션·잡화,적금,1,1,4610000,4610000.0,4610000.0,16.67,100.0,3.77
11440730,성산2동,패션·잡화,펀드,2,1,31620000,15810000.0,31620000.0,33.33,100.0,25.83
11440740,상암동,미용·뷰티,ISA,1,1,49790000,49790000.0,49790000.0,50.0,100.0,95.09
11440740,상암동,미용·뷰티,적금,1,1,2570000,2570000.0,2570000.0,50.0,100.0,4.91
11440740,상암동,생활서비스,예금,1,1,36160000,36160000.0,36160000.0,20.0,100.0,40.5
11440740,상암동,생활서비스,적금,1,1,7370000,7370000.0,7370000.0,20.0,100.0,8.25
11440740,상암동,생활서비스,펀드,3,1,45760000,15253333.33,45760000.0,60.0,100.0,51.25
11440740,상암동,식료품·편의소매,예금,2,1,66740000,33370000.0,66740000.0,50.0,100.0,68.5
11440740,상암동,식료품·편의소매,펀드,2,1,30690000,15345000.0,30690000.0,50.0,100.0,31.5
11440740,상암동,음식·음료,ISA,2,1,64980000,32490000.0,64980000.0,66.67,100.0,61.59
11440740,상암동,음식·음료,예금,1,1,40520000,40520000.0,40520000.0,33.33,100.0,38.41
11440740,상암동,전자기기·수리,ISA,3,1,51510000,17170000.0,51510000.0,75.0,100.0,93.67
11440740,상암동,전자기기·수리,적금,1,1,3480000,3480000.0,3480000.0,25.0,100.0,6.33
11440740,상암동,패션·잡화,ISA,5,1,98040000,19608000.0,98040000.0,62.5,100.0,63.77
11440740,상암동,패션·잡화,예금,3,1,55710000,18570000.0,55710000.0,37.5,100.0,36.23
11470510,목1동,가구·인테리어,예금,2,1,56560000,28280000.0,56560000.0,50.0,50.0,89.28
11470510,목1동,가구·인테리어,적금,2,2,6790000,3395000.0,3395000.0,50.0,100.0,10.72
11470510,목1동,문화·취미·반려,ISA,1,1,29860000,29860000.0,29860000.0,50.0,100.0,78.02
11470510,목1동,문화·취미·반려,펀드,1,1,8410000,8410000.0,8410000.0,50.0,100.0,21.98
11470510,목1동,미용·뷰티,ISA,1,1,26710000,26710000.0,26710000.0,33.33,100.0,76.84
11470510,목1동,미용·뷰티,적금,2,1,8050000,4025000.0,8050000.0,66.67,100.0,23.16
11470510,목1동,여가·오락,예금,1,1,46460000,46460000.0,46460000.0,100.0,100.0,100.0
11470510,목1동,자동차·운송서비스,펀드,2,1,26950000,13475000.0,26950000.0,100.0,100.0,100.0
11470520,목2동,여가·오락,ISA,2,1,23860000,11930000.0,23860000.0,50.0,100.0,63.41
11470520,목2동,여가·오락,적금,1,1,5890000,5890000.0,5890000.0,25.0,100.0,15.65
11470520,목2동,여가·오락,펀드,1,1,7880000,7880000.0,7880000.0,25.0,100.0,20.94
11470520,목2동,음식·음료,ISA,1,1,24900000,24900000.0,24900000.0,33.33,100.0,57.57
11470520,목2동,음식·음료,예금,1,1,14350000,14350000.0,14350000.0,33.33,100.0,33.18
11470520,목2동,음식·음료,적금,1,1,4000000,4000000.0,4000000.0,33.33,100.0,9.25
11470530,목3동,문화·취미·반려,ISA,3,3,64490000,21496666.67,21496666.67,27.27,100.0,22.33
11470530,목3동,문화·취미·반려,예금,3,1,164940000,54980000.0,164940000.0,27.27,33.33,57.12
11470530,목3동,문화·취미·반려,적금,2,1,5430000,2715000.0,5430000.0,18.18,33.33,1.88
11470530,목3동,문화·취미·반려,펀드,3,2,53910000,17970000.0,26955000.0,27.27,66.67,18.67
11470530,목3동,미용·뷰티,적금,2,1,4220000,2110000.0,4220000.0,66.67,100.0,42.8
11470530,목3동,미용·뷰티,펀드,1,1,5640000,5640000.0,5640000.0,33.33,100.0,57.2
11470530,목3동,생활서비스,예금,2,1,67230000,33615000.0,67230000.0,100.0,100.0,100.0
11470530,목3동,식료품·편의소매,예금,1,1,57640000,57640000.0,57640000.0,100.0,100.0,100.0
11470530,목3동,여가·오락,ISA,4,2,84130000,21032500.0,42065000.0,50.0,100.0,52.29
11470530,목3동,여가·오락,예금,1,1,53820000,53820000.0,53820000.0,12.5,50.0,33.45
11470530,목3동,여가·오락,적금,2,2,7910000,3955000.0,3955000.0,25.0,100.0,4.92
11470530,목3동,여가·오락,펀드,1,1,15040000,15040000.0,15040000.0,12.5,50.0,9.35
11470530,목3동,자동차·운송서비스,ISA,3,1,66520000,22173333.33,66520000.0,42.86,100.0,52.16
11470530,목3동,자동차·운송서비스,펀드,4,1,61020000,15255000.0,61020000.0,57.14,100.0,47.84
11470540,목4동,가구·인테리어,ISA,2,2,20080000,10040000.0,10040000.0,66.67,100.0,94.54
11470540,목4동,가구·인테리어,적금,1,1,1160000,1160000.0,1160000.0,33.33,50.0,5.46
11470540,목4동,전자기기·수리,예금,1,1,29510000,29510000.0,29510000.0,16.67,100.0,32.63
11470540,목4동,전자기기·수리,적금,3,1,13030000,4343333.33,13030000.0,50.0,100.0,14.41
11470540,목4동,전자기기·수리,펀드,2,1,47900000,23950000.0,47900000.0,33.33,100.0,52.96
11470540,목4동,패션·잡화,ISA,1,1,17880000,17880000.0,17880000.0,33.33,100.0,26.89
11470540,목4동,패션·잡화,예금,1,1,28310000,28310000.0,28310000.0,33.33,100.0,42.58
11470540,목4동,패션·잡화,펀드,1,1,20300000,20300000.0,20300000.0,33.33,100.0,30.53
11470550,목5동,미용·뷰티,ISA,2,1,23740000,11870000.0,23740000.0,33.33,100.0,34.91
11470550,목5동,미용·뷰티,예금,1,1,29570000,29570000.0,29570000.0,16.67,100.0,43.49
11470550,목5동,미용·뷰티,적금,1,1,3840000,3840000.0,3840000.0,16.67,100.0,5.65
11470550,목5동,미용·뷰티,펀드,2,1,10850000,5425000.0,10850000.0,33.33,100.0,15.96
11470560,신월1동,패션·잡화,ISA,1,1,26610000,26610000.0,26610000.0,25.0,100.0,52.26
11470560,신월1동,패션·잡화,예금,1,1,21030000,21030000.0,21030000.0,25.0,100.0,41.3
11470560,신월1동,패션·잡화,적금,2,1,3280000,1640000.0,3280000.0,50.0,100.0,6.44
11470570,신월2동,문화·취미·반려,예금,2,1,51960000,25980000.0,51960000.0,66.67,100.0,92.82
11470570,신월2동,문화·취미·반려,적금,1,1,4020000,4020000.0,4020000.0,33.33,100.0,7.18
11470570,신월2동,숙박,ISA,2,1,39160000,19580000.0,39160000.0,40.0,100.0,53.82
11470570,신월2동,숙박,적금,1,1,2970000,2970000.0,2970000.0,20.0,100.0,4.08
11470570,신월2동,숙박,펀드,2,1,30630000,15315000.0,30630000.0,40.0,100.0,42.1
11470580,신월3동,가구·인테리어,예금,1,1,71660000,71660000.0,71660000.0,50.0,100.0,79.54
11470580,신월3동,가구·인테리어,펀드,1,1,18430000,18430000.0,18430000.0,50.0,100.0,20.46
11470580,신월3동,문화·취미·반려,ISA,1,1,13500000,13500000.0,13500000.0,33.33,100.0,24.37
11470580,신월3동,문화·취미·반려,예금,1,1,25200000,25200000.0,25200000.0,33.33,100.0,45.5
11470580,신월3동,문화·취미·반려,펀드,1,1,16690000,16690000.0,16690000.0,33.33,100.0,30.13
11470580,신월3동,여가·오락,예금,2,1,131050000,65525000.0,131050000.0,100.0,100.0,100.0
11470580,신월3동,패션·잡화,ISA,1,1,19090000,19090000.0,19090000.0,33.33,50.0,63.8
11470580,신월3동,패션·잡화,펀드,2,2,10830000,5415000.0,5415000.0,66.67,100.0,36.2
11470590,신월4동,생활서비스,ISA,1,1,6270000,6270000.0,6270000.0,33.33,100.0,55.98
11470590,신월4동,생활서비스,적금,2,1,4930000,2465000.0,4930000.0,66.67,100.0,44.02
11470590,신월4동,식료품·편의소매,ISA,4,2,74390000,18597500.0,37195000.0,50.0,100.0,64.41
11470590,신월4동,식료품·편의소매,적금,1,1,5360000,5360000.0,5360000.0,12.5,50.0,4.64
11470590,신월4동,식료품·편의소매,펀드,3,2,35740000,11913333.33,17870000.0,37.5,100.0,30.95
11470590,신월4동,패션·잡화,ISA,2,1,27570000,13785000.0,27570000.0,100.0,100.0,100.0
11470600,신월5동,문화·취미·반려,적금,2,1,12740000,6370000.0,12740000.0,66.67,100.0,68.38
11470600,신월5동,문화·취미·반려,펀드,1,1,5890000,5890000.0,5890000.0,33.33,100.0,31.62
11470600,신월5동,미용·뷰티,예금,1,1,40730000,40730000.0,40730000.0,100.0,100.0,100.0
11470600,신월5동,여가·오락,ISA,1,1,13760000,13760000.0,13760000.0,20.0,50.0,15.75
11470600,신월5동,여가·오락,예금,1,1,56690000,56690000.0,56690000.0,20.0,50.0,64.88
11470600,신월5동,여가·오락,적금,2,2,8360000,4180000.0,4180000.0,40.0,100.0,9.57
11470600,신월5동,여가·오락,펀드,1,1,8570000,8570000.0,8570000.0,20.0,50.0,9.81
11470600,신월5동,음식·음료,ISA,1,1,36690000,36690000.0,36690000.0,50.0,100.0,85.48
11470600,신월5동,음식·음료,펀드,1,1,6230000,6230000.0,6230000.0,50.0,100.0,14.52
11470600,신월5동,패션·잡화,ISA,2,1,31950000,15975000.0,31950000.0,28.57,50.0,26.37
11470600,신월5동,패션·잡화,예금,1,1,25700000,25700000.0,25700000.0,14.29,50.0,21.21
11470600,신월5동,패션·잡화,펀드,4,2,63510000,15877500.0,31755000.0,57.14,100.0,52.42
11470610,신월6동,가구·인테리어,예금,2,1,45080000,22540000.0,45080000.0,50.0,100.0,70.37
11470610,신월6동,가구·인테리어,펀드,2,1,18980000,9490000.0,18980000.0,50.0,100.0,29.63
11470610,신월6동,문화·취미·반려,ISA,2,1,29460000,14730000.0,29460000.0,66.67,100.0,50.15
11470610,신월6동,문화·취미·반려,예금,1,1,29280000,29280000.0,29280000.0,33.33,100.0,49.85
11470610,신월6동,미용·뷰티,예금,3,1,141560000,47186666.67,141560000.0,75.0,100.0,86.87
11470610,신월6동,미용·뷰티,펀드,1,1,21390000,21390000.0,21390000.0,25.0,100.0,13.13
11470610,신월6동,식료품·편의소매,예금,4,1,102860000,25715000.0,102860000.0,66.67,100.0,90.87
11470610,신월6동,식료품·편의소매,적금,2,1,10330000,5165000.0,10330000.0,33.33,100.0,9.13
11470610,신월6동,자동차·운송서비스,ISA,2,1,76130000,38065000.0,76130000.0,50.0,100.0,80.08
11470610,신월6동,자동차·운송서비스,적금,1,1,14320000,14320000.0,14320000.0,25.0,100.0,15.06
11470610,신월6동,자동차·운송서비스,펀드,1,1,4620000,4620000.0,4620000.0,25.0,100.0,4.86
11470611,신월7동,미용·뷰티,ISA,1,1,15970000,15970000.0,15970000.0,33.33,100.0,25.02
11470611,신월7동,미용·뷰티,예금,1,1,33710000,33710000.0,33710000.0,33.33,100.0,52.81
11470611,신월7동,미용·뷰티,펀드,1,1,14150000,14150000.0,14150000.0,33.33,100.0,22.17
11470611,신월7동,여가·오락,예금,4,1,139000000,34750000.0,139000000.0,80.0,100.0,96.86
11470611,신월7동,여가·오락,적금,1,1,4500000,4500000.0,4500000.0,20.0,100.0,3.14
11470620,신정1동,가구·인테리어,ISA,2,1,43030000,21515000.0,43030000.0,66.67,100.0,93.93
11470620,신정1동,가구·인테리어,적금,1,1,2780000,2780000.0,2780000.0,33.33,100.0,6.07
11470620,신정1동,미용·뷰티,예금,2,1,32870000,16435000.0,32870000.0,40.0,50.0,55.19
11470620,신정1동,미용·뷰티,적금,1,1,2270000,2270000.0,2270000.0,20.0,50.0,3.81
11470620,신정1동,미용·뷰티,펀드,2,2,24420000,12210000.0,12210000.0,40.0,100.0,41.0
11470620,신정1동,식료품·편의소매,ISA,1,1,24020000,24020000.0,24020000.0,16.67,100.0,26.92
11470620,신정1동,식료품·편의소매,예금,1,1,33810000,33810000.0,33810000.0,16.67,100.0,37.89
11470620,신정1동,식료품·편의소매,적금,1,1,7200000,7200000.0,7200000.0,16.67,100.0,8.07
11470620,신정1동,식료품·편의소매,펀드,3,1,24200000,8066666.67,24200000.0,50.0,100.0,27.12
11470620,신정1동,여가·오락,예금,2,1,151560000,75780000.0,151560000.0,50.0,100.0,89.65
11470620,신정1동,여가·오락,적금,1,1,8190000,8190000.0,8190000.0,25.0,100.0,4.84
11470620,신정1동,여가·오락,펀드,1,1,9310000,9310000.0,9310000.0,25.0,100.0,5.51
11470620,신정1동,자동차·운송서비스,ISA,1,1,9430000,9430000.0,9430000.0,33.33,100.0,54.2
11470620,신정1동,자동차·운송서비스,적금,2,1,7970000,3985000.0,7970000.0,66.67,100.0,45.8
11470620,신정1동,패션·잡화,ISA,2,1,36870000,18435000.0,36870000.0,100.0,100.0,100.0
11470630,신정2동,생활서비스,ISA,1,1,10320000,10320000.0,10320000.0,33.33,100.0,58.77
11470630,신정2동,생활서비스,적금,1,1,2530000,2530000.0,2530000.0,33.33,100.0,14.41
11470630,신정2동,생활서비스,펀드,1,1,4710000,4710000.0,4710000.0,33.33,100.0,26.82
11470630,신정2동,여가·오락,ISA,1,1,34010000,34010000.0,34010000.0,50.0,100.0,64.27
11470630,신정2동,여가·오락,펀드,1,1,18910000,18910000.0,18910000.0,50.0,100.0,35.73
11470630,신정2동,음식·음료,예금,1,1,47040000,47040000.0,47040000.0,100.0,100.0,100.0
11470630,신정2동,자동차·운송서비스,적금,1,1,5500000,5500000.0,5500000.0,100.0,100.0,100.0
11470630,신정2동,패션·잡화,ISA,3,2,36430000,12143333.33,18215000.0,37.5,100.0,24.83
11470630,신정2동,패션·잡화,예금,1,1,36990000,36990000.0,36990000.0,12.5,50.0,25.21
11470630,신정2동,패션·잡화,적금,2,2,21270000,10635000.0,10635000.0,25.0,100.0,14.5
11470630,신정2동,패션·잡화,펀드,2,1,52040000,26020000.0,52040000.0,25.0,50.0,35.47
11470640,신정3동,문화·취미·반려,펀드,3,1,59680000,19893333.33,59680000.0,100.0,100.0,100.0
11470640,신정3동,미용·뷰티,적금,2,1,11150000,5575000.0,11150000.0,100.0,100.0,100.0
11470640,신정3동,생활서비스,펀드,1,1,16700000,16700000.0,16700000.0,100.0,100.0,100.0
11470640,신정3동,식료품·편의소매,적금,2,1,11380000,5690000.0,11380000.0,66.67,100.0,37.25
11470640,신정3동,식료품·편의소매,펀드,1,1,19170000,19170000.0,19170000.0,33.33,100.0,62.75
11470640,신정3동,여가·오락,ISA,1,1,25310000,25310000.0,25310000.0,50.0,100.0,71.06
11470640,신정3동,여가·오락,펀드,1,1,10310000,10310000.0,10310000.0,50.0,100.0,28.94
11470640,신정3동,음식·음료,예금,1,1,45340000,45340000.0,45340000.0,14.29,50.0,40.13
11470640,신정3동,음식·음료,적금,2,2,6220000,3110000.0,3110000.0,28.57,100.0,5.51
11470640,신정3동,음식·음료,펀드,4,2,61410000,15352500.0,30705000.0,57.14,100.0,54.36
11470640,신정3동,자동차·운송서비스,ISA,1,1,21890000,21890000.0,21890000.0,100.0,100.0,100.0
11470640,신정3동,패션·잡화,ISA,1,1,21880000,21880000.0,21880000.0,20.0,100.0,29.26
11470640,신정3동,패션·잡화,예금,2,1,42490000,21245000.0,42490000.0,40.0,100.0,56.81
11470640,신정3동,패션·잡화,적금,1,1,1450000,1450000.0,1450000.0,20.0,100.0,1.94
11470640,신정3동,패션·잡화,펀드,1,1,8970000,8970000.0,8970000.0,20.0,100.0,11.99
11470650,신정4동,식료품·편의소매,ISA,1,1,7460000,7460000.0,7460000.0,14.29,50.0,8.53
11470650,신정4동,식료품·편의소매,예금,2,1,58820000,29410000.0,58820000.0,28.57,50.0,67.23
11470650,신정4동,식료품·편의소매,적금,3,1,8490000,2830000.0,8490000.0,42.86,50.0,9.7
11470650,신정4동,식료품·편의소매,펀드,1,1,12720000,12720000.0,12720000.0,14.29,50.0,14.54
11470650,신정4동,여가·오락,ISA,2,1,25130000,12565000.0,25130000.0,66.67,100.0,75.69
11470650,신정4동,여가·오락,펀드,1,1,8070000,8070000.0,8070000.0,33.33,100.0,24.31
11470650,신정4동,전자기기·수리,예금,2,1,90560000,45280000.0,90560000.0,100.0,100.0,100.0
11470650,신정4동,패션·잡화,예금,2,1,133660000,66830000.0,133660000.0,100.0,100.0,100.0
11470670,신정6동,문화·취미·반려,ISA,2,1,27110000,13555000.0,27110000.0,22.22,25.0,13.89
11470670,신정6동,문화·취미·반려,예금,3,2,111110000,37036666.67,55555000.0,33.33,50.0,56.95
11470670,신정6동,문화·취미·반려,펀드,4,3,56890000,14222500.0,18963333.33,44.44,75.0,29.16
11470670,신정6동,미용·뷰티,ISA,3,2,91670000,30556666.67,45835000.0,50.0,100.0,71.24
11470670,신정6동,미용·뷰티,적금,2,1,18270000,9135000.0,18270000.0,33.33,50.0,14.2
11470670,신정6동,미용·뷰티,펀드,1,1,18730000,18730000.0,18730000.0,16.67,50.0,14.56
11470670,신정6동,식료품·편의소매,ISA,3,2,37020000,12340000.0,18510000.0,60.0,100.0,76.77
11470670,신정6동,식료품·편의소매,적금,1,1,3350000,3350000.0,3350000.0,20.0,50.0,6.95
11470670,신정6동,식료품·편의소매,펀드,1,1,7850000,7850000.0,7850000.0,20.0,50.0,16.28
11470680,신정7동,생활서비스,ISA,3,2,94230000,31410000.0,47115000.0,37.5,100.0,44.32
11470680,신정7동,생활서비스,예금,2,2,51050000,25525000.0,25525000.0,25.0,100.0,24.01
11470680,신정7동,생활서비스,펀드,3,2,67340000,22446666.67,33670000.0,37.5,100.0,31.67
11470680,신정7동,식료품·편의소매,ISA,2,1,35670000,17835000.0,35670000.0,66.67,100.0,43.19
11470680,신정7동,식료품·편의소매,펀드,1,1,46910000,46910000.0,46910000.0,33.33,100.0,56.81
11470680,신정7동,자동차·운송서비스,ISA,1,1,12920000,12920000.0,12920000.0,25.0,100.0,22.35
11470680,신정7동,자동차·운송서비스,적금,1,1,7440000,7440000.0,7440000.0,25.0,100.0,12.87
11470680,신정7동,자동차·운송서비스,펀드,2,1,37440000,18720000.0,37440000.0,50.0,100.0,64.78
11500510,염창동,가구·인테리어,ISA,1,1,29830000,29830000.0,29830000.0,33.33,100.0,28.94
11500510,염창동,가구·인테리어,예금,1,1,69040000,69040000.0,69040000.0,33.33,100.0,66.98
11500510,염창동,가구·인테리어,적금,1,1,4200000,4200000.0,4200000.0,33.33,100.0,4.07
11500510,염창동,전자기기·수리,ISA,2,1,9560000,4780000.0,9560000.0,66.67,100.0,24.94
11500510,염창동,전자기기·수리,예금,1,1,28770000,28770000.0,28770000.0,33.33,100.0,75.06
11500510,염창동,패션·잡화,ISA,1,1,6590000,6590000.0,6590000.0,25.0,100.0,15.83
11500510,염창동,패션·잡화,예금,1,1,22360000,22360000.0,22360000.0,25.0,100.0,53.72
11500510,염창동,패션·잡화,적금,1,1,4880000,4880000.0,4880000.0,25.0,100.0,11.73
11500510,염창동,패션·잡화,펀드,1,1,7790000,7790000.0,7790000.0,25.0,100.0,18.72
11500520,등촌1동,문화·취미·반려,적금,2,1,5990000,2995000.0,5990000.0,100.0,100.0,100.0
11500520,등촌1동,자동차·운송서비스,ISA,2,2,29160000,14580000.0,14580000.0,33.33,66.67,37.08
11500520,등촌1동,자동차·운송서비스,펀드,4,1,49490000,12372500.0,49490000.0,66.67,33.33,62.92
11500520,등촌1동,전자기기·수리,ISA,1,1,12990000,12990000.0,12990000.0,33.33,100.0,66.92
11500520,등촌1동,전자기기·수리,적금,1,1,2880000,2880000.0,2880000.0,33.33,100.0,14.84
11500520,등촌1동,전자기기·수리,펀드,1,1,3540000,3540000.0,3540000.0,33.33,100.0,18.24
11500520,등촌1동,패션·잡화,적금,1,1,4970000,4970000.0,4970000.0,100.0,100.0,100.0
11500530,등촌2동,가구·인테리어,ISA,3,1,56840000,18946666.67,56840000.0,60.0,100.0,80.05
11500530,등촌2동,가구·인테리어,적금,2,1,14170000,7085000.0,14170000.0,40.0,100.0,19.95
11500530,등촌2동,문화·취미·반려,ISA,1,1,15250000,15250000.0,15250000.0,20.0,50.0,20.52
11500530,등촌2동,문화·취미·반려,예금,1,1,22050000,22050000.0,22050000.0,20.0,50.0,29.67
11500530,등촌2동,문화·취미·반려,펀드,3,2,37020000,12340000.0,18510000.0,60.0,100.0,49.81
11500530,등촌2동,식료품·편의소매,적금,1,1,3550000,3550000.0,3550000.0,50.0,100.0,28.93
11500530,등촌2동,식료품·편의소매,펀드,1,1,8720000,8720000.0,8720000.0,50.0,100.0,71.07
11500530,등촌2동,패션·잡화,ISA,1,1,14290000,14290000.0,14290000.0,25.0,50.0,9.9
11500530,등촌2동,패션·잡화,예금,2,1,127950000,63975000.0,127950000.0,50.0,50.0,88.66
11500530,등촌2동,패션·잡화,적금,1,1,2080000,2080000.0,2080000.0,25.0,50.0,1.44
11500535,등촌3동,가구·인테리어,ISA,1,1,25200000,25200000.0,25200000.0,25.0,100.0,16.14
11500535,등촌3동,가구·인테리어,예금,1,1,61850000,61850000.0,61850000.0,25.0,100.0,39.61
11500535,등촌3동,가구·인테리어,펀드,2,1,69080000,34540000.0,69080000.0,50.0,100.0,44.25
11500535,등촌3동,문화·취미·반려,예금,1,1,17370000,17370000.0,17370000.0,50.0,100.0,76.79
11500535,등촌3동,문화·취미·반려,적금,1,1,5250000,5250000.0,5250000.0,50.0,100.0,23.21
11500535,등촌3동,식료품·편의소매,예금,3,1,203750000,67916666.67,203750000.0,60.0,100.0,80.27
11500535,등촌3동,식료품·편의소매,펀드,2,1,50080000,25040000.0,50080000.0,40.0,100.0,19.73
11500535,등촌3동,여가·오락,ISA,2,1,13820000,6910000.0,13820000.0,50.0,100.0,44.83
11500535,등촌3동,여가·오락,펀드,2,1,17010000,8505000.0,17010000.0,50.0,100.0,55.17
11500535,등촌3동,음식·음료,ISA,1,1,45060000,45060000.0,45060000.0,25.0,100.0,38.37
11500535,등촌3동,음식·음료,예금,1,1,47590000,47590000.0,47590000.0,25.0,100.0,40.52
11500535,등촌3동,음식·음료,펀드,2,1,24800000,12400000.0,24800000.0,50.0,100.0,21.12
11500535,등촌3동,자동차·운송서비스,ISA,1,1,32190000,32190000.0,32190000.0,50.0,100.0,48.77
11500535,등촌3동,자동차·운송서비스,펀드,1,1,33820000,33820000.0,33820000.0,50.0,100.0,51.23
11500540,화곡1동,가구·인테리어,ISA,1,1,4970000,4970000.0,4970000.0,33.33,100.0,52.99
11500540,화곡1동,가구·인테리어,적금,2,1,4410000,2205000.0,4410000.0,66.67,100.0,47.01
11500540,화곡1동,생활서비스,ISA,2,1,39950000,19975000.0,39950000.0,50.0,50.0,33.89
11500540,화곡1동,생활서비스,예금,1,1,71010000,71010000.0,71010000.0,25.0,50.0,60.23
11500540,화곡1동,생활서비스,적금,1,1,6930000,6930000.0,6930000.0,25.0,50.0,5.88
11500540,화곡1동,식료품·편의소매,ISA,4,2,71030000,17757500.0,35515000.0,57.14,100.0,69.94
11500540,화곡1동,식료품·편의소매,적금,1,1,1190000,1190000.0,1190000.0,14.29,50.0,1.17
11500540,화곡1동,식료품·편의소매,펀드,2,2,29340000,14670000.0,14670000.0,28.57,100.0,28.89
11500540,화곡1동,패션·잡화,예금,1,1,68900000,68900000.0,68900000.0,50.0,100.0,90.14
11500540,화곡1동,패션·잡화,펀드,1,1,7540000,7540000.0,7540000.0,50.0,100.0,9.86
11500550,화곡2동,식료품·편의소매,ISA,1,1,13180000,13180000.0,13180000.0,50.0,100.0,74.34
11500550,화곡2동,식료품·편의소매,적금,1,1,4550000,4550000.0,4550000.0,50.0,100.0,25.66
11500550,화곡2동,여가·오락,예금,1,1,16930000,16930000.0,16930000.0,33.33,100.0,44.78
11500550,화곡2동,여가·오락,펀드,2,1,20880000,10440000.0,20880000.0,66.67,100.0,55.22
11500550,화곡2동,음식·음료,ISA,4,2,66890000,16722500.0,33445000.0,50.0,100.0,51.67
11500550,화곡2동,음식·음료,예금,1,1,48750000,48750000.0,48750000.0,12.5,50.0,37.66
11500550,화곡2동,음식·음료,적금,2,2,6550000,3275000.0,3275000.0,25.0,100.0,5.06
11500550,화곡2동,음식·음료,펀드,1,1,7260000,7260000.0,7260000.0,12.5,50.0,5.61
11500550,화곡2동,패션·잡화,ISA,1,1,51640000,51640000.0,51640000.0,25.0,100.0,30.55
11500550,화곡2동,패션·잡화,예금,2,1,100250000,50125000.0,100250000.0,50.0,100.0,59.31
11500550,화곡2동,패션·잡화,펀드,1,1,17150000,17150000.0,17150000.0,25.0,100.0,10.15
11500570,화곡4동,가구·인테리어,적금,1,1,2480000,2480000.0,2480000.0,100.0,100.0,100.0
11500570,화곡4동,문화·취미·반려,적금,1,1,6300000,6300000.0,6300000.0,100.0,100.0,100.0
11500570,화곡4동,식료품·편의소매,펀드,3,1,39730000,13243333.33,39730000.0,100.0,100.0,100.0
11500570,화곡4동,여가·오락,예금,1,1,29520000,29520000.0,29520000.0,100.0,100.0,100.0
11500570,화곡4동,음식·음료,ISA,1,1,12830000,12830000.0,12830000.0,50.0,100.0,45.43
11500570,화곡4동,음식·음료,펀드,1,1,15410000,15410000.0,15410000.0,50.0,100.0,54.57
11500570,화곡4동,자동차·운송서비스,예금,1,1,19690000,19690000.0,19690000.0,16.67,100.0,28.18
11500570,화곡4동,자동차·운송서비스,적금,1,1,12130000,12130000.0,12130000.0,16.67,100.0,17.36
11500570,화곡4동,자동차·운송서비스,펀드,4,1,38040000,9510000.0,38040000.0,66.67,100.0,54.45
11500570,화곡4동,전자기기·수리,적금,2,1,6970000,3485000.0,6970000.0,66.67,100.0,39.49
11500570,화곡4동,전자기기·수리,펀드,1,1,10680000,10680000.0,10680000.0,33.33,100.0,60.51
11500590,화곡본동,숙박,ISA,4,1,46510000,11627500.0,46510000.0,50.0,100.0,44.62
11500590,화곡본동,숙박,예금,1,1,30070000,30070000.0,30070000.0,12.5,100.0,28.85
11500590,화곡본동,숙박,적금,1,1,2380000,2380000.0,2380000.0,12.5,100.0,2.28
11500590,화곡본동,숙박,펀드,2,1,25270000,12635000.0,25270000.0,25.0,100.0,24.24
11500590,화곡본동,음식·음료,ISA,2,2,46260000,23130000.0,23130000.0,33.33,100.0,42.97
11500590,화곡본동,음식·음료,예금,1,1,18360000,18360000.0,18360000.0,16.67,50.0,17.06
11500590,화곡본동,음식·음료,적금,1,1,5330000,5330000.0,5330000.0,16.67,50.0,4.95
11500590,화곡본동,음식·음료,펀드,2,2,37700000,18850000.0,18850000.0,33.33,100.0,35.02
11500590,화곡본동,자동차·운송서비스,ISA,2,1,46930000,23465000.0,46930000.0,66.67,100.0,82.32
11500590,화곡본동,자동차·운송서비스,펀드,1,1,10080000,10080000.0,10080000.0,33.33,100.0,17.68
11500590,화곡본동,패션·잡화,ISA,1,1,35950000,35950000.0,35950000.0,16.67,100.0,24.05
11500590,화곡본동,패션·잡화,예금,2,1,87070000,43535000.0,87070000.0,33.33,100.0,58.25
11500590,화곡본동,패션·잡화,적금,2,1,12740000,6370000.0,12740000.0,33.33,100.0,8.52
11500590,화곡본동,패션·잡화,펀드,1,1,13710000,13710000.0,13710000.0,16.67,100.0,9.17
11500591,화곡6동,미용·뷰티,예금,1,1,50460000,50460000.0,50460000.0,100.0,100.0,100.0
11500593,화곡8동,가구·인테리어,ISA,1,1,43950000,43950000.0,43950000.0,100.0,100.0,100.0
11500593,화곡8동,자동차·운송서비스,ISA,1,1,19210000,19210000.0,19210000.0,50.0,100.0,43.0
11500593,화곡8동,자동차·운송서비스,예금,1,1,25460000,25460000.0,25460000.0,50.0,100.0,57.0
11500603,가양1동,가구·인테리어,ISA,1,1,33580000,33580000.0,33580000.0,25.0,50.0,28.03
11500603,가양1동,가구·인테리어,예금,3,1,86240000,28746666.67,86240000.0,75.0,50.0,71.97
11500603,가양1동,미용·뷰티,예금,2,1,158480000,79240000.0,158480000.0,50.0,100.0,74.44
11500603,가양1동,미용·뷰티,적금,1,1,17380000,17380000.0,17380000.0,25.0,100.0,8.16
11500603,가양1동,미용·뷰티,펀드,1,1,37050000,37050000.0,37050000.0,25.0,100.0,17.4
11500603,가양1동,전자기기·수리,ISA,1,1,6930000,6930000.0,6930000.0,33.33,100.0,12.97
11500603,가양1동,전자기기·수리,예금,1,1,36050000,36050000.0,36050000.0,33.33,100.0,67.45
11500603,가양1동,전자기기·수리,펀드,1,1,10470000,10470000.0,10470000.0,33.33,100.0,19.59
11500604,가양2동,생활서비스,ISA,5,2,74250000,14850000.0,37125000.0,55.56,100.0,68.68
11500604,가양2동,생활서비스,적금,1,1,3710000,3710000.0,3710000.0,11.11,50.0,3.43
11500604,가양2동,생활서비스,펀드,3,1,30150000,10050000.0,30150000.0,33.33,50.0,27.89
11500604,가양2동,식료품·편의소매,예금,5,2,186880000,37376000.0,93440000.0,55.56,100.0,79.99
11500604,가양2동,식료품·편의소매,적금,1,1,4780000,4780000.0,4780000.0,11.11,50.0,2.05
11500604,가양2동,식료품·편의소매,펀드,3,2,41960000,13986666.67,20980000.0,33.33,100.0,17.96
11500604,가양2동,패션·잡화,예금,1,1,34150000,34150000.0,34150000.0,50.0,100.0,50.15
11500604,가양2동,패션·잡화,펀드,1,1,33950000,33950000.0,33950000.0,50.0,100.0,49.85
11500605,가양3동,음식·음료,적금,2,2,10580000,5290000.0,5290000.0,50.0,100.0,21.7
11500605,가양3동,음식·음료,펀드,2,1,38170000,19085000.0,38170000.0,50.0,50.0,78.3
11500605,가양3동,전자기기·수리,ISA,1,1,6870000,6870000.0,6870000.0,50.0,100.0,61.34
11500605,가양3동,전자기기·수리,펀드,1,1,4330000,4330000.0,4330000.0,50.0,100.0,38.66
11500611,발산1동,가구·인테리어,ISA,1,1,11960000,11960000.0,11960000.0,14.29,100.0,19.38
11500611,발산1동,가구·인테리어,예금,1,1,27280000,27280000.0,27280000.0,14.29,100.0,44.21
11500611,발산1동,가구·인테리어,적금,2,1,4610000,2305000.0,4610000.0,28.57,100.0,7.47
11500611,발산1동,가구·인테리어,펀드,3,1,17860000,5953333.33,17860000.0,42.86,100.0,28.94
11500611,발산1동,생활서비스,ISA,1,1,14440000,14440000.0,14440000.0,33.33,100.0,58.06
11500611,발산1동,생활서비스,적금,1,1,2140000,2140000.0,2140000.0,33.33,100.0,8.6
11500611,발산1동,생활서비스,펀드,1,1,8290000,8290000.0,8290000.0,33.33,100.0,33.33
11500611,발산1동,숙박,ISA,2,1,23390000,11695000.0,23390000.0,22.22,50.0,17.5
11500611,발산1동,숙박,예금,1,1,18980000,18980000.0,18980000.0,11.11,50.0,14.2
11500611,발산1동,숙박,적금,2,1,9400000,4700000.0,9400000.0,22.22,50.0,7.03
11500611,발산1동,숙박,펀드,4,1,81910000,20477500.0,81910000.0,44.44,50.0,61.27
11500611,발산1동,식료품·편의소매,예금,3,1,70430000,23476666.67,70430000.0,100.0,100.0,100.0
11500611,발산1동,음식·음료,ISA,1,1,26000000,26000000.0,26000000.0,50.0,100.0,27.29
11500611,발산1동,음식·음료,예금,1,1,69260000,69260000.0,69260000.0,50.0,100.0,72.71
11500611,발산1동,자동차·운송서비스,예금,1,1,19190000,19190000.0,19190000.0,50.0,100.0,80.26
11500611,발산1동,자동차·운송서비스,적금,1,1,4720000,4720000.0,4720000.0,50.0,100.0,19.74
11500615,우장산동,문화·취미·반려,예금,3,1,128160000,42720000.0,128160000.0,100.0,100.0,100.0
11500615,우장산동,미용·뷰티,ISA,1,1,49850000,49850000.0,49850000.0,25.0,100.0,37.18
11500615,우장산동,미용·뷰티,예금,2,1,77890000,38945000.0,77890000.0,50.0,100.0,58.09
11500615,우장산동,미용·뷰티,적금,1,1,6350000,6350000.0,6350000.0,25.0,100.0,4.74
11500615,우장산동,식료품·편의소매,ISA,3,1,43770000,14590000.0,43770000.0,75.0,100.0,93.61
11500615,우장산동,식료품·편의소매,적금,1,1,2990000,2990000.0,2990000.0,25.0,100.0,6.39
11500620,공항동,가구·인테리어,적금,1,1,7850000,7850000.0,7850000.0,100.0,100.0,100.0
11500620,공항동,문화·취미·반려,ISA,1,1,20840000,20840000.0,20840000.0,20.0,100.0,31.1
11500620,공항동,문화·취미·반려,펀드,4,1,46160000,11540000.0,46160000.0,80.0,100.0,68.9
11500620,공항동,음식·음료,ISA,1,1,21650000,21650000.0,21650000.0,100.0,100.0,100.0
11500630,방화1동,가구·인테리어,적금,3,1,14360000,4786666.67,14360000.0,50.0,100.0,32.33
11500630,방화1동,가구·인테리어,펀드,3,1,30060000,10020000.0,30060000.0,50.0,100.0,67.67
11500630,방화1동,문화·취미·반려,예금,3,1,135080000,45026666.67,135080000.0,42.86,100.0,77.33
11500630,방화1동,문화·취미·반려,적금,2,1,13150000,6575000.0,13150000.0,28.57,100.0,7.53
11500630,방화1동,문화·취미·반려,펀드,2,1,26440000,13220000.0,26440000.0,28.57,100.0,15.14
11500630,방화1동,미용·뷰티,펀드,1,1,9920000,9920000.0,9920000.0,100.0,100.0,100.0
11500630,방화1동,생활서비스,예금,1,1,39550000,39550000.0,39550000.0,33.33,100.0,53.77
11500630,방화1동,생활서비스,적금,1,1,7670000,7670000.0,7670000.0,33.33,100.0,10.43
11500630,방화1동,생활서비스,펀드,1,1,26330000,26330000.0,26330000.0,33.33,100.0,35.8
11500630,방화1동,여가·오락,ISA,3,1,81480000,27160000.0,81480000.0,100.0,100.0,100.0
11500630,방화1동,패션·잡화,예금,2,1,90730000,45365000.0,90730000.0,100.0,100.0,100.0
11500640,방화2동,가구·인테리어,ISA,1,1,28580000,28580000.0,28580000.0,50.0,100.0,83.2
11500640,방화2동,가구·인테리어,펀드,1,1,5770000,5770000.0,5770000.0,50.0,100.0,16.8
11500640,방화2동,미용·뷰티,ISA,1,1,12970000,12970000.0,12970000.0,20.0,50.0,13.89
11500640,방화2동,미용·뷰티,예금,1,1,36140000,36140000.0,36140000.0,20.0,50.0,38.69
11500640,방화2동,미용·뷰티,펀드,3,2,44300000,14766666.67,22150000.0,60.0,100.0,47.43
11500640,방화2동,숙박,ISA,2,1,43530000,21765000.0,43530000.0,28.57,100.0,62.95
11500640,방화2동,숙박,적금,4,1,15430000,3857500.0,15430000.0,57.14,100.0,22.31
11500640,방화2동,숙박,펀드,1,1,10190000,10190000.0,10190000.0,14.29,100.0,14.74
11500640,방화2동,식료품·편의소매,ISA,2,1,21920000,10960000.0,21920000.0,50.0,100.0,65.01
11500640,방화2동,식료품·편의소매,적금,2,1,11800000,5900000.0,11800000.0,50.0,100.0,34.99
11500641,방화3동,문화·취미·반려,예금,2,1,57030000,28515000.0,57030000.0,66.67,100.0,91.41
11500641,방화3동,문화·취미·반려,적금,1,1,5360000,5360000.0,5360000.0,33.33,100.0,8.59
11500641,방화3동,생활서비스,ISA,1,1,15520000,15520000.0,15520000.0,12.5,33.33,17.61
11500641,방화3동,생활서비스,적금,1,1,2050000,2050000.0,2050000.0,12.5,33.33,2.33
11500641,방화3동,생활서비스,펀드,6,3,70550000,11758333.33,23516666.67,75.0,100.0,80.06
11530510,신도림동,문화·취미·반려,ISA,2,1,44700000,22350000.0,44700000.0,33.33,50.0,39.25
11530510,신도림동,문화·취미·반려,예금,1,1,21960000,21960000.0,21960000.0,16.67,50.0,19.28
11530510,신도림동,문화·취미·반려,펀드,3,2,47220000,15740000.0,23610000.0,50.0,100.0,41.46
11530510,신도림동,식료품·편의소매,ISA,1,1,13140000,13140000.0,13140000.0,33.33,100.0,55.96
11530510,신도림동,식료품·편의소매,적금,2,1,10340000,5170000.0,10340000.0,66.67,100.0,44.04
11530510,신도림동,여가·오락,ISA,1,1,36520000,36520000.0,36520000.0,100.0,100.0,100.0
11530510,신도림동,음식·음료,ISA,1,1,32930000,32930000.0,32930000.0,25.0,50.0,19.45
11530510,신도림동,음식·음료,예금,3,2,136370000,45456666.67,68185000.0,75.0,100.0,80.55
11530510,신도림동,패션·잡화,예금,3,1,126540000,42180000.0,126540000.0,75.0,100.0,81.58
11530510,신도림동,패션·잡화,펀드,1,1,28580000,28580000.0,28580000.0,25.0,100.0,18.42
11530520,구로1동,생활서비스,ISA,1,1,16700000,16700000.0,16700000.0,33.33,50.0,36.85
11530520,구로1동,생활서비스,예금,1,1,16670000,16670000.0,16670000.0,33.33,50.0,36.78
11530520,구로1동,생활서비스,펀드,1,1,11950000,11950000.0,11950000.0,33.33,50.0,26.37
11530520,구로1동,식료품·편의소매,ISA,2,1,45350000,22675000.0,45350000.0,66.67,100.0,74.77
11530520,구로1동,식료품·편의소매,펀드,1,1,15300000,15300000.0,15300000.0,33.33,100.0,25.23
11530520,구로1동,음식·음료,ISA,1,1,21440000,21440000.0,21440000.0,20.0,100.0,31.75
11530520,구로1동,음식·음료,예금,1,1,23260000,23260000.0,23260000.0,20.0,100.0,34.44
11530520,구로1동,음식·음료,적금,2,1,6620000,3310000.0,6620000.0,40.0,100.0,9.8
11530520,구로1동,음식·음료,펀드,1,1,16210000,16210000.0,16210000.0,20.0,100.0,24.0
11530520,구로1동,전자기기·수리,ISA,1,1,27510000,27510000.0,27510000.0,50.0,100.0,79.95
11530520,구로1동,전자기기·수리,적금,1,1,6900000,6900000.0,6900000.0,50.0,100.0,20.05
11530530,구로2동,문화·취미·반려,ISA,2,1,26450000,13225000.0,26450000.0,18.18,33.33,12.74
11530530,구로2동,문화·취미·반려,예금,2,2,78780000,39390000.0,39390000.0,18.18,66.67,37.94
11530530,구로2동,문화·취미·반려,적금,2,2,14370000,7185000.0,7185000.0,18.18,66.67,6.92
11530530,구로2동,문화·취미·반려,펀드,5,3,88060000,17612000.0,29353333.33,45.45,100.0,42.41
11530530,구로2동,미용·뷰티,적금,2,1,4670000,2335000.0,4670000.0,100.0,100.0,100.0
11530530,구로2동,여가·오락,예금,1,1,27310000,27310000.0,27310000.0,50.0,100.0,86.7
11530530,구로2동,여가·오락,적금,1,1,4190000,4190000.0,4190000.0,50.0,100.0,13.3
11530530,구로2동,음식·음료,적금,2,1,12570000,6285000.0,12570000.0,50.0,100.0,29.53
11530530,구로2동,음식·음료,펀드,2,1,29990000,14995000.0,29990000.0,50.0,100.0,70.47
11530530,구로2동,전자기기·수리,예금,1,1,19280000,19280000.0,19280000.0,50.0,100.0,54.28
11530530,구로2동,전자기기·수리,펀드,1,1,16240000,16240000.0,16240000.0,50.0,100.0,45.72
11530530,구로2동,패션·잡화,예금,1,1,42270000,42270000.0,42270000.0,50.0,100.0,91.32
11530530,구로2동,패션·잡화,적금,1,1,4020000,4020000.0,4020000.0,50.0,100.0,8.68
11530540,구로3동,문화·취미·반려,ISA,1,1,21960000,21960000.0,21960000.0,50.0,100.0,56.64
11530540,구로3동,문화·취미·반려,펀드,1,1,16810000,16810000.0,16810000.0,50.0,100.0,43.36
11530540,구로3동,미용·뷰티,예금,6,1,264390000,44065000.0,264390000.0,85.71,100.0,97.45
11530540,구로3동,미용·뷰티,적금,1,1,6930000,6930000.0,6930000.0,14.29,100.0,2.55
11530540,구로3동,식료품·편의소매,예금,2,1,75510000,37755000.0,75510000.0,40.0,100.0,67.83
11530540,구로3동,식료품·편의소매,적금,1,1,6720000,6720000.0,6720000.0,20.0,100.0,6.04
11530540,구로3동,식료품·편의소매,펀드,2,1,29090000,14545000.0,29090000.0,40.0,100.0,26.13
11530540,구로3동,여가·오락,ISA,1,1,31970000,31970000.0,31970000.0,25.0,100.0,28.75
11530540,구로3동,여가·오락,예금,2,1,65070000,32535000.0,65070000.0,50.0,100.0,58.51
11530540,구로3동,여가·오락,펀드,1,1,14170000,14170000.0,14170000.0,25.0,100.0,12.74
11530540,구로3동,음식·음료,예금,2,2,61920000,30960000.0,30960000.0,40.0,100.0,77.23
11530540,구로3동,음식·음료,적금,1,1,2190000,2190000.0,2190000.0,20.0,50.0,2.73
11530540,구로3동,음식·음료,펀드,2,1,16070000,8035000.0,16070000.0,40.0,50.0,20.04
11530540,구로3동,패션·잡화,예금,1,1,13150000,13150000.0,13150000.0,50.0,100.0,79.31
11530540,구로3동,패션·잡화,적금,1,1,3430000,3430000.0,3430000.0,50.0,100.0,20.69
11530550,구로4동,미용·뷰티,ISA,1,1,14780000,14780000.0,14780000.0,25.0,100.0,23.57
11530550,구로4동,미용·뷰티,예금,1,1,41130000,41130000.0,41130000.0,25.0,100.0,65.59
11530550,구로4동,미용·뷰티,적금,2,1,6800000,3400000.0,6800000.0,50.0,100.0,10.84
11530550,구로4동,숙박,ISA,2,2,46630000,23315000.0,23315000.0,66.67,100.0,94.53
11530550,구로4동,숙박,적금,1,1,2700000,2700000.0,2700000.0,33.33,50.0,5.47
11530550,구로4동,음식·음료,ISA,1,1,28700000,28700000.0,28700000.0,16.67,100.0,21.4
11530550,구로4동,음식·음료,예금,3,1,91140000,30380000.0,91140000.0,50.0,100.0,67.94
11530550,구로4동,음식·음료,적금,1,1,4060000,4060000.0,4060000.0,16.67,100.0,3.03
11530550,구로4동,음식·음료,펀드,1,1,10240000,10240000.0,10240000.0,16.67,100.0,7.63
11530550,구로4동,전자기기·수리,적금,1,1,2690000,2690000.0,2690000.0,100.0,100.0,100.0
11530560,구로5동,가구·인테리어,ISA,2,1,25190000,12595000.0,25190000.0,66.67,100.0,84.56
11530560,구로5동,가구·인테리어,펀드,1,1,4600000,4600000.0,4600000.0,33.33,100.0,15.44
11530560,구로5동,문화·취미·반려,ISA,1,1,9860000,9860000.0,9860000.0,33.33,100.0,37.95
11530560,구로5동,문화·취미·반려,적금,1,1,3970000,3970000.0,3970000.0,33.33,100.0,15.28
11530560,구로5동,문화·취미·반려,펀드,1,1,12150000,12150000.0,12150000.0,33.33,100.0,46.77
11530560,구로5동,미용·뷰티,ISA,2,1,35460000,17730000.0,35460000.0,100.0,100.0,100.0
11530560,구로5동,생활서비스,ISA,3,2,79770000,26590000.0,39885000.0,60.0,100.0,76.73
11530560,구로5동,생활서비스,적금,1,1,2520000,2520000.0,2520000.0,20.0,50.0,2.42
11530560,구로5동,생활서비스,펀드,1,1,21670000,21670000.0,21670000.0,20.0,50.0,20.84
11530560,구로5동,식료품·편의소매,ISA,1,1,13600000,13600000.0,13600000.0,50.0,100.0,76.75
11530560,구로5동,식료품·편의소매,적금,1,1,4120000,4120000.0,4120000.0,50.0,100.0,23.25
11530595,가리봉동,미용·뷰티,예금,1,1,52650000,52650000.0,52650000.0,50.0,100.0,84.08
11530595,가리봉동,미용·뷰티,적금,1,1,9970000,9970000.0,9970000.0,50.0,100.0,15.92
11530595,가리봉동,숙박,ISA,1,1,13720000,13720000.0,13720000.0,33.33,100.0,60.47
11530595,가리봉동,숙박,적금,1,1,1990000,1990000.0,1990000.0,33.33,100.0,8.77
11530595,가리봉동,숙박,펀드,1,1,6980000,6980000.0,6980000.0,33.33,100.0,30.76
11530595,가리봉동,여가·오락,예금,1,1,34130000,34130000.0,34130000.0,25.0,100.0,60.92
11530595,가리봉동,여가·오락,적금,2,1,9620000,4810000.0,9620000.0,50.0,100.0,17.17
11530595,가리봉동,여가·오락,펀드,1,1,12270000,12270000.0,12270000.0,25.0,100.0,21.9
11530595,가리봉동,음식·음료,ISA,2,1,56760000,28380000.0,56760000.0,66.67,100.0,77.37
11530595,가리봉동,음식·음료,펀드,1,1,16600000,16600000.0,16600000.0,33.33,100.0,22.63
11530595,가리봉동,자동차·운송서비스,ISA,1,1,14320000,14320000.0,14320000.0,33.33,100.0,44.06
11530595,가리봉동,자동차·운송서비스,적금,1,1,4780000,4780000.0,4780000.0,33.33,100.0,14.71
11530595,가리봉동,자동차·운송서비스,펀드,1,1,13400000,13400000.0,13400000.0,33.33,100.0,41.23
11530720,고척1동,미용·뷰티,ISA,4,1,57020000,14255000.0,57020000.0,57.14,100.0,46.78
11530720,고척1동,미용·뷰티,예금,1,1,18860000,18860000.0,18860000.0,14.29,100.0,15.47
11530720,고척1동,미용·뷰티,펀드,2,1,46020000,23010000.0,46020000.0,28.57,100.0,37.75
11530720,고척1동,식료품·편의소매,ISA,1,1,9300000,9300000.0,9300000.0,50.0,100.0,64.99
11530720,고척1동,식료품·편의소매,펀드,1,1,5010000,5010000.0,5010000.0,50.0,100.0,35.01
11530720,고척1동,패션·잡화,예금,2,1,124990000,62495000.0,124990000.0,100.0,100.0,100.0
11530730,고척2동,여가·오락,ISA,1,1,9010000,9010000.0,9010000.0,33.33,100.0,50.17
11530730,고척2동,여가·오락,적금,2,1,8950000,4475000.0,8950000.0,66.67,100.0,49.83
11530730,고척2동,전자기기·수리,예금,2,1,80220000,40110000.0,80220000.0,66.67,100.0,82.04
11530730,고척2동,전자기기·수리,펀드,1,1,17560000,17560000.0,17560000.0,33.33,100.0,17.96
11530730,고척2동,패션·잡화,예금,1,1,32380000,32380000.0,32380000.0,33.33,100.0,71.13
11530730,고척2동,패션·잡화,적금,1,1,6580000,6580000.0,6580000.0,33.33,100.0,14.46
11530730,고척2동,패션·잡화,펀드,1,1,6560000,6560000.0,6560000.0,33.33,100.0,14.41
11530740,개봉1동,가구·인테리어,ISA,1,1,10590000,10590000.0,10590000.0,33.33,100.0,32.53
11530740,개봉1동,가구·인테리어,펀드,2,1,21960000,10980000.0,21960000.0,66.67,100.0,67.47
11530740,개봉1동,식료품·편의소매,예금,1,1,65080000,65080000.0,65080000.0,50.0,100.0,93.82
11530740,개봉1동,식료품·편의소매,적금,1,1,4290000,4290000.0,4290000.0,50.0,100.0,6.18
11530740,개봉1동,음식·음료,ISA,1,1,5110000,5110000.0,5110000.0,14.29,50.0,5.13
11530740,개봉1동,음식·음료,예금,2,2,66310000,33155000.0,33155000.0,28.57,100.0,66.58
11530740,개봉1동,음식·음료,적금,2,1,5640000,2820000.0,5640000.0,28.57,50.0,5.66
11530740,개봉1동,음식·음료,펀드,2,2,22540000,11270000.0,11270000.0,28.57,100.0,22.63
11530740,개봉1동,자동차·운송서비스,예금,1,1,29390000,29390000.0,29390000.0,33.33,100.0,45.96
11530740,개봉1동,자동차·운송서비스,펀드,2,1,34550000,17275000.0,34550000.0,66.67,100.0,54.04
11530750,개봉2동,생활서비스,예금,1,1,32360000,32360000.0,32360000.0,25.0,100.0,35.19
11530750,개봉2동,생활서비스,펀드,3,1,59590000,19863333.33,59590000.0,75.0,100.0,64.81
11530750,개봉2동,여가·오락,ISA,1,1,35050000,35050000.0,35050000.0,33.33,100.0,49.69
11530750,개봉2동,여가·오락,예금,1,1,31780000,31780000.0,31780000.0,33.33,100.0,45.05
11530750,개봉2동,여가·오락,적금,1,1,3710000,3710000.0,3710000.0,33.33,100.0,5.26
11530750,개봉2동,패션·잡화,예금,3,1,86320000,28773333.33,86320000.0,75.0,100.0,90.58
11530750,개봉2동,패션·잡화,적금,1,1,8980000,8980000.0,8980000.0,25.0,100.0,9.42
11530760,개봉3동,미용·뷰티,ISA,5,2,65890000,13178000.0,32945000.0,55.56,100.0,46.23
11530760,개봉3동,미용·뷰티,예금,1,1,46570000,46570000.0,46570000.0,11.11,50.0,32.67
11530760,개봉3동,미용·뷰티,적금,2,1,8680000,4340000.0,8680000.0,22.22,50.0,6.09
11530760,개봉3동,미용·뷰티,펀드,1,1,21390000,21390000.0,21390000.0,11.11,50.0,15.01
11530760,개봉3동,식료품·편의소매,ISA,1,1,33420000,33420000.0,33420000.0,50.0,100.0,68.78
11530760,개봉3동,식료품·편의소매,펀드,1,1,15170000,15170000.0,15170000.0,50.0,100.0,31.22
11530760,개봉3동,여가·오락,ISA,1,1,14720000,14720000.0,14720000.0,20.0,33.33,17.6
11530760,개봉3동,여가·오락,예금,1,1,37420000,37420000.0,37420000.0,20.0,33.33,44.75
11530760,개봉3동,여가·오락,적금,1,1,5690000,5690000.0,5690000.0,20.0,33.33,6.8
11530760,개봉3동,여가·오락,펀드,2,2,25790000,12895000.0,12895000.0,40.0,66.67,30.84
11530760,개봉3동,음식·음료,예금,1,1,17330000,17330000.0,17330000.0,100.0,100.0,100.0
11530760,개봉3동,전자기기·수리,ISA,1,1,14500000,14500000.0,14500000.0,25.0,100.0,11.8
11530760,개봉3동,전자기기·수리,예금,2,1,94840000,47420000.0,94840000.0,50.0,100.0,77.18
11530760,개봉3동,전자기기·수리,펀드,1,1,13540000,13540000.0,13540000.0,25.0,100.0,11.02
11530770,오류1동,문화·취미·반려,ISA,2,1,75400000,37700000.0,75400000.0,100.0,100.0,100.0
11530770,오류1동,음식·음료,적금,1,1,2570000,2570000.0,2570000.0,50.0,100.0,37.3
11530770,오류1동,음식·음료,펀드,1,1,4320000,4320000.0,4320000.0,50.0,100.0,62.7
11530770,오류1동,패션·잡화,ISA,1,1,5810000,5810000.0,5810000.0,100.0,100.0,100.0
11530780,오류2동,전자기기·수리,예금,2,1,47590000,23795000.0,47590000.0,50.0,100.0,81.52
11530780,오류2동,전자기기·수리,적금,2,1,10790000,5395000.0,10790000.0,50.0,100.0,18.48
11530790,수궁동,문화·취미·반려,펀드,2,1,41270000,20635000.0,41270000.0,100.0,100.0,100.0
11530790,수궁동,생활서비스,ISA,1,1,22750000,22750000.0,22750000.0,33.33,100.0,73.94
11530790,수궁동,생활서비스,적금,2,1,8020000,4010000.0,8020000.0,66.67,100.0,26.06
11530790,수궁동,여가·오락,적금,1,1,5650000,5650000.0,5650000.0,50.0,100.0,53.3
11530790,수궁동,여가·오락,펀드,1,1,4950000,4950000.0,4950000.0,50.0,100.0,46.7
11530790,수궁동,전자기기·수리,ISA,2,1,47090000,23545000.0,47090000.0,66.67,50.0,97.52
11530790,수궁동,전자기기·수리,적금,1,1,1200000,1200000.0,1200000.0,33.33,50.0,2.48
11545510,가산동,생활서비스,예금,1,1,53270000,53270000.0,53270000.0,100.0,100.0,100.0
11545510,가산동,음식·음료,ISA,1,1,11130000,11130000.0,11130000.0,25.0,100.0,50.8
11545510,가산동,음식·음료,적금,2,1,2890000,1445000.0,2890000.0,50.0,100.0,13.19
11545510,가산동,음식·음료,펀드,1,1,7890000,7890000.0,7890000.0,25.0,100.0,36.01
11545510,가산동,자동차·운송서비스,ISA,1,1,9520000,9520000.0,9520000.0,25.0,100.0,21.83
11545510,가산동,자동차·운송서비스,적금,1,1,5150000,5150000.0,5150000.0,25.0,100.0,11.81
11545510,가산동,자동차·운송서비스,펀드,2,1,28940000,14470000.0,28940000.0,50.0,100.0,66.36
11545610,독산1동,문화·취미·반려,예금,2,1,53250000,26625000.0,53250000.0,100.0,100.0,100.0
11545610,독산1동,미용·뷰티,ISA,1,1,29960000,29960000.0,29960000.0,25.0,100.0,53.4
11545610,독산1동,미용·뷰티,적금,1,1,3550000,3550000.0,3550000.0,25.0,100.0,6.33
11545610,독산1동,미용·뷰티,펀드,2,1,22590000,11295000.0,22590000.0,50.0,100.0,40.27
11545610,독산1동,생활서비스,적금,2,1,4850000,2425000.0,4850000.0,100.0,100.0,100.0
11545610,독산1동,숙박,펀드,4,1,76890000,19222500.0,76890000.0,100.0,100.0,100.0
11545610,독산1동,식료품·편의소매,적금,2,1,3980000,1990000.0,3980000.0,100.0,100.0,100.0
11545610,독산1동,여가·오락,ISA,1,1,9260000,9260000.0,9260000.0,50.0,100.0,75.1
11545610,독산1동,여가·오락,적금,1,1,3070000,3070000.0,3070000.0,50.0,100.0,24.9
11545610,독산1동,자동차·운송서비스,ISA,2,2,62260000,31130000.0,31130000.0,50.0,100.0,77.96
11545610,독산1동,자동차·운송서비스,적금,1,1,6100000,6100000.0,6100000.0,25.0,50.0,7.64
11545610,독산1동,자동차·운송서비스,펀드,1,1,11500000,11500000.0,11500000.0,25.0,50.0,14.4
11545620,독산2동,여가·오락,ISA,2,1,52480000,26240000.0,52480000.0,40.0,100.0,72.72
11545620,독산2동,여가·오락,적금,1,1,3470000,3470000.0,3470000.0,20.0,100.0,4.81
11545620,독산2동,여가·오락,펀드,2,1,16220000,8110000.0,16220000.0,40.0,100.0,22.47
11545620,독산2동,패션·잡화,예금,2,1,44010000,22005000.0,44010000.0,50.0,100.0,59.67
11545620,독산2동,패션·잡화,적금,1,1,5940000,5940000.0,5940000.0,25.0,100.0,8.05
11545620,독산2동,패션·잡화,펀드,1,1,23810000,23810000.0,23810000.0,25.0,100.0,32.28
11545630,독산3동,가구·인테리어,ISA,1,1,11750000,11750000.0,11750000.0,33.33,100.0,56.74
11545630,독산3동,가구·인테리어,적금,2,1,8960000,4480000.0,8960000.0,66.67,100.0,43.26
11545630,독산3동,생활서비스,예금,1,1,23100000,23100000.0,23100000.0,33.33,100.0,70.49
11545630,독산3동,생활서비스,적금,1,1,2980000,2980000.0,2980000.0,33.33,100.0,9.09
11545630,독산3동,생활서비스,펀드,1,1,6690000,6690000.0,6690000.0,33.33,100.0,20.42
11545630,독산3동,음식·음료,ISA,1,1,21260000,21260000.0,21260000.0,50.0,100.0,63.58
11545630,독산3동,음식·음료,펀드,1,1,12180000,12180000.0,12180000.0,50.0,100.0,36.42
11545630,독산3동,패션·잡화,ISA,1,1,49910000,49910000.0,49910000.0,50.0,100.0,33.89
11545630,독산3동,패션·잡화,예금,1,1,97380000,97380000.0,97380000.0,50.0,100.0,66.11
11545640,독산4동,미용·뷰티,ISA,1,1,9320000,9320000.0,9320000.0,25.0,100.0,36.04
11545640,독산4동,미용·뷰티,적금,1,1,5230000,5230000.0,5230000.0,25.0,100.0,20.22
11545640,독산4동,미용·뷰티,펀드,2,1,11310000,5655000.0,11310000.0,50.0,100.0,43.74
11545640,독산4동,음식·음료,펀드,1,1,16590000,16590000.0,16590000.0,100.0,100.0,100.0
11545640,독산4동,패션·잡화,ISA,1,1,19760000,19760000.0,19760000.0,50.0,100.0,36.87
11545640,독산4동,패션·잡화,예금,1,1,33830000,33830000.0,33830000.0,50.0,100.0,63.13
11545670,시흥1동,미용·뷰티,ISA,2,2,58810000,29405000.0,29405000.0,40.0,66.67,72.52
11545670,시흥1동,미용·뷰티,적금,2,1,7340000,3670000.0,7340000.0,40.0,33.33,9.05
11545670,시흥1동,미용·뷰티,펀드,1,1,14950000,14950000.0,14950000.0,20.0,33.33,18.43
11545670,시흥1동,생활서비스,예금,1,1,54110000,54110000.0,54110000.0,50.0,50.0,78.15
11545670,시흥1동,생활서비스,펀드,1,1,15130000,15130000.0,15130000.0,50.0,50.0,21.85
11545670,시흥1동,숙박,ISA,3,1,63510000,21170000.0,63510000.0,42.86,50.0,49.59
11545670,시흥1동,숙박,예금,2,1,51320000,25660000.0,51320000.0,28.57,50.0,40.07
11545670,시흥1동,숙박,적금,2,1,13250000,6625000.0,13250000.0,28.57,50.0,10.35
11545670,시흥1동,음식·음료,ISA,3,1,59640000,19880000.0,59640000.0,50.0,50.0,29.48
11545670,시흥1동,음식·음료,예금,2,1,134830000,67415000.0,134830000.0,33.33,50.0,66.66
11545670,시흥1동,음식·음료,펀드,1,1,7810000,7810000.0,7810000.0,16.67,50.0,3.86
11545680,시흥2동,문화·취미·반려,ISA,1,1,6740000,6740000.0,6740000.0,16.67,50.0,9.18
11545680,시흥2동,문화·취미·반려,예금,2,2,51060000,25530000.0,25530000.0,33.33,100.0,69.56
11545680,시흥2동,문화·취미·반려,적금,3,2,15600000,5200000.0,7800000.0,50.0,100.0,21.25
11545680,시흥2동,미용·뷰티,ISA,1,1,19010000,19010000.0,19010000.0,25.0,100.0,31.56
11545680,시흥2동,미용·뷰티,펀드,3,1,41220000,13740000.0,41220000.0,75.0,100.0,68.44
11545680,시흥2동,식료품·편의소매,예금,2,1,65550000,32775000.0,65550000.0,40.0,100.0,59.96
11545680,시흥2동,식료품·편의소매,펀드,3,1,43770000,14590000.0,43770000.0,60.0,100.0,40.04
11545680,시흥2동,음식·음료,ISA,1,1,9670000,9670000.0,9670000.0,33.33,50.0,27.41
11545680,시흥2동,음식·음료,펀드,2,2,25610000,12805000.0,12805000.0,66.67,100.0,72.59
11545680,시흥2동,자동차·운송서비스,ISA,1,1,29620000,29620000.0,29620000.0,12.5,50.0,11.74
11545680,시흥2동,자동차·운송서비스,예금,5,2,187980000,37596000.0,93990000.0,62.5,100.0,74.52
11545680,시흥2동,자동차·운송서비스,펀드,2,1,34650000,17325000.0,34650000.0,25.0,50.0,13.74
11545690,시흥3동,여가·오락,ISA,2,2,68250000,34125000.0,34125000.0,33.33,100.0,48.74
11545690,시흥3동,여가·오락,적금,2,1,15670000,7835000.0,15670000.0,33.33,50.0,11.19
11545690,시흥3동,여가·오락,펀드,2,1,56100000,28050000.0,56100000.0,33.33,50.0,40.07
11545690,시흥3동,음식·음료,ISA,2,1,55010000,27505000.0,55010000.0,50.0,100.0,23.44
11545690,시흥3동,음식·음료,예금,1,1,171120000,171120000.0,171120000.0,25.0,100.0,72.9
11545690,시흥3동,음식·음료,펀드,1,1,8600000,8600000.0,8600000.0,25.0,100.0,3.66
11545700,시흥4동,문화·취미·반려,ISA,1,1,28470000,28470000.0,28470000.0,100.0,100.0,100.0
11545700,시흥4동,음식·음료,예금,1,1,43970000,43970000.0,43970000.0,33.33,100.0,84.22
11545700,시흥4동,음식·음료,적금,2,1,8240000,4120000.0,8240000.0,66.67,100.0,15.78
11545710,시흥5동,가구·인테리어,ISA,2,2,64660000,32330000.0,32330000.0,22.22,66.67,25.77
11545710,시흥5동,가구·인테리어,예금,3,2,139150000,46383333.33,69575000.0,33.33,66.67,55.45
11545710,시흥5동,가구·인테리어,적금,1,1,2750000,2750000.0,2750000.0,11.11,33.33,1.1
11545710,시흥5동,가구·인테리어,펀드,3,2,44400000,14800000.0,22200000.0,33.33,66.67,17.69
11545710,시흥5동,미용·뷰티,ISA,5,2,56090000,11218000.0,28045000.0,55.56,66.67,47.05
11545710,시흥5동,미용·뷰티,적금,1,1,5600000,5600000.0,5600000.0,11.11,33.33,4.7
11545710,시흥5동,미용·뷰티,펀드,3,1,57530000,19176666.67,57530000.0,33.33,33.33,48.26
11545710,시흥5동,자동차·운송서비스,ISA,1,1,43350000,43350000.0,43350000.0,33.33,100.0,51.29
11545710,시흥5동,자동차·운송서비스,예금,1,1,31460000,31460000.0,31460000.0,33.33,100.0,37.22
11545710,시흥5동,자동차·운송서비스,적금,1,1,9710000,9710000.0,9710000.0,33.33,100.0,11.49
11545710,시흥5동,패션·잡화,ISA,2,1,43020000,21510000.0,43020000.0,33.33,50.0,55.37
11545710,시흥5동,패션·잡화,적금,1,1,1390000,1390000.0,1390000.0,16.67,50.0,1.79
11545710,시흥5동,패션·잡화,펀드,3,1,33280000,11093333.33,33280000.0,50.0,50.0,42.84
11560515,영등포본동,미용·뷰티,ISA,2,1,43410000,21705000.0,43410000.0,66.67,100.0,88.94
11560515,영등포본동,미용·뷰티,적금,1,1,5400000,5400000.0,5400000.0,33.33,100.0,11.06
11560515,영등포본동,숙박,ISA,1,1,14860000,14860000.0,14860000.0,25.0,100.0,39.7
11560515,영등포본동,숙박,적금,1,1,2080000,2080000.0,2080000.0,25.0,100.0,5.56
11560515,영등포본동,숙박,펀드,2,1,20490000,10245000.0,20490000.0,50.0,100.0,54.74
11560515,영등포본동,식료품·편의소매,적금,2,2,10800000,5400000.0,5400000.0,50.0,100.0,26.67
11560515,영등포본동,식료품·편의소매,펀드,2,2,29690000,14845000.0,14845000.0,50.0,100.0,73.33
11560515,영등포본동,패션·잡화,예금,2,1,147760000,73880000.0,147760000.0,66.67,100.0,90.24
11560515,영등포본동,패션·잡화,펀드,1,1,15980000,15980000.0,15980000.0,33.33,100.0,9.76
11560535,영등포동,가구·인테리어,펀드,3,1,41000000,13666666.67,41000000.0,100.0,100.0,100.0
11560535,영등포동,문화·취미·반려,ISA,1,1,10410000,10410000.0,10410000.0,50.0,100.0,33.75
11560535,영등포동,문화·취미·반려,펀드,1,1,20430000,20430000.0,20430000.0,50.0,100.0,66.25
11560535,영등포동,숙박,ISA,1,1,9530000,9530000.0,9530000.0,33.33,100.0,46.31
11560535,영등포동,숙박,적금,2,1,11050000,5525000.0,11050000.0,66.67,100.0,53.69
11560535,영등포동,식료품·편의소매,ISA,1,1,13700000,13700000.0,13700000.0,20.0,100.0,15.51
11560535,영등포동,식료품·편의소매,예금,1,1,34990000,34990000.0,34990000.0,20.0,100.0,39.6
11560535,영등포동,식료품·편의소매,적금,1,1,3900000,3900000.0,3900000.0,20.0,100.0,4.41
11560535,영등포동,식료품·편의소매,펀드,2,1,35760000,17880000.0,35760000.0,40.0,100.0,40.48
11560535,영등포동,여가·오락,예금,1,1,34380000,34380000.0,34380000.0,100.0,100.0,100.0
11560535,영등포동,자동차·운송서비스,ISA,1,1,27810000,27810000.0,27810000.0,11.11,50.0,12.72
11560535,영등포동,자동차·운송서비스,예금,4,2,138620000,34655000.0,69310000.0,44.44,100.0,63.4
11560535,영등포동,자동차·운송서비스,적금,2,2,8530000,4265000.0,4265000.0,22.22,100.0,3.9
11560535,영등포동,자동차·운송서비스,펀드,2,2,43700000,21850000.0,21850000.0,22.22,100.0,19.99
11560540,여의동,가구·인테리어,ISA,1,1,12600000,12600000.0,12600000.0,16.67,50.0,43.55
11560540,여의동,가구·인테리어,적금,5,2,16330000,3266000.0,8165000.0,83.33,100.0,56.45
11560540,여의동,식료품·편의소매,ISA,4,2,48410000,12102500.0,24205000.0,26.67,50.0,22.52
11560540,여의동,식료품·편의소매,예금,1,1,37090000,37090000.0,37090000.0,6.67,25.0,17.26
11560540,여의동,식료품·편의소매,적금,4,3,17320000,4330000.0,5773333.33,26.67,75.0,8.06
11560540,여의동,식료품·편의소매,펀드,6,3,112130000,18688333.33,37376666.67,40.0,75.0,52.17
11560540,여의동,음식·음료,ISA,2,1,38850000,19425000.0,38850000.0,33.33,100.0,51.9
11560540,여의동,음식·음료,적금,2,1,8880000,4440000.0,8880000.0,33.33,100.0,11.86
11560540,여의동,음식·음료,펀드,2,1,27130000,13565000.0,27130000.0,33.33,100.0,36.24
11560540,여의동,자동차·운송서비스,ISA,1,1,19640000,19640000.0,19640000.0,25.0,50.0,22.02
11560540,여의동,자동차·운송서비스,예금,2,1,66650000,33325000.0,66650000.0,50.0,50.0,74.72
11560540,여의동,자동차·운송서비스,적금,1,1,2910000,2910000.0,2910000.0,25.0,50.0,3.26
11560540,여의동,패션·잡화,ISA,2,1,37340000,18670000.0,37340000.0,50.0,100.0,75.93
11560540,여의동,패션·잡화,펀드,2,1,11840000,5920000.0,11840000.0,50.0,100.0,24.07
11560550,당산1동,가구·인테리어,ISA,1,1,12970000,12970000.0,12970000.0,50.0,100.0,61.21
11560550,당산1동,가구·인테리어,펀드,1,1,8220000,8220000.0,8220000.0,50.0,100.0,38.79
11560550,당산1동,식료품·편의소매,ISA,1,1,16860000,16860000.0,16860000.0,33.33,100.0,41.4
11560550,당산1동,식료품·편의소매,펀드,2,1,23860000,11930000.0,23860000.0,66.67,100.0,58.6
11560550,당산1동,자동차·운송서비스,ISA,4,2,84370000,21092500.0,42185000.0,33.33,50.0,23.83
11560550,당산1동,자동차·운송서비스,예금,4,2,188240000,47060000.0,94120000.0,33.33,50.0,53.16
11560550,당산1동,자동차·운송서비스,펀드,4,2,81460000,20365000.0,40730000.0,33.33,50.0,23.01
11560550,당산1동,패션·잡화,ISA,1,1,22970000,22970000.0,22970000.0,33.33,100.0,22.77
11560550,당산1동,패션·잡화,예금,1,1,56710000,56710000.0,56710000.0,33.33,100.0,56.22
11560550,당산1동,패션·잡화,펀드,1,1,21190000,21190000.0,21190000.0,33.33,100.0,21.01
11560560,당산2동,미용·뷰티,예금,2,1,106940000,53470000.0,106940000.0,66.67,100.0,95.75
11560560,당산2동,미용·뷰티,적금,1,1,4750000,4750000.0,4750000.0,33.33,100.0,4.25
11560560,당산2동,생활서비스,적금,1,1,6070000,6070000.0,6070000.0,100.0,100.0,100.0
11560560,당산2동,식료품·편의소매,ISA,2,1,62870000,31435000.0,62870000.0,28.57,100.0,20.87
11560560,당산2동,식료품·편의소매,예금,2,1,142860000,71430000.0,142860000.0,28.57,100.0,47.43
11560560,당산2동,식료품·편의소매,적금,1,1,7330000,7330000.0,7330000.0,14.29,100.0,2.43
11560560,당산2동,식료품·편의소매,펀드,2,1,88140000,44070000.0,88140000.0,28.57,100.0,29.26
11560560,당산2동,음식·음료,ISA,1,1,28890000,28890000.0,28890000.0,20.0,100.0,26.98
11560560,당산2동,음식·음료,예금,2,1,65030000,32515000.0,65030000.0,40.0,100.0,60.73
11560560,당산2동,음식·음료,적금,1,1,4500000,4500000.0,4500000.0,20.0,100.0,4.2
11560560,당산2동,음식·음료,펀드,1,1,8660000,8660000.0,8660000.0,20.0,100.0,8.09
11560560,당산2동,자동차·운송서비스,예금,2,1,112900000,56450000.0,112900000.0,100.0,100.0,100.0
11560560,당산2동,전자기기·수리,ISA,3,1,72140000,24046666.67,72140000.0,60.0,100.0,89.92
11560560,당산2동,전자기기·수리,적금,1,1,3190000,3190000.0,3190000.0,20.0,100.0,3.98
11560560,당산2동,전자기기·수리,펀드,1,1,4900000,4900000.0,4900000.0,20.0,100.0,6.11
11560560,당산2동,패션·잡화,ISA,1,1,46070000,46070000.0,46070000.0,50.0,100.0,89.04
11560560,당산2동,패션·잡화,적금,1,1,5670000,5670000.0,5670000.0,50.0,100.0,10.96
11560585,도림동,미용·뷰티,ISA,2,1,32350000,16175000.0,32350000.0,40.0,50.0,38.95
11560585,도림동,미용·뷰티,예금,1,1,35740000,35740000.0,35740000.0,20.0,50.0,43.03
11560585,도림동,미용·뷰티,적금,1,1,5660000,5660000.0,5660000.0,20.0,50.0,6.81
11560585,도림동,미용·뷰티,펀드,1,1,9310000,9310000.0,9310000.0,20.0,50.0,11.21
11560585,도림동,음식·음료,예금,3,1,111900000,37300000.0,111900000.0,75.0,100.0,97.61
11560585,도림동,음식·음료,적금,1,1,2740000,2740000.0,2740000.0,25.0,100.0,2.39
11560585,도림동,자동차·운송서비스,ISA,1,1,14190000,14190000.0,14190000.0,50.0,100.0,59.87
11560585,도림동,자동차·운송서비스,펀드,1,1,9510000,9510000.0,9510000.0,50.0,100.0,40.13
11560585,도림동,전자기기·수리,ISA,3,1,37860000,12620000.0,37860000.0,60.0,100.0,52.8
11560585,도림동,전자기기·수리,적금,1,1,3690000,3690000.0,3690000.0,20.0,100.0,5.15
11560585,도림동,전자기기·수리,펀드,1,1,30160000,30160000.0,30160000.0,20.0,100.0,42.06
11560605,문래동,여가·오락,ISA,1,1,3540000,3540000.0,3540000.0,25.0,100.0,22.62
11560605,문래동,여가·오락,적금,3,1,12110000,4036666.67,12110000.0,75.0,100.0,77.38
11560610,양평1동,미용·뷰티,예금,1,1,84740000,84740000.0,84740000.0,33.33,50.0,88.37
11560610,양평1동,미용·뷰티,적금,1,1,4660000,4660000.0,4660000.0,33.33,50.0,4.86
11560610,양평1동,미용·뷰티,펀드,1,1,6490000,6490000.0,6490000.0,33.33,50.0,6.77
11560610,양평1동,음식·음료,적금,1,1,4080000,4080000.0,4080000.0,100.0,100.0,100.0
11560620,양평2동,문화·취미·반려,펀드,2,1,22120000,11060000.0,22120000.0,100.0,100.0,100.0
11560620,양평2동,미용·뷰티,ISA,1,1,16240000,16240000.0,16240000.0,50.0,100.0,64.42
11560620,양평2동,미용·뷰티,펀드,1,1,8970000,8970000.0,8970000.0,50.0,100.0,35.58
11560620,양평2동,식료품·편의소매,예금,1,1,56540000,56540000.0,56540000.0,50.0,100.0,69.52
11560620,양평2동,식료품·편의소매,펀드,1,1,24790000,24790000.0,24790000.0,50.0,100.0,30.48
11560620,양평2동,여가·오락,예금,2,1,67960000,33980000.0,67960000.0,50.0,100.0,76.75
11560620,양평2동,여가·오락,적금,1,1,8620000,8620000.0,8620000.0,25.0,100.0,9.73
11560620,양평2동,여가·오락,펀드,1,1,11970000,11970000.0,11970000.0,25.0,100.0,13.52
11560620,양평2동,자동차·운송서비스,ISA,1,1,68190000,68190000.0,68190000.0,25.0,100.0,48.95
11560620,양평2동,자동차·운송서비스,예금,1,1,43450000,43450000.0,43450000.0,25.0,100.0,31.19
11560620,양평2동,자동차·운송서비스,적금,1,1,7800000,7800000.0,7800000.0,25.0,100.0,5.6
11560620,양평2동,자동차·운송서비스,펀드,1,1,19870000,19870000.0,19870000.0,25.0,100.0,14.26
11560620,양평2동,패션·잡화,예금,2,1,100670000,50335000.0,100670000.0,66.67,100.0,81.69
11560620,양평2동,패션·잡화,펀드,1,1,22560000,22560000.0,22560000.0,33.33,100.0,18.31
11560630,신길1동,문화·취미·반려,예금,1,1,19720000,19720000.0,19720000.0,50.0,100.0,77.0
11560630,신길1동,문화·취미·반려,펀드,1,1,5890000,5890000.0,5890000.0,50.0,100.0,23.0
11560630,신길1동,숙박,ISA,1,1,30150000,30150000.0,30150000.0,25.0,100.0,48.51
11560630,신길1동,숙박,예금,2,1,29490000,14745000.0,29490000.0,50.0,100.0,47.45
11560630,신길1동,숙박,적금,1,1,2510000,2510000.0,2510000.0,25.0,100.0,4.04
11560630,신길1동,여가·오락,ISA,1,1,6140000,6140000.0,6140000.0,50.0,100.0,48.69
11560630,신길1동,여가·오락,펀드,1,1,6470000,6470000.0,6470000.0,50.0,100.0,51.31
11560650,신길3동,가구·인테리어,ISA,1,1,18160000,18160000.0,18160000.0,50.0,100.0,75.2
11560650,신길3동,가구·인테리어,펀드,1,1,5990000,5990000.0,5990000.0,50.0,100.0,24.8
11560650,신길3동,문화·취미·반려,ISA,2,1,52560000,26280000.0,52560000.0,40.0,100.0,69.76
11560650,신길3동,문화·취미·반려,적금,2,1,11270000,5635000.0,11270000.0,40.0,100.0,14.96
11560650,신길3동,문화·취미·반려,펀드,1,1,11510000,11510000.0,11510000.0,20.0,100.0,15.28
11560650,신길3동,생활서비스,예금,1,1,26120000,26120000.0,26120000.0,33.33,100.0,55.47
11560650,신길3동,생활서비스,적금,1,1,3110000,3110000.0,3110000.0,33.33,100.0,6.6
11560650,신길3동,생활서비스,펀드,1,1,17860000,17860000.0,17860000.0,33.33,100.0,37.93
11560650,신길3동,식료품·편의소매,ISA,1,1,11150000,11150000.0,11150000.0,33.33,100.0,16.88
11560650,신길3동,식료품·편의소매,예금,1,1,51770000,51770000.0,51770000.0,33.33,100.0,78.36
11560650,신길3동,식료품·편의소매,적금,1,1,3150000,3150000.0,3150000.0,33.33,100.0,4.77
11560660,신길4동,식료품·편의소매,ISA,1,1,21210000,21210000.0,21210000.0,33.33,100.0,24.59
11560660,신길4동,식료품·편의소매,예금,2,1,65050000,32525000.0,65050000.0,66.67,100.0,75.41
11560660,신길4동,음식·음료,예금,4,1,115940000,28985000.0,115940000.0,100.0,100.0,100.0
11560660,신길4동,자동차·운송서비스,ISA,2,2,39480000,19740000.0,19740000.0,28.57,100.0,18.78
11560660,신길4동,자동차·운송서비스,예금,3,2,151640000,50546666.67,75820000.0,42.86,100.0,72.14
11560660,신길4동,자동차·운송서비스,적금,1,1,5170000,5170000.0,5170000.0,14.29,50.0,2.46
11560660,신길4동,자동차·운송서비스,펀드,1,1,13910000,13910000.0,13910000.0,14.29,50.0,6.62
11560670,신길5동,식료품·편의소매,예금,1,1,53950000,53950000.0,53950000.0,100.0,100.0,100.0
11560670,신길5동,자동차·운송서비스,ISA,2,1,26720000,13360000.0,26720000.0,20.0,50.0,19.66
11560670,신길5동,자동차·운송서비스,예금,3,1,58300000,19433333.33,58300000.0,30.0,50.0,42.89
11560670,신길5동,자동차·운송서비스,적금,2,2,6130000,3065000.0,3065000.0,20.0,100.0,4.51
11560670,신길5동,자동차·운송서비스,펀드,3,1,44770000,14923333.33,44770000.0,30.0,50.0,32.94
11560680,신길6동,문화·취미·반려,ISA,2,1,108980000,54490000.0,108980000.0,33.33,50.0,52.15
11560680,신길6동,문화·취미·반려,예금,2,2,69910000,34955000.0,34955000.0,33.33,100.0,33.45
11560680,신길6동,문화·취미·반려,적금,1,1,2970000,2970000.0,2970000.0,16.67,50.0,1.42
11560680,신길6동,문화·취미·반려,펀드,1,1,27110000,27110000.0,27110000.0,16.67,50.0,12.97
11560680,신길6동,미용·뷰티,예금,1,1,48760000,48760000.0,48760000.0,50.0,100.0,66.03
11560680,신길6동,미용·뷰티,펀드,1,1,25090000,25090000.0,25090000.0,50.0,100.0,33.97
11560680,신길6동,숙박,ISA,1,1,23800000,23800000.0,23800000.0,33.33,100.0,46.25
11560680,신길6동,숙박,예금,1,1,18720000,18720000.0,18720000.0,33.33,100.0,36.38
11560680,신길6동,숙박,적금,1,1,8940000,8940000.0,8940000.0,33.33,100.0,17.37
11560680,신길6동,식료품·편의소매,ISA,1,1,13050000,13050000.0,13050000.0,33.33,100.0,22.74
11560680,신길6동,식료품·편의소매,예금,1,1,25310000,25310000.0,25310000.0,33.33,100.0,44.1
11560680,신길6동,식료품·편의소매,펀드,1,1,19030000,19030000.0,19030000.0,33.33,100.0,33.16
11560680,신길6동,여가·오락,적금,1,1,1930000,1930000.0,1930000.0,50.0,100.0,18.98
11560680,신길6동,여가·오락,펀드,1,1,8240000,8240000.0,8240000.0,50.0,100.0,81.02
11560680,신길6동,자동차·운송서비스,ISA,2,1,74340000,37170000.0,74340000.0,40.0,100.0,78.34
11560680,신길6동,자동차·운송서비스,적금,1,1,4420000,4420000.0,4420000.0,20.0,100.0,4.66
11560680,신길6동,자동차·운송서비스,펀드,2,1,16130000,8065000.0,16130000.0,40.0,100.0,17.0
11560680,신길6동,전자기기·수리,ISA,3,2,49030000,16343333.33,24515000.0,42.86,100.0,64.63
11560680,신길6동,전자기기·수리,적금,3,2,13970000,4656666.67,6985000.0,42.86,100.0,18.42
11560680,신길6동,전자기기·수리,펀드,1,1,12860000,12860000.0,12860000.0,14.29,50.0,16.95
11560690,신길7동,문화·취미·반려,ISA,1,1,33040000,33040000.0,33040000.0,16.67,50.0,24.86
11560690,신길7동,문화·취미·반려,예금,1,1,28570000,28570000.0,28570000.0,16.67,50.0,21.5
11560690,신길7동,문화·취미·반려,적금,1,1,5180000,5180000.0,5180000.0,16.67,50.0,3.9
11560690,신길7동,문화·취미·반려,펀드,3,2,66110000,22036666.67,33055000.0,50.0,100.0,49.74
11560690,신길7동,자동차·운송서비스,ISA,1,1,11020000,11020000.0,11020000.0,33.33,100.0,36.68
11560690,신길7동,자동차·운송서비스,예금,1,1,15580000,15580000.0,15580000.0,33.33,100.0,51.86
11560690,신길7동,자동차·운송서비스,적금,1,1,3440000,3440000.0,3440000.0,33.33,100.0,11.45
11560690,신길7동,전자기기·수리,적금,2,1,8400000,4200000.0,8400000.0,66.67,100.0,76.57
11560690,신길7동,전자기기·수리,펀드,1,1,2570000,2570000.0,2570000.0,33.33,100.0,23.43
11560700,대림1동,문화·취미·반려,예금,2,1,101240000,50620000.0,101240000.0,66.67,100.0,95.07
11560700,대림1동,문화·취미·반려,적금,1,1,5250000,5250000.0,5250000.0,33.33,100.0,4.93
11560700,대림1동,생활서비스,ISA,1,1,13440000,13440000.0,13440000.0,20.0,100.0,31.9
11560700,대림1동,생활서비스,적금,1,1,3470000,3470000.0,3470000.0,20.0,100.0,8.24
11560700,대림1동,생활서비스,펀드,3,1,25220000,8406666.67,25220000.0,60.0,100.0,59.86
11560700,대림1동,식료품·편의소매,ISA,2,1,71830000,35915000.0,71830000.0,100.0,100.0,100.0
11560700,대림1동,여가·오락,ISA,1,1,15110000,15110000.0,15110000.0,33.33,100.0,24.2
11560700,대림1동,여가·오락,펀드,2,1,47340000,23670000.0,47340000.0,66.67,100.0,75.8
11560700,대림1동,음식·음료,ISA,1,1,10710000,10710000.0,10710000.0,16.67,50.0,22.29
11560700,대림1동,음식·음료,예금,1,1,16550000,16550000.0,16550000.0,16.67,50.0,34.45
11560700,대림1동,음식·음료,적금,3,2,11670000,3890000.0,5835000.0,50.0,100.0,24.29
11560700,대림1동,음식·음료,펀드,1,1,9110000,9110000.0,9110000.0,16.67,50.0,18.96
11560700,대림1동,자동차·운송서비스,ISA,1,1,10620000,10620000.0,10620000.0,50.0,100.0,17.27
11560700,대림1동,자동차·운송서비스,예금,1,1,50880000,50880000.0,50880000.0,50.0,100.0,82.73
11560710,대림2동,가구·인테리어,ISA,3,3,45890000,15296666.67,15296666.67,42.86,100.0,26.83
11560710,대림2동,가구·인테리어,예금,1,1,80660000,80660000.0,80660000.0,14.29,33.33,47.17
11560710,대림2동,가구·인테리어,펀드,3,2,44460000,14820000.0,22230000.0,42.86,66.67,26.0
11560710,대림2동,미용·뷰티,ISA,1,1,11300000,11300000.0,11300000.0,50.0,100.0,71.93
11560710,대림2동,미용·뷰티,펀드,1,1,4410000,4410000.0,4410000.0,50.0,100.0,28.07
11560710,대림2동,숙박,예금,1,1,52950000,52950000.0,52950000.0,33.33,100.0,78.43
11560710,대림2동,숙박,적금,1,1,4760000,4760000.0,4760000.0,33.33,100.0,7.05
11560710,대림2동,숙박,펀드,1,1,9800000,9800000.0,9800000.0,33.33,100.0,14.52
11560720,대림3동,문화·취미·반려,예금,2,1,47180000,23590000.0,47180000.0,100.0,100.0,100.0
11560720,대림3동,식료품·편의소매,ISA,2,1,30110000,15055000.0,30110000.0,66.67,100.0,76.97
11560720,대림3동,식료품·편의소매,적금,1,1,9010000,9010000.0,9010000.0,33.33,100.0,23.03
11560720,대림3동,패션·잡화,ISA,3,2,46210000,15403333.33,23105000.0,37.5,100.0,31.31
11560720,대림3동,패션·잡화,예금,1,1,45130000,45130000.0,45130000.0,12.5,50.0,30.58
11560720,대림3동,패션·잡화,적금,1,1,4630000,4630000.0,4630000.0,12.5,50.0,3.14
11560720,대림3동,패션·잡화,펀드,3,2,51600000,17200000.0,25800000.0,37.5,100.0,34.97
11590510,노량진1동,가구·인테리어,ISA,1,1,4510000,4510000.0,4510000.0,33.33,100.0,53.12
11590510,노량진1동,가구·인테리어,적금,2,1,3980000,1990000.0,3980000.0,66.67,100.0,46.88
11590510,노량진1동,생활서비스,적금,2,1,8800000,4400000.0,8800000.0,100.0,100.0,100.0
11590510,노량진1동,자동차·운송서비스,ISA,3,1,60330000,20110000.0,60330000.0,75.0,100.0,64.93
11590510,노량진1동,자동차·운송서비스,예금,1,1,32580000,32580000.0,32580000.0,25.0,100.0,35.07
11590520,노량진2동,패션·잡화,ISA,3,1,43390000,14463333.33,43390000.0,50.0,100.0,55.44
11590520,노량진2동,패션·잡화,예금,1,1,25870000,25870000.0,25870000.0,16.67,100.0,33.06
11590520,노량진2동,패션·잡화,적금,1,1,2250000,2250000.0,2250000.0,16.67,100.0,2.88
11590520,노량진2동,패션·잡화,펀드,1,1,6750000,6750000.0,6750000.0,16.67,100.0,8.63
11590530,상도1동,문화·취미·반려,적금,3,1,10700000,3566666.67,10700000.0,75.0,100.0,68.41
11590530,상도1동,문화·취미·반려,펀드,1,1,4940000,4940000.0,4940000.0,25.0,100.0,31.59
11590530,상도1동,숙박,적금,1,1,3590000,3590000.0,3590000.0,50.0,100.0,16.56
11590530,상도1동,숙박,펀드,1,1,18090000,18090000.0,18090000.0,50.0,100.0,83.44
11590530,상도1동,식료품·편의소매,ISA,1,1,27240000,27240000.0,27240000.0,50.0,100.0,68.72
11590530,상도1동,식료품·편의소매,펀드,1,1,12400000,12400000.0,12400000.0,50.0,100.0,31.28
11590530,상도1동,음식·음료,예금,1,1,51160000,51160000.0,51160000.0,50.0,100.0,96.27
11590530,상도1동,음식·음료,적금,1,1,1980000,1980000.0,1980000.0,50.0,100.0,3.73
11590530,상도1동,패션·잡화,예금,2,1,165620000,82810000.0,165620000.0,66.67,100.0,98.02
11590530,상도1동,패션·잡화,적금,1,1,3350000,3350000.0,3350000.0,33.33,100.0,1.98
11590540,상도2동,식료품·편의소매,예금,1,1,68380000,68380000.0,68380000.0,50.0,100.0,93.11
11590540,상도2동,식료품·편의소매,적금,1,1,5060000,5060000.0,5060000.0,50.0,100.0,6.89
11590540,상도2동,여가·오락,ISA,1,1,11980000,11980000.0,11980000.0,20.0,100.0,29.54
11590540,상도2동,여가·오락,예금,1,1,11570000,11570000.0,11570000.0,20.0,100.0,28.53
11590540,상도2동,여가·오락,적금,1,1,5220000,5220000.0,5220000.0,20.0,100.0,12.87
11590540,상도2동,여가·오락,펀드,2,1,11790000,5895000.0,11790000.0,40.0,100.0,29.07
11590540,상도2동,음식·음료,펀드,1,1,13390000,13390000.0,13390000.0,100.0,100.0,100.0
11590540,상도2동,패션·잡화,ISA,1,1,8460000,8460000.0,8460000.0,16.67,50.0,14.23
11590540,상도2동,패션·잡화,적금,1,1,9880000,9880000.0,9880000.0,16.67,50.0,16.62
11590540,상도2동,패션·잡화,펀드,4,2,41120000,10280000.0,20560000.0,66.67,100.0,69.16
11590550,상도3동,생활서비스,예금,1,1,104590000,104590000.0,104590000.0,25.0,100.0,76.99
11590550,상도3동,생활서비스,적금,2,1,17210000,8605000.0,17210000.0,50.0,100.0,12.67
11590550,상도3동,생활서비스,펀드,1,1,14050000,14050000.0,14050000.0,25.0,100.0,10.34
11590550,상도3동,식료품·편의소매,예금,7,2,313770000,44824285.71,156885000.0,87.5,100.0,98.88
11590550,상도3동,식료품·편의소매,적금,1,1,3540000,3540000.0,3540000.0,12.5,50.0,1.12
11590550,상도3동,패션·잡화,예금,1,1,50050000,50050000.0,50050000.0,100.0,100.0,100.0
11590560,상도4동,가구·인테리어,ISA,2,1,45590000,22795000.0,45590000.0,33.33,100.0,29.56
11590560,상도4동,가구·인테리어,예금,1,1,43060000,43060000.0,43060000.0,16.67,100.0,27.92
11590560,상도4동,가구·인테리어,펀드,3,1,65580000,21860000.0,65580000.0,50.0,100.0,42.52
11590560,상도4동,미용·뷰티,ISA,1,1,7200000,7200000.0,7200000.0,33.33,100.0,35.54
11590560,상도4동,미용·뷰티,적금,1,1,3010000,3010000.0,3010000.0,33.33,100.0,14.86
11590560,상도4동,미용·뷰티,펀드,1,1,10050000,10050000.0,10050000.0,33.33,100.0,49.61
11590560,상도4동,전자기기·수리,예금,1,1,32080000,32080000.0,32080000.0,25.0,100.0,40.64
11590560,상도4동,전자기기·수리,적금,1,1,14120000,14120000.0,14120000.0,25.0,100.0,17.89
11590560,상도4동,전자기기·수리,펀드,2,1,32730000,16365000.0,32730000.0,50.0,100.0,41.47
11590605,흑석동,가구·인테리어,ISA,1,1,10300000,10300000.0,10300000.0,33.33,100.0,38.42
11590605,흑석동,가구·인테리어,적금,1,1,5530000,5530000.0,5530000.0,33.33,100.0,20.63
11590605,흑석동,가구·인테리어,펀드,1,1,10980000,10980000.0,10980000.0,33.33,100.0,40.95
11590605,흑석동,문화·취미·반려,ISA,1,1,12930000,12930000.0,12930000.0,25.0,50.0,49.11
11590605,흑석동,문화·취미·반려,적금,2,2,6790000,3395000.0,3395000.0,50.0,100.0,25.79
11590605,흑석동,문화·취미·반려,펀드,1,1,6610000,6610000.0,6610000.0,25.0,50.0,25.1
11590605,흑석동,미용·뷰티,예금,1,1,10480000,10480000.0,10480000.0,20.0,100.0,23.43
11590605,흑석동,미용·뷰티,적금,2,1,10600000,5300000.0,10600000.0,40.0,100.0,23.7
11590605,흑석동,미용·뷰티,펀드,2,1,23640000,11820000.0,23640000.0,40.0,100.0,52.86
11590605,흑석동,식료품·편의소매,ISA,2,1,39950000,19975000.0,39950000.0,33.33,50.0,35.07
11590605,흑석동,식료품·편의소매,예금,1,1,54100000,54100000.0,54100000.0,16.67,50.0,47.49
11590605,흑석동,식료품·편의소매,적금,2,1,8050000,4025000.0,8050000.0,33.33,50.0,7.07
11590605,흑석동,식료품·편의소매,펀드,1,1,11820000,11820000.0,11820000.0,16.67,50.0,10.38
11590605,흑석동,여가·오락,ISA,1,1,7080000,7080000.0,7080000.0,33.33,50.0,12.61
11590605,흑석동,여가·오락,예금,1,1,46250000,46250000.0,46250000.0,33.33,50.0,82.4
11590605,흑석동,여가·오락,적금,1,1,2800000,2800000.0,2800000.0,33.33,50.0,4.99
11590620,사당1동,미용·뷰티,펀드,1,1,7560000,7560000.0,7560000.0,100.0,100.0,100.0
11590620,사당1동,음식·음료,ISA,1,1,27720000,27720000.0,27720000.0,50.0,100.0,73.41
11590620,사당1동,음식·음료,펀드,1,1,10040000,10040000.0,10040000.0,50.0,100.0,26.59
11590620,사당1동,자동차·운송서비스,ISA,2,1,98860000,49430000.0,98860000.0,100.0,100.0,100.0
11590620,사당1동,패션·잡화,적금,2,1,5040000,2520000.0,5040000.0,100.0,100.0,100.0
11590630,사당2동,가구·인테리어,예금,1,1,53360000,53360000.0,53360000.0,33.33,100.0,60.34
11590630,사당2동,가구·인테리어,펀드,2,1,35070000,17535000.0,35070000.0,66.67,100.0,39.66
11590630,사당2동,미용·뷰티,ISA,3,1,49890000,16630000.0,49890000.0,60.0,100.0,51.16
11590630,사당2동,미용·뷰티,예금,1,1,40750000,40750000.0,40750000.0,20.0,100.0,41.79
11590630,사당2동,미용·뷰티,펀드,1,1,6880000,6880000.0,6880000.0,20.0,100.0,7.05
11590630,사당2동,자동차·운송서비스,ISA,1,1,16010000,16010000.0,16010000.0,50.0,100.0,33.39
11590630,사당2동,자동차·운송서비스,예금,1,1,31940000,31940000.0,31940000.0,50.0,100.0,66.61
11590630,사당2동,패션·잡화,펀드,2,1,15550000,7775000.0,15550000.0,100.0,100.0,100.0
11590640,사당3동,가구·인테리어,ISA,3,1,42510000,14170000.0,42510000.0,60.0,100.0,75.05
11590640,사당3동,가구·인테리어,적금,1,1,6190000,6190000.0,6190000.0,20.0,100.0,10.93
11590640,사당3동,가구·인테리어,펀드,1,1,7940000,7940000.0,7940000.0,20.0,100.0,14.02
11590640,사당3동,여가·오락,예금,1,1,29430000,29430000.0,29430000.0,50.0,100.0,95.24
11590640,사당3동,여가·오락,적금,1,1,1470000,1470000.0,1470000.0,50.0,100.0,4.76
11590640,사당3동,음식·음료,ISA,3,2,55500000,18500000.0,27750000.0,33.33,66.67,50.16
11590640,사당3동,음식·음료,적금,2,2,4420000,2210000.0,2210000.0,22.22,66.67,3.99
11590640,사당3동,음식·음료,펀드,4,2,50730000,12682500.0,25365000.0,44.44,66.67,45.85
11590640,사당3동,패션·잡화,ISA,1,1,5690000,5690000.0,5690000.0,12.5,50.0,3.38
11590640,사당3동,패션·잡화,예금,2,1,100050000,50025000.0,100050000.0,25.0,50.0,59.35
11590640,사당3동,패션·잡화,적금,2,1,5290000,2645000.0,5290000.0,25.0,50.0,3.14
11590640,사당3동,패션·잡화,펀드,3,2,57550000,19183333.33,28775000.0,37.5,100.0,34.14
11590650,사당4동,미용·뷰티,예금,2,1,76590000,38295000.0,76590000.0,100.0,100.0,100.0
11590650,사당4동,생활서비스,예금,1,1,36980000,36980000.0,36980000.0,33.33,100.0,50.85
11590650,사당4동,생활서비스,펀드,2,1,35740000,17870000.0,35740000.0,66.67,100.0,49.15
11590650,사당4동,식료품·편의소매,ISA,1,1,7520000,7520000.0,7520000.0,100.0,100.0,100.0
11590651,사당5동,미용·뷰티,ISA,1,1,5340000,5340000.0,5340000.0,25.0,100.0,10.29
11590651,사당5동,미용·뷰티,예금,1,1,38290000,38290000.0,38290000.0,25.0,100.0,73.82
11590651,사당5동,미용·뷰티,적금,2,1,8240000,4120000.0,8240000.0,50.0,100.0,15.89
11590651,사당5동,식료품·편의소매,펀드,3,2,54010000,18003333.33,27005000.0,100.0,100.0,100.0
11590660,대방동,음식·음료,ISA,1,1,21130000,21130000.0,21130000.0,14.29,50.0,10.98
11590660,대방동,음식·음료,예금,4,1,150140000,37535000.0,150140000.0,57.14,50.0,78.0
11590660,대방동,음식·음료,적금,1,1,4260000,4260000.0,4260000.0,14.29,50.0,2.21
11590660,대방동,음식·음료,펀드,1,1,16950000,16950000.0,16950000.0,14.29,50.0,8.81
11590670,신대방1동,생활서비스,ISA,4,3,79640000,19910000.0,26546666.67,25.0,60.0,19.25
11590670,신대방1동,생활서비스,예금,3,2,189190000,63063333.33,94595000.0,18.75,40.0,45.73
11590670,신대방1동,생활서비스,적금,1,1,3310000,3310000.0,3310000.0,6.25,20.0,0.8
11590670,신대방1동,생활서비스,펀드,8,5,141540000,17692500.0,28308000.0,50.0,100.0,34.21
11590670,신대방1동,식료품·편의소매,ISA,1,1,6720000,6720000.0,6720000.0,50.0,100.0,54.95
11590670,신대방1동,식료품·편의소매,적금,1,1,5510000,5510000.0,5510000.0,50.0,100.0,45.05
11590670,신대방1동,음식·음료,적금,1,1,3190000,3190000.0,3190000.0,50.0,100.0,19.94
11590670,신대방1동,음식·음료,펀드,1,1,12810000,12810000.0,12810000.0,50.0,100.0,80.06
11590670,신대방1동,패션·잡화,ISA,2,1,26630000,13315000.0,26630000.0,66.67,100.0,89.91
11590670,신대방1동,패션·잡화,적금,1,1,2990000,2990000.0,2990000.0,33.33,100.0,10.09
11590680,신대방2동,가구·인테리어,ISA,2,2,47090000,23545000.0,23545000.0,28.57,100.0,44.44
11590680,신대방2동,가구·인테리어,적금,1,1,2410000,2410000.0,2410000.0,14.29,50.0,2.27
11590680,신대방2동,가구·인테리어,펀드,4,2,56470000,14117500.0,28235000.0,57.14,100.0,53.29
11590680,신대방2동,미용·뷰티,ISA,1,1,16870000,16870000.0,16870000.0,20.0,100.0,33.49
11590680,신대방2동,미용·뷰티,적금,2,1,6380000,3190000.0,6380000.0,40.0,100.0,12.66
11590680,신대방2동,미용·뷰티,펀드,2,1,27130000,13565000.0,27130000.0,40.0,100.0,53.85
11590680,신대방2동,생활서비스,예금,1,1,27850000,27850000.0,27850000.0,50.0,100.0,89.18
11590680,신대방2동,생활서비스,적금,1,1,3380000,3380000.0,3380000.0,50.0,100.0,10.82
11590680,신대방2동,패션·잡화,ISA,3,2,63540000,21180000.0,31770000.0,50.0,100.0,70.32
11590680,신대방2동,패션·잡화,적금,1,1,2940000,2940000.0,2940000.0,16.67,50.0,3.25
11590680,신대방2동,패션·잡화,펀드,2,2,23880000,11940000.0,11940000.0,33.33,100.0,26.43
11620525,보라매동,문화·취미·반려,ISA,1,1,24490000,24490000.0,24490000.0,25.0,50.0,47.66
11620525,보라매동,문화·취미·반려,적금,1,1,5130000,5130000.0,5130000.0,25.0,50.0,9.98
11620525,보라매동,문화·취미·반려,펀드,2,2,21770000,10885000.0,10885000.0,50.0,100.0,42.36
11620525,보라매동,미용·뷰티,예금,2,1,61050000,30525000.0,61050000.0,100.0,100.0,100.0
11620525,보라매동,여가·오락,예금,3,1,134240000,44746666.67,134240000.0,60.0,100.0,80.7
11620525,보라매동,여가·오락,펀드,2,1,32100000,16050000.0,32100000.0,40.0,100.0,19.3
11620525,보라매동,음식·음료,ISA,3,1,50700000,16900000.0,50700000.0,75.0,100.0,66.25
11620525,보라매동,음식·음료,펀드,1,1,25830000,25830000.0,25830000.0,25.0,100.0,33.75
11620525,보라매동,자동차·운송서비스,예금,2,1,95600000,47800000.0,95600000.0,100.0,100.0,100.0
11620545,청림동,미용·뷰티,ISA,1,1,12450000,12450000.0,12450000.0,33.33,100.0,38.37
11620545,청림동,미용·뷰티,펀드,2,1,20000000,10000000.0,20000000.0,66.67,100.0,61.63
11620545,청림동,식료품·편의소매,예금,1,1,25270000,25270000.0,25270000.0,25.0,100.0,25.75
11620545,청림동,식료품·편의소매,펀드,3,1,72850000,24283333.33,72850000.0,75.0,100.0,74.25
11620565,성현동,여가·오락,ISA,1,1,20800000,20800000.0,20800000.0,33.33,100.0,24.42
11620565,성현동,여가·오락,예금,2,1,64370000,32185000.0,64370000.0,66.67,100.0,75.58
11620565,성현동,음식·음료,적금,1,1,2790000,2790000.0,2790000.0,100.0,100.0,100.0
11620565,성현동,전자기기·수리,적금,2,1,6390000,3195000.0,6390000.0,66.67,100.0,71.48
11620565,성현동,전자기기·수리,펀드,1,1,2550000,2550000.0,2550000.0,33.33,100.0,28.52
11620575,행운동,가구·인테리어,적금,2,1,6000000,3000000.0,6000000.0,40.0,100.0,16.74
11620575,행운동,가구·인테리어,펀드,3,1,29850000,9950000.0,29850000.0,60.0,100.0,83.26
11620575,행운동,생활서비스,ISA,2,2,14380000,7190000.0,7190000.0,66.67,100.0,26.02
11620575,행운동,생활서비스,예금,1,1,40880000,40880000.0,40880000.0,33.33,50.0,73.98
11620575,행운동,여가·오락,ISA,3,1,64850000,21616666.67,64850000.0,75.0,100.0,68.34
11620575,행운동,여가·오락,예금,1,1,30040000,30040000.0,30040000.0,25.0,100.0,31.66
11620575,행운동,자동차·운송서비스,적금,2,1,10550000,5275000.0,10550000.0,40.0,100.0,28.74
11620575,행운동,자동차·운송서비스,펀드,3,1,26160000,8720000.0,26160000.0,60.0,100.0,71.26
11620575,행운동,전자기기·수리,적금,2,1,13180000,6590000.0,13180000.0,100.0,100.0,100.0
11620585,낙성대동,문화·취미·반려,ISA,2,1,27640000,13820000.0,27640000.0,40.0,100.0,19.38
11620585,낙성대동,문화·취미·반려,예금,3,1,114980000,38326666.67,114980000.0,60.0,100.0,80.62
11620585,낙성대동,식료품·편의소매,ISA,2,1,50540000,25270000.0,50540000.0,40.0,100.0,45.0
11620585,낙성대동,식료품·편의소매,예금,1,1,33620000,33620000.0,33620000.0,20.0,100.0,29.94
11620585,낙성대동,식료품·편의소매,펀드,2,1,28150000,14075000.0,28150000.0,40.0,100.0,25.06
11620595,청룡동,숙박,ISA,1,1,19150000,19150000.0,19150000.0,33.33,100.0,16.83
11620595,청룡동,숙박,예금,2,1,94660000,47330000.0,94660000.0,66.67,100.0,83.17
11620605,은천동,가구·인테리어,펀드,1,1,11950000,11950000.0,11950000.0,100.0,100.0,100.0
11620615,중앙동,생활서비스,예금,1,1,39660000,39660000.0,39660000.0,33.33,50.0,61.18
11620615,중앙동,생활서비스,펀드,2,1,25160000,12580000.0,25160000.0,66.67,50.0,38.82
11620615,중앙동,식료품·편의소매,예금,2,2,50030000,25015000.0,25015000.0,33.33,66.67,85.95
11620615,중앙동,식료품·편의소매,적금,4,2,8180000,2045000.0,4090000.0,66.67,66.67,14.05
11620615,중앙동,여가·오락,ISA,1,1,39670000,39670000.0,39670000.0,25.0,50.0,29.83
11620615,중앙동,여가·오락,예금,2,2,90550000,45275000.0,45275000.0,50.0,100.0,68.1
11620615,중앙동,여가·오락,적금,1,1,2750000,2750000.0,2750000.0,25.0,50.0,2.07
11620615,중앙동,음식·음료,예금,2,1,123710000,61855000.0,123710000.0,66.67,100.0,95.82
11620615,중앙동,음식·음료,적금,1,1,5390000,5390000.0,5390000.0,33.33,100.0,4.18
11620625,인헌동,음식·음료,ISA,1,1,49750000,49750000.0,49750000.0,33.33,100.0,63.77
11620625,인헌동,음식·음료,예금,1,1,26290000,26290000.0,26290000.0,33.33,100.0,33.7
11620625,인헌동,음식·음료,적금,1,1,1980000,1980000.0,1980000.0,33.33,100.0,2.54
11620625,인헌동,자동차·운송서비스,예금,1,1,36160000,36160000.0,36160000.0,33.33,100.0,72.26
11620625,인헌동,자동차·운송서비스,적금,1,1,2170000,2170000.0,2170000.0,33.33,100.0,4.34
11620625,인헌동,자동차·운송서비스,펀드,1,1,11710000,11710000.0,11710000.0,33.33,100.0,23.4
11620625,인헌동,패션·잡화,적금,3,1,13680000,4560000.0,13680000.0,60.0,100.0,37.8
11620625,인헌동,패션·잡화,펀드,2,1,22510000,11255000.0,22510000.0,40.0,100.0,62.2
11620630,남현동,문화·취미·반려,ISA,1,1,15620000,15620000.0,15620000.0,25.0,100.0,33.54
11620630,남현동,문화·취미·반려,적금,1,1,4660000,4660000.0,4660000.0,25.0,100.0,10.01
11620630,남현동,문화·취미·반려,펀드,2,1,26290000,13145000.0,26290000.0,50.0,100.0,56.45
11620630,남현동,생활서비스,ISA,2,2,39100000,19550000.0,19550000.0,33.33,100.0,21.36
11620630,남현동,생활서비스,예금,2,2,110610000,55305000.0,55305000.0,33.33,100.0,60.43
11620630,남현동,생활서비스,펀드,2,2,33320000,16660000.0,16660000.0,33.33,100.0,18.2
11620630,남현동,여가·오락,ISA,1,1,8490000,8490000.0,8490000.0,33.33,100.0,39.54
11620630,남현동,여가·오락,펀드,2,1,12980000,6490000.0,12980000.0,66.67,100.0,60.46
11620630,남현동,음식·음료,예금,1,1,51350000,51350000.0,51350000.0,25.0,100.0,66.21
11620630,남현동,음식·음료,적금,1,1,7330000,7330000.0,7330000.0,25.0,100.0,9.45
11620630,남현동,음식·음료,펀드,2,1,18880000,9440000.0,18880000.0,50.0,100.0,24.34
11620645,서원동,가구·인테리어,ISA,1,1,14690000,14690000.0,14690000.0,12.5,50.0,11.83
11620645,서원동,가구·인테리어,예금,3,2,69250000,23083333.33,34625000.0,37.5,100.0,55.76
11620645,서원동,가구·인테리어,적금,2,1,8480000,4240000.0,8480000.0,25.0,50.0,6.83
11620645,서원동,가구·인테리어,펀드,2,2,31770000,15885000.0,15885000.0,25.0,100.0,25.58
11620645,서원동,문화·취미·반려,ISA,2,1,17040000,8520000.0,17040000.0,50.0,100.0,58.7
11620645,서원동,문화·취미·반려,적금,1,1,3120000,3120000.0,3120000.0,25.0,100.0,10.75
11620645,서원동,문화·취미·반려,펀드,1,1,8870000,8870000.0,8870000.0,25.0,100.0,30.55
11620645,서원동,숙박,ISA,1,1,9030000,9030000.0,9030000.0,25.0,100.0,12.82
11620645,서원동,숙박,예금,1,1,46060000,46060000.0,46060000.0,25.0,100.0,65.41
11620645,서원동,숙박,적금,1,1,5620000,5620000.0,5620000.0,25.0,100.0,7.98
11620645,서원동,숙박,펀드,1,1,9710000,9710000.0,9710000.0,25.0,100.0,13.79
11620645,서원동,식료품·편의소매,예금,3,1,172070000,57356666.67,172070000.0,100.0,100.0,100.0
11620655,신원동,가구·인테리어,예금,1,1,28940000,28940000.0,28940000.0,100.0,100.0,100.0
11620655,신원동,패션·잡화,ISA,1,1,11420000,11420000.0,11420000.0,50.0,100.0,88.19
11620655,신원동,패션·잡화,적금,1,1,1530000,1530000.0,1530000.0,50.0,100.0,11.81
11620665,서림동,가구·인테리어,ISA,1,1,15590000,15590000.0,15590000.0,14.29,50.0,10.27
11620665,서림동,가구·인테리어,예금,3,1,107010000,35670000.0,107010000.0,42.86,50.0,70.5
11620665,서림동,가구·인테리어,적금,1,1,3730000,3730000.0,3730000.0,14.29,50.0,2.46
11620665,서림동,가구·인테리어,펀드,2,2,25450000,12725000.0,12725000.0,28.57,100.0,16.77
11620665,서림동,문화·취미·반려,ISA,1,1,9990000,9990000.0,9990000.0,25.0,100.0,8.49
11620665,서림동,문화·취미·반려,예금,1,1,79340000,79340000.0,79340000.0,25.0,100.0,67.45
11620665,서림동,문화·취미·반려,펀드,2,1,28300000,14150000.0,28300000.0,50.0,100.0,24.06
11620665,서림동,음식·음료,ISA,2,2,22620000,11310000.0,11310000.0,33.33,100.0,60.37
11620665,서림동,음식·음료,적금,3,1,6540000,2180000.0,6540000.0,50.0,50.0,17.45
11620665,서림동,음식·음료,펀드,1,1,8310000,8310000.0,8310000.0,16.67,50.0,22.18
11620685,신사동,가구·인테리어,ISA,1,1,13150000,13150000.0,13150000.0,25.0,100.0,17.57
11620685,신사동,가구·인테리어,예금,3,1,61710000,20570000.0,61710000.0,75.0,100.0,82.43
11620685,신사동,문화·취미·반려,ISA,1,1,20860000,20860000.0,20860000.0,16.67,50.0,18.03
11620685,신사동,문화·취미·반려,예금,2,2,76170000,38085000.0,38085000.0,33.33,100.0,65.83
11620685,신사동,문화·취미·반려,적금,2,1,10360000,5180000.0,10360000.0,33.33,50.0,8.95
11620685,신사동,문화·취미·반려,펀드,1,1,8310000,8310000.0,8310000.0,16.67,50.0,7.18
11620685,신사동,패션·잡화,예금,2,1,68340000,34170000.0,68340000.0,33.33,100.0,75.23
11620685,신사동,패션·잡화,적금,3,1,12840000,4280000.0,12840000.0,50.0,100.0,14.13
11620685,신사동,패션·잡화,펀드,1,1,9660000,9660000.0,9660000.0,16.67,100.0,10.63
11620695,신림동,문화·취미·반려,ISA,2,2,37640000,18820000.0,18820000.0,40.0,100.0,28.54
11620695,신림동,문화·취미·반려,예금,2,2,79500000,39750000.0,39750000.0,40.0,100.0,60.29
11620695,신림동,문화·취미·반려,적금,1,1,14730000,14730000.0,14730000.0,20.0,50.0,11.17
11620695,신림동,미용·뷰티,ISA,2,2,39960000,19980000.0,19980000.0,66.67,100.0,30.79
11620695,신림동,미용·뷰티,예금,1,1,89820000,89820000.0,89820000.0,33.33,50.0,69.21
11620695,신림동,생활서비스,ISA,3,2,66970000,22323333.33,33485000.0,37.5,100.0,43.63
11620695,신림동,생활서비스,예금,1,1,17210000,17210000.0,17210000.0,12.5,50.0,11.21
11620695,신림동,생활서비스,적금,1,1,4190000,4190000.0,4190000.0,12.5,50.0,2.73
11620695,신림동,생활서비스,펀드,3,1,65140000,21713333.33,65140000.0,37.5,50.0,42.43
11620695,신림동,숙박,ISA,3,2,36680000,12226666.67,18340000.0,37.5,66.67,44.29
11620695,신림동,숙박,적금,3,2,18140000,6046666.67,9070000.0,37.5,66.67,21.9
11620695,신림동,숙박,펀드,2,2,28000000,14000000.0,14000000.0,25.0,66.67,33.81
11620715,난향동,미용·뷰티,펀드,1,1,20470000,20470000.0,20470000.0,100.0,100.0,100.0
11620715,난향동,식료품·편의소매,적금,1,1,8850000,8850000.0,8850000.0,33.33,100.0,18.79
11620715,난향동,식료품·편의소매,펀드,2,1,38260000,19130000.0,38260000.0,66.67,100.0,81.21
11620715,난향동,패션·잡화,ISA,2,1,45350000,22675000.0,45350000.0,22.22,33.33,22.29
11620715,난향동,패션·잡화,예금,3,2,116810000,38936666.67,58405000.0,33.33,66.67,57.4
11620715,난향동,패션·잡화,적금,1,1,12100000,12100000.0,12100000.0,11.11,33.33,5.95
11620715,난향동,패션·잡화,펀드,3,1,29240000,9746666.67,29240000.0,33.33,33.33,14.37
11620725,조원동,가구·인테리어,ISA,1,1,9570000,9570000.0,9570000.0,25.0,100.0,18.97
11620725,조원동,가구·인테리어,예금,1,1,17410000,17410000.0,17410000.0,25.0,100.0,34.5
11620725,조원동,가구·인테리어,펀드,2,1,23480000,11740000.0,23480000.0,50.0,100.0,46.53
11620725,조원동,문화·취미·반려,ISA,3,2,43090000,14363333.33,21545000.0,50.0,100.0,59.57
11620725,조원동,문화·취미·반려,펀드,3,2,29240000,9746666.67,14620000.0,50.0,100.0,40.43
11620725,조원동,미용·뷰티,ISA,1,1,23430000,23430000.0,23430000.0,33.33,100.0,76.07
11620725,조원동,미용·뷰티,적금,2,1,7370000,3685000.0,7370000.0,66.67,100.0,23.93
11620725,조원동,생활서비스,ISA,1,1,18090000,18090000.0,18090000.0,25.0,100.0,73.21
11620725,조원동,생활서비스,적금,3,1,6620000,2206666.67,6620000.0,75.0,100.0,26.79
11620725,조원동,자동차·운송서비스,ISA,1,1,12960000,12960000.0,12960000.0,20.0,100.0,18.47
11620725,조원동,자동차·운송서비스,적금,1,1,3210000,3210000.0,3210000.0,20.0,100.0,4.58
11620725,조원동,자동차·운송서비스,펀드,3,1,53980000,17993333.33,53980000.0,60.0,100.0,76.95
11620735,대학동,문화·취미·반려,ISA,1,1,19690000,19690000.0,19690000.0,33.33,100.0,53.48
11620735,대학동,문화·취미·반려,적금,1,1,4620000,4620000.0,4620000.0,33.33,100.0,12.55
11620735,대학동,문화·취미·반려,펀드,1,1,12510000,12510000.0,12510000.0,33.33,100.0,33.98
11620745,삼성동,미용·뷰티,펀드,1,1,24390000,24390000.0,24390000.0,100.0,100.0,100.0
11620765,미성동,가구·인테리어,ISA,1,1,27800000,27800000.0,27800000.0,33.33,100.0,51.89
11620765,미성동,가구·인테리어,적금,1,1,7200000,7200000.0,7200000.0,33.33,100.0,13.44
11620765,미성동,가구·인테리어,펀드,1,1,18580000,18580000.0,18580000.0,33.33,100.0,34.68
11620765,미성동,문화·취미·반려,ISA,3,1,48550000,16183333.33,48550000.0,60.0,100.0,82.92
11620765,미성동,문화·취미·반려,적금,1,1,2140000,2140000.0,2140000.0,20.0,100.0,3.65
11620765,미성동,문화·취미·반려,펀드,1,1,7860000,7860000.0,7860000.0,20.0,100.0,13.42
11620765,미성동,미용·뷰티,ISA,1,1,16990000,16990000.0,16990000.0,25.0,100.0,48.17
11620765,미성동,미용·뷰티,적금,2,1,7590000,3795000.0,7590000.0,50.0,100.0,21.52
11620765,미성동,미용·뷰티,펀드,1,1,10690000,10690000.0,10690000.0,25.0,100.0,30.31
11620765,미성동,생활서비스,ISA,1,1,17240000,17240000.0,17240000.0,12.5,33.33,16.8
11620765,미성동,생활서비스,적금,2,1,7500000,3750000.0,7500000.0,25.0,33.33,7.31
11620765,미성동,생활서비스,펀드,5,2,77850000,15570000.0,38925000.0,62.5,66.67,75.88
11620765,미성동,여가·오락,ISA,1,1,33430000,33430000.0,33430000.0,25.0,100.0,32.13
11620765,미성동,여가·오락,예금,2,1,66090000,33045000.0,66090000.0,50.0,100.0,63.53
11620765,미성동,여가·오락,적금,1,1,4510000,4510000.0,4510000.0,25.0,100.0,4.34
11620765,미성동,자동차·운송서비스,ISA,2,1,42970000,21485000.0,42970000.0,28.57,50.0,25.83
11620765,미성동,자동차·운송서비스,예금,3,2,113760000,37920000.0,56880000.0,42.86,100.0,68.38
11620765,미성동,자동차·운송서비스,적금,2,1,9640000,4820000.0,9640000.0,28.57,50.0,5.79
11620775,난곡동,자동차·운송서비스,예금,1,1,39640000,39640000.0,39640000.0,50.0,100.0,70.75
11620775,난곡동,자동차·운송서비스,펀드,1,1,16390000,16390000.0,16390000.0,50.0,100.0,29.25
11620775,난곡동,전자기기·수리,ISA,3,1,47000000,15666666.67,47000000.0,60.0,100.0,62.89
11620775,난곡동,전자기기·수리,펀드,2,1,27730000,13865000.0,27730000.0,40.0,100.0,37.11
11650510,서초1동,가구·인테리어,ISA,1,1,7330000,7330000.0,7330000.0,20.0,100.0,13.42
11650510,서초1동,가구·인테리어,예금,1,1,36280000,36280000.0,36280000.0,20.0,100.0,66.45
11650510,서초1동,가구·인테리어,적금,3,1,10990000,3663333.33,10990000.0,60.0,100.0,20.13
11650510,서초1동,자동차·운송서비스,예금,1,1,42040000,42040000.0,42040000.0,50.0,100.0,88.88
11650510,서초1동,자동차·운송서비스,펀드,1,1,5260000,5260000.0,5260000.0,50.0,100.0,11.12
11650520,서초2동,미용·뷰티,ISA,3,2,35590000,11863333.33,17795000.0,37.5,100.0,48.36
11650520,서초2동,미용·뷰티,적금,2,2,13020000,6510000.0,6510000.0,25.0,100.0,17.69
11650520,서초2동,미용·뷰티,펀드,3,2,24990000,8330000.0,12495000.0,37.5,100.0,33.95
11650520,서초2동,생활서비스,ISA,1,1,15050000,15050000.0,15050000.0,25.0,100.0,36.84
11650520,서초2동,생활서비스,적금,2,1,14350000,7175000.0,14350000.0,50.0,100.0,35.13
11650520,서초2동,생활서비스,펀드,1,1,11450000,11450000.0,11450000.0,25.0,100.0,28.03
11650520,서초2동,여가·오락,예금,3,1,155530000,51843333.33,155530000.0,50.0,50.0,86.31
11650520,서초2동,여가·오락,적금,2,2,9380000,4690000.0,4690000.0,33.33,100.0,5.21
11650520,서초2동,여가·오락,펀드,1,1,15290000,15290000.0,15290000.0,16.67,50.0,8.49
11650520,서초2동,음식·음료,예금,1,1,52750000,52750000.0,52750000.0,25.0,50.0,55.57
11650520,서초2동,음식·음료,펀드,3,2,42180000,14060000.0,21090000.0,75.0,100.0,44.43
11650520,서초2동,패션·잡화,ISA,2,1,44550000,22275000.0,44550000.0,28.57,50.0,41.15
11650520,서초2동,패션·잡화,적금,1,1,4220000,4220000.0,4220000.0,14.29,50.0,3.9
11650520,서초2동,패션·잡화,펀드,4,2,59480000,14870000.0,29740000.0,57.14,100.0,54.95
11650530,서초3동,가구·인테리어,적금,3,1,11900000,3966666.67,11900000.0,75.0,100.0,65.49
11650530,서초3동,가구·인테리어,펀드,1,1,6270000,6270000.0,6270000.0,25.0,100.0,34.51
11650530,서초3동,미용·뷰티,ISA,1,1,26110000,26110000.0,26110000.0,16.67,50.0,23.74
11650530,서초3동,미용·뷰티,예금,1,1,35830000,35830000.0,35830000.0,16.67,50.0,32.58
11650530,서초3동,미용·뷰티,적금,2,1,7940000,3970000.0,7940000.0,33.33,50.0,7.22
11650530,서초3동,미용·뷰티,펀드,2,1,40100000,20050000.0,40100000.0,33.33,50.0,36.46
11650530,서초3동,생활서비스,예금,2,1,67070000,33535000.0,67070000.0,66.67,100.0,90.99
11650530,서초3동,생활서비스,적금,1,1,6640000,6640000.0,6640000.0,33.33,100.0,9.01
11650530,서초3동,식료품·편의소매,적금,2,1,5600000,2800000.0,5600000.0,66.67,100.0,44.27
11650530,서초3동,식료품·편의소매,펀드,1,1,7050000,7050000.0,7050000.0,33.33,100.0,55.73
11650530,서초3동,자동차·운송서비스,ISA,1,1,14870000,14870000.0,14870000.0,50.0,100.0,41.11
11650530,서초3동,자동차·운송서비스,예금,1,1,21300000,21300000.0,21300000.0,50.0,100.0,58.89
11650530,서초3동,패션·잡화,ISA,2,1,40980000,20490000.0,40980000.0,100.0,100.0,100.0
11650531,서초4동,전자기기·수리,적금,2,1,5890000,2945000.0,5890000.0,100.0,100.0,100.0
11650540,잠원동,가구·인테리어,적금,1,1,4180000,4180000.0,4180000.0,100.0,100.0,100.0
11650540,잠원동,문화·취미·반려,예금,2,1,89840000,44920000.0,89840000.0,50.0,100.0,88.69
11650540,잠원동,문화·취미·반려,적금,1,1,3830000,3830000.0,3830000.0,25.0,100.0,3.78
11650540,잠원동,문화·취미·반려,펀드,1,1,7630000,7630000.0,7630000.0,25.0,100.0,7.53
11650540,잠원동,미용·뷰티,ISA,1,1,33510000,33510000.0,33510000.0,50.0,100.0,39.04
11650540,잠원동,미용·뷰티,예금,1,1,52330000,52330000.0,52330000.0,50.0,100.0,60.96
11650540,잠원동,숙박,ISA,4,2,136110000,34027500.0,68055000.0,50.0,100.0,53.56
11650540,잠원동,숙박,예금,1,1,62600000,62600000.0,62600000.0,12.5,50.0,24.63
11650540,잠원동,숙박,펀드,3,1,55420000,18473333.33,55420000.0,37.5,50.0,21.81
11650540,잠원동,식료품·편의소매,ISA,1,1,7030000,7030000.0,7030000.0,33.33,100.0,19.84
11650540,잠원동,식료품·편의소매,예금,1,1,12840000,12840000.0,12840000.0,33.33,100.0,36.24
11650540,잠원동,식료품·편의소매,펀드,1,1,15560000,15560000.0,15560000.0,33.33,100.0,43.92
11650540,잠원동,패션·잡화,예금,1,1,35060000,35060000.0,35060000.0,50.0,100.0,80.21
11650540,잠원동,패션·잡화,펀드,1,1,8650000,8650000.0,8650000.0,50.0,100.0,19.79
11650550,반포본동,문화·취미·반려,ISA,3,1,43480000,14493333.33,43480000.0,60.0,100.0,85.61
11650550,반포본동,문화·취미·반려,적금,1,1,2220000,2220000.0,2220000.0,20.0,100.0,4.37
11650550,반포본동,문화·취미·반려,펀드,1,1,5090000,5090000.0,5090000.0,20.0,100.0,10.02
11650550,반포본동,미용·뷰티,예금,2,1,52450000,26225000.0,52450000.0,66.67,100.0,80.99
11650550,반포본동,미용·뷰티,펀드,1,1,12310000,12310000.0,12310000.0,33.33,100.0,19.01
11650550,반포본동,패션·잡화,예금,2,1,62090000,31045000.0,62090000.0,66.67,100.0,86.69
11650550,반포본동,패션·잡화,펀드,1,1,9530000,9530000.0,9530000.0,33.33,100.0,13.31
11650560,반포1동,문화·취미·반려,예금,1,1,22960000,22960000.0,22960000.0,50.0,100.0,67.81
11650560,반포1동,문화·취미·반려,펀드,1,1,10900000,10900000.0,10900000.0,50.0,100.0,32.19
11650560,반포1동,음식·음료,펀드,1,1,12190000,12190000.0,12190000.0,100.0,100.0,100.0
11650570,반포2동,문화·취미·반려,예금,2,1,118470000,59235000.0,118470000.0,40.0,100.0,71.5
11650570,반포2동,문화·취미·반려,적금,1,1,6980000,6980000.0,6980000.0,20.0,100.0,4.21
11650570,반포2동,문화·취미·반려,펀드,2,1,40250000,20125000.0,40250000.0,40.0,100.0,24.29
11650570,반포2동,생활서비스,ISA,2,1,66680000,33340000.0,66680000.0,100.0,100.0,100.0
11650570,반포2동,패션·잡화,예금,3,1,120160000,40053333.33,120160000.0,75.0,100.0,91.52
11650570,반포2동,패션·잡화,적금,1,1,11140000,11140000.0,11140000.0,25.0,100.0,8.48
11650580,반포3동,음식·음료,ISA,1,1,6290000,6290000.0,6290000.0,33.33,100.0,43.47
11650580,반포3동,음식·음료,적금,2,1,8180000,4090000.0,8180000.0,66.67,100.0,56.53
11650580,반포3동,자동차·운송서비스,ISA,1,1,8890000,8890000.0,8890000.0,50.0,100.0,42.72
11650580,반포3동,자동차·운송서비스,펀드,1,1,11920000,11920000.0,11920000.0,50.0,100.0,57.28
11650580,반포3동,전자기기·수리,ISA,1,1,12460000,12460000.0,12460000.0,16.67,100.0,12.81
11650580,반포3동,전자기기·수리,예금,1,1,68120000,68120000.0,68120000.0,16.67,100.0,70.03
11650580,반포3동,전자기기·수리,적금,1,1,4590000,4590000.0,4590000.0,16.67,100.0,4.72
11650580,반포3동,전자기기·수리,펀드,3,1,12100000,4033333.33,12100000.0,50.0,100.0,12.44
11650581,반포4동,가구·인테리어,ISA,1,1,8380000,8380000.0,8380000.0,33.33,100.0,9.78
11650581,반포4동,가구·인테리어,예금,2,1,77340000,38670000.0,77340000.0,66.67,100.0,90.22
11650581,반포4동,생활서비스,ISA,3,3,95430000,31810000.0,31810000.0,37.5,100.0,52.53
11650581,반포4동,생활서비스,예금,1,1,41880000,41880000.0,41880000.0,12.5,33.33,23.05
11650581,반포4동,생활서비스,적금,1,1,6840000,6840000.0,6840000.0,12.5,33.33,3.77
11650581,반포4동,생활서비스,펀드,3,3,37510000,12503333.33,12503333.33,37.5,100.0,20.65
11650581,반포4동,숙박,ISA,1,1,33190000,33190000.0,33190000.0,33.33,100.0,34.51
11650581,반포4동,숙박,예금,2,1,62990000,31495000.0,62990000.0,66.67,100.0,65.49
11650581,반포4동,식료품·편의소매,펀드,2,1,20550000,10275000.0,20550000.0,100.0,100.0,100.0
11650581,반포4동,자동차·운송서비스,ISA,1,1,8860000,8860000.0,8860000.0,25.0,50.0,35.48
11650581,반포4동,자동차·운송서비스,적금,2,1,6380000,3190000.0,6380000.0,50.0,50.0,25.55
11650581,반포4동,자동차·운송서비스,펀드,1,1,9730000,9730000.0,9730000.0,25.0,50.0,38.97
11650590,방배본동,문화·취미·반려,예금,1,1,72380000,72380000.0,72380000.0,50.0,100.0,91.4
11650590,방배본동,문화·취미·반려,적금,1,1,6810000,6810000.0,6810000.0,50.0,100.0,8.6
11650590,방배본동,여가·오락,ISA,1,1,25510000,25510000.0,25510000.0,25.0,100.0,14.74
11650590,방배본동,여가·오락,예금,2,1,141570000,70785000.0,141570000.0,50.0,100.0,81.82
11650590,방배본동,여가·오락,적금,1,1,5950000,5950000.0,5950000.0,25.0,100.0,3.44
11650590,방배본동,음식·음료,ISA,2,1,20460000,10230000.0,20460000.0,40.0,100.0,28.5
11650590,방배본동,음식·음료,예금,1,1,32230000,32230000.0,32230000.0,20.0,100.0,44.89
11650590,방배본동,음식·음료,적금,1,1,4130000,4130000.0,4130000.0,20.0,100.0,5.75
11650590,방배본동,음식·음료,펀드,1,1,14980000,14980000.0,14980000.0,20.0,100.0,20.86
11650590,방배본동,패션·잡화,ISA,1,1,26750000,26750000.0,26750000.0,33.33,100.0,28.98
11650590,방배본동,패션·잡화,예금,1,1,52450000,52450000.0,52450000.0,33.33,100.0,56.82
11650590,방배본동,패션·잡화,펀드,1,1,13110000,13110000.0,13110000.0,33.33,100.0,14.2
11650600,방배1동,가구·인테리어,예금,1,1,30140000,30140000.0,30140000.0,33.33,100.0,56.35
11650600,방배1동,가구·인테리어,적금,1,1,3640000,3640000.0,3640000.0,33.33,100.0,6.81
11650600,방배1동,가구·인테리어,펀드,1,1,19710000,19710000.0,19710000.0,33.33,100.0,36.85
11650600,방배1동,문화·취미·반려,ISA,2,1,57560000,28780000.0,57560000.0,50.0,100.0,37.02
11650600,방배1동,문화·취미·반려,예금,2,1,97910000,48955000.0,97910000.0,50.0,100.0,62.98
11650600,방배1동,미용·뷰티,ISA,2,1,57420000,28710000.0,57420000.0,50.0,100.0,50.78
11650600,방배1동,미용·뷰티,예금,1,1,42320000,42320000.0,42320000.0,25.0,100.0,37.42
11650600,방배1동,미용·뷰티,펀드,1,1,13340000,13340000.0,13340000.0,25.0,100.0,11.8
11650600,방배1동,전자기기·수리,ISA,1,1,20970000,20970000.0,20970000.0,33.33,100.0,37.28
11650600,방배1동,전자기기·수리,펀드,2,1,35280000,17640000.0,35280000.0,66.67,100.0,62.72
11650600,방배1동,패션·잡화,ISA,3,1,54040000,18013333.33,54040000.0,75.0,50.0,59.39
11650600,방배1동,패션·잡화,예금,1,1,36950000,36950000.0,36950000.0,25.0,50.0,40.61
11650610,방배2동,미용·뷰티,적금,3,1,10380000,3460000.0,10380000.0,100.0,100.0,100.0
11650610,방배2동,생활서비스,적금,2,1,11890000,5945000.0,11890000.0,66.67,100.0,44.77
11650610,방배2동,생활서비스,펀드,1,1,14670000,14670000.0,14670000.0,33.33,100.0,55.23
11650610,방배2동,식료품·편의소매,예금,1,1,44430000,44430000.0,44430000.0,33.33,100.0,78.48
11650610,방배2동,식료품·편의소매,적금,2,1,12180000,6090000.0,12180000.0,66.67,100.0,21.52
11650610,방배2동,여가·오락,적금,1,1,4360000,4360000.0,4360000.0,50.0,100.0,43.0
11650610,방배2동,여가·오락,펀드,1,1,5780000,5780000.0,5780000.0,50.0,100.0,57.0
11650610,방배2동,음식·음료,ISA,1,1,11890000,11890000.0,11890000.0,33.33,100.0,26.8
11650610,방배2동,음식·음료,예금,1,1,20980000,20980000.0,20980000.0,33.33,100.0,47.29
11650610,방배2동,음식·음료,펀드,1,1,11490000,11490000.0,11490000.0,33.33,100.0,25.9
11650610,방배2동,자동차·운송서비스,ISA,2,1,30980000,15490000.0,30980000.0,33.33,50.0,28.9
11650610,방배2동,자동차·운송서비스,예금,2,2,67260000,33630000.0,33630000.0,33.33,100.0,62.74
11650610,방배2동,자동차·운송서비스,적금,2,1,8970000,4485000.0,8970000.0,33.33,50.0,8.37
11650620,방배3동,미용·뷰티,예금,1,1,34170000,34170000.0,34170000.0,25.0,100.0,62.55
11650620,방배3동,미용·뷰티,적금,2,1,8430000,4215000.0,8430000.0,50.0,100.0,15.43
11650620,방배3동,미용·뷰티,펀드,1,1,12030000,12030000.0,12030000.0,25.0,100.0,22.02
11650620,방배3동,식료품·편의소매,ISA,5,1,82060000,16412000.0,82060000.0,83.33,100.0,94.69
11650620,방배3동,식료품·편의소매,적금,1,1,4600000,4600000.0,4600000.0,16.67,100.0,5.31
11650620,방배3동,음식·음료,ISA,1,1,15520000,15520000.0,15520000.0,25.0,100.0,17.28
11650620,방배3동,음식·음료,예금,1,1,32820000,32820000.0,32820000.0,25.0,100.0,36.54
11650620,방배3동,음식·음료,펀드,2,1,41470000,20735000.0,41470000.0,50.0,100.0,46.18
11650620,방배3동,자동차·운송서비스,예금,2,2,42690000,21345000.0,21345000.0,28.57,100.0,45.21
11650620,방배3동,자동차·운송서비스,적금,3,2,15350000,5116666.67,7675000.0,42.86,100.0,16.26
11650620,방배3동,자동차·운송서비스,펀드,2,1,36380000,18190000.0,36380000.0,28.57,50.0,38.53
11650621,방배4동,미용·뷰티,적금,3,1,11960000,3986666.67,11960000.0,100.0,100.0,100.0
11650621,방배4동,생활서비스,예금,1,1,21550000,21550000.0,21550000.0,33.33,100.0,31.98
11650621,방배4동,생활서비스,펀드,2,1,45830000,22915000.0,45830000.0,66.67,100.0,68.02
11650621,방배4동,자동차·운송서비스,ISA,2,1,32290000,16145000.0,32290000.0,66.67,100.0,80.1
11650621,방배4동,자동차·운송서비스,펀드,1,1,8020000,8020000.0,8020000.0,33.33,100.0,19.9
11650651,양재1동,가구·인테리어,ISA,1,1,21380000,21380000.0,21380000.0,12.5,50.0,40.38
11650651,양재1동,가구·인테리어,적금,5,2,15140000,3028000.0,7570000.0,62.5,100.0,28.59
11650651,양재1동,가구·인테리어,펀드,2,2,16430000,8215000.0,8215000.0,25.0,100.0,31.03
11650651,양재1동,문화·취미·반려,펀드,1,1,5910000,5910000.0,5910000.0,100.0,100.0,100.0
11650651,양재1동,음식·음료,예금,2,1,130430000,65215000.0,130430000.0,66.67,100.0,84.25
11650651,양재1동,음식·음료,펀드,1,1,24390000,24390000.0,24390000.0,33.33,100.0,15.75
11650651,양재1동,자동차·운송서비스,예금,1,1,46920000,46920000.0,46920000.0,33.33,100.0,84.48
11650651,양재1동,자동차·운송서비스,적금,2,1,8620000,4310000.0,8620000.0,66.67,100.0,15.52
11650651,양재1동,패션·잡화,ISA,1,1,25680000,25680000.0,25680000.0,33.33,100.0,52.66
11650651,양재1동,패션·잡화,적금,1,1,11880000,11880000.0,11880000.0,33.33,100.0,24.36
11650651,양재1동,패션·잡화,펀드,1,1,11210000,11210000.0,11210000.0,33.33,100.0,22.99
11650652,양재2동,가구·인테리어,ISA,1,1,21170000,21170000.0,21170000.0,16.67,50.0,15.79
11650652,양재2동,가구·인테리어,예금,1,1,40350000,40350000.0,40350000.0,16.67,50.0,30.09
11650652,양재2동,가구·인테리어,적금,1,1,9970000,9970000.0,9970000.0,16.67,50.0,7.44
11650652,양재2동,가구·인테리어,펀드,3,2,62600000,20866666.67,31300000.0,50.0,100.0,46.69
11650652,양재2동,문화·취미·반려,ISA,1,1,13410000,13410000.0,13410000.0,20.0,50.0,8.77
11650652,양재2동,문화·취미·반려,예금,2,1,126810000,63405000.0,126810000.0,40.0,50.0,82.94
11650652,양재2동,문화·취미·반려,적금,1,1,2330000,2330000.0,2330000.0,20.0,50.0,1.52
11650652,양재2동,문화·취미·반려,펀드,1,1,10350000,10350000.0,10350000.0,20.0,50.0,6.77
11650652,양재2동,식료품·편의소매,ISA,1,1,9280000,9280000.0,9280000.0,50.0,100.0,41.93
11650652,양재2동,식료품·편의소매,예금,1,1,12850000,12850000.0,12850000.0,50.0,100.0,58.07
11650652,양재2동,자동차·운송서비스,ISA,4,2,72460000,18115000.0,36230000.0,36.36,100.0,43.1
11650652,양재2동,자동차·운송서비스,예금,2,2,43620000,21810000.0,21810000.0,18.18,100.0,25.94
11650652,양재2동,자동차·운송서비스,적금,2,2,6960000,3480000.0,3480000.0,18.18,100.0,4.14
11650652,양재2동,자동차·운송서비스,펀드,3,1,45090000,15030000.0,45090000.0,27.27,50.0,26.82
11650652,양재2동,패션·잡화,ISA,2,1,48570000,24285000.0,48570000.0,22.22,50.0,26.15
11650652,양재2동,패션·잡화,예금,4,1,124140000,31035000.0,124140000.0,44.44,50.0,66.84
11650652,양재2동,패션·잡화,적금,3,2,13020000,4340000.0,6510000.0,33.33,100.0,7.01
11650660,내곡동,미용·뷰티,예금,1,1,20550000,20550000.0,20550000.0,50.0,100.0,91.99
11650660,내곡동,미용·뷰티,적금,1,1,1790000,1790000.0,1790000.0,50.0,100.0,8.01
11650660,내곡동,음식·음료,ISA,1,1,10930000,10930000.0,10930000.0,33.33,100.0,46.85
11650660,내곡동,음식·음료,적금,1,1,5800000,5800000.0,5800000.0,33.33,100.0,24.86
11650660,내곡동,음식·음료,펀드,1,1,6600000,6600000.0,6600000.0,33.33,100.0,28.29
11680510,신사동,가구·인테리어,ISA,2,1,52510000,26255000.0,52510000.0,40.0,100.0,24.71
11680510,신사동,가구·인테리어,예금,2,1,142520000,71260000.0,142520000.0,40.0,100.0,67.07
11680510,신사동,가구·인테리어,펀드,1,1,17450000,17450000.0,17450000.0,20.0,100.0,8.21
11680510,신사동,문화·취미·반려,ISA,3,2,32070000,10690000.0,16035000.0,60.0,100.0,67.83
11680510,신사동,문화·취미·반려,예금,1,1,12240000,12240000.0,12240000.0,20.0,50.0,25.89
11680510,신사동,문화·취미·반려,적금,1,1,2970000,2970000.0,2970000.0,20.0,50.0,6.28
11680510,신사동,숙박,예금,1,1,32120000,32120000.0,32120000.0,50.0,100.0,63.2
11680510,신사동,숙박,펀드,1,1,18700000,18700000.0,18700000.0,50.0,100.0,36.8
11680510,신사동,여가·오락,예금,1,1,55350000,55350000.0,55350000.0,100.0,100.0,100.0
11680510,신사동,자동차·운송서비스,예금,1,1,23000000,23000000.0,23000000.0,50.0,100.0,83.45
11680510,신사동,자동차·운송서비스,적금,1,1,4560000,4560000.0,4560000.0,50.0,100.0,16.55
11680510,신사동,패션·잡화,ISA,3,1,83510000,27836666.67,83510000.0,75.0,100.0,54.51
11680510,신사동,패션·잡화,예금,1,1,69700000,69700000.0,69700000.0,25.0,100.0,45.49
11680521,논현1동,문화·취미·반려,예금,2,2,48980000,24490000.0,24490000.0,25.0,100.0,58.6
11680521,논현1동,문화·취미·반려,적금,3,1,9260000,3086666.67,9260000.0,37.5,50.0,11.08
11680521,논현1동,문화·취미·반려,펀드,3,2,25340000,8446666.67,12670000.0,37.5,100.0,30.32
11680521,논현1동,숙박,ISA,3,1,54900000,18300000.0,54900000.0,75.0,100.0,92.24
11680521,논현1동,숙박,펀드,1,1,4620000,4620000.0,4620000.0,25.0,100.0,7.76
11680521,논현1동,패션·잡화,ISA,3,2,51940000,17313333.33,25970000.0,42.86,100.0,58.85
11680521,논현1동,패션·잡화,적금,2,1,12160000,6080000.0,12160000.0,28.57,50.0,13.78
11680521,논현1동,패션·잡화,펀드,2,2,24160000,12080000.0,12080000.0,28.57,100.0,27.37
11680531,논현2동,미용·뷰티,ISA,3,1,58580000,19526666.67,58580000.0,75.0,100.0,80.41
11680531,논현2동,미용·뷰티,적금,1,1,14270000,14270000.0,14270000.0,25.0,100.0,19.59
11680531,논현2동,숙박,예금,1,1,18450000,18450000.0,18450000.0,33.33,100.0,37.76
11680531,논현2동,숙박,펀드,2,1,30410000,15205000.0,30410000.0,66.67,100.0,62.24
11680531,논현2동,여가·오락,ISA,1,1,72640000,72640000.0,72640000.0,33.33,100.0,65.09
11680531,논현2동,여가·오락,펀드,2,1,38960000,19480000.0,38960000.0,66.67,100.0,34.91
11680545,압구정동,자동차·운송서비스,ISA,4,1,92320000,23080000.0,92320000.0,80.0,100.0,81.03
11680545,압구정동,자동차·운송서비스,펀드,1,1,21610000,21610000.0,21610000.0,20.0,100.0,18.97
11680545,압구정동,전자기기·수리,ISA,2,2,25610000,12805000.0,12805000.0,22.22,66.67,10.05
11680545,압구정동,전자기기·수리,예금,4,2,213720000,53430000.0,106860000.0,44.44,66.67,83.88
11680545,압구정동,전자기기·수리,적금,3,2,15450000,5150000.0,7725000.0,33.33,66.67,6.06
11680565,청담동,미용·뷰티,ISA,1,1,16320000,16320000.0,16320000.0,100.0,100.0,100.0
11680565,청담동,여가·오락,ISA,1,1,11700000,11700000.0,11700000.0,33.33,100.0,68.06
11680565,청담동,여가·오락,적금,2,1,5490000,2745000.0,5490000.0,66.67,100.0,31.94
11680565,청담동,음식·음료,펀드,1,1,7860000,7860000.0,7860000.0,100.0,100.0,100.0
11680565,청담동,전자기기·수리,ISA,1,1,11970000,11970000.0,11970000.0,20.0,100.0,20.47
11680565,청담동,전자기기·수리,적금,1,1,10180000,10180000.0,10180000.0,20.0,100.0,17.41
11680565,청담동,전자기기·수리,펀드,3,1,36330000,12110000.0,36330000.0,60.0,100.0,62.12
11680580,삼성1동,미용·뷰티,ISA,1,1,12450000,12450000.0,12450000.0,25.0,100.0,20.62
11680580,삼성1동,미용·뷰티,예금,2,1,41310000,20655000.0,41310000.0,50.0,100.0,68.43
11680580,삼성1동,미용·뷰티,펀드,1,1,6610000,6610000.0,6610000.0,25.0,100.0,10.95
11680580,삼성1동,여가·오락,예금,1,1,34070000,34070000.0,34070000.0,50.0,100.0,88.82
11680580,삼성1동,여가·오락,적금,1,1,4290000,4290000.0,4290000.0,50.0,100.0,11.18
11680580,삼성1동,음식·음료,ISA,2,2,59770000,29885000.0,29885000.0,28.57,100.0,34.06
11680580,삼성1동,음식·음료,예금,2,1,70910000,35455000.0,70910000.0,28.57,50.0,40.41
11680580,삼성1동,음식·음료,적금,1,1,5090000,5090000.0,5090000.0,14.29,50.0,2.9
11680580,삼성1동,음식·음료,펀드,2,2,39700000,19850000.0,19850000.0,28.57,100.0,22.62
11680580,삼성1동,패션·잡화,예금,1,1,46650000,46650000.0,46650000.0,100.0,100.0,100.0
11680590,삼성2동,문화·취미·반려,예금,1,1,24580000,24580000.0,24580000.0,33.33,50.0,66.13
11680590,삼성2동,문화·취미·반려,적금,1,1,5970000,5970000.0,5970000.0,33.33,50.0,16.06
11680590,삼성2동,문화·취미·반려,펀드,1,1,6620000,6620000.0,6620000.0,33.33,50.0,17.81
11680590,삼성2동,미용·뷰티,적금,4,1,7850000,1962500.0,7850000.0,100.0,100.0,100.0
11680590,삼성2동,숙박,ISA,1,1,18980000,18980000.0,18980000.0,50.0,100.0,78.33
11680590,삼성2동,숙박,적금,1,1,5250000,5250000.0,5250000.0,50.0,100.0,21.67
11680590,삼성2동,전자기기·수리,예금,2,1,50820000,25410000.0,50820000.0,66.67,100.0,95.49
11680590,삼성2동,전자기기·수리,적금,1,1,2400000,2400000.0,2400000.0,33.33,100.0,4.51
11680590,삼성2동,패션·잡화,ISA,2,2,38210000,19105000.0,19105000.0,28.57,100.0,32.87
11680590,삼성2동,패션·잡화,예금,1,1,25410000,25410000.0,25410000.0,14.29,50.0,21.86
11680590,삼성2동,패션·잡화,펀드,4,1,52630000,13157500.0,52630000.0,57.14,50.0,45.27
11680600,대치1동,문화·취미·반려,예금,3,1,202630000,67543333.33,202630000.0,75.0,100.0,96.54
11680600,대치1동,문화·취미·반려,적금,1,1,7270000,7270000.0,7270000.0,25.0,100.0,3.46
11680600,대치1동,여가·오락,ISA,2,2,14710000,7355000.0,7355000.0,28.57,100.0,15.25
11680600,대치1동,여가·오락,예금,3,2,68070000,22690000.0,34035000.0,42.86,100.0,70.57
11680600,대치1동,여가·오락,적금,1,1,7930000,7930000.0,7930000.0,14.29,50.0,8.22
11680600,대치1동,여가·오락,펀드,1,1,5750000,5750000.0,5750000.0,14.29,50.0,5.96
11680600,대치1동,음식·음료,ISA,1,1,13720000,13720000.0,13720000.0,50.0,100.0,74.85
11680600,대치1동,음식·음료,펀드,1,1,4610000,4610000.0,4610000.0,50.0,100.0,25.15
11680610,대치2동,가구·인테리어,예금,3,1,130300000,43433333.33,130300000.0,75.0,100.0,89.62
11680610,대치2동,가구·인테리어,펀드,1,1,15090000,15090000.0,15090000.0,25.0,100.0,10.38
11680610,대치2동,문화·취미·반려,ISA,1,1,149670000,149670000.0,149670000.0,12.5,50.0,56.39
11680610,대치2동,문화·취미·반려,예금,2,1,55670000,27835000.0,55670000.0,25.0,50.0,20.98
11680610,대치2동,문화·취미·반려,적금,1,1,6060000,6060000.0,6060000.0,12.5,50.0,2.28
11680610,대치2동,문화·취미·반려,펀드,4,2,54010000,13502500.0,27005000.0,50.0,100.0,20.35
11680610,대치2동,미용·뷰티,펀드,1,1,15330000,15330000.0,15330000.0,100.0,100.0,100.0
11680610,대치2동,패션·잡화,예금,1,1,42620000,42620000.0,42620000.0,33.33,100.0,49.88
11680610,대치2동,패션·잡화,펀드,2,1,42820000,21410000.0,42820000.0,66.67,100.0,50.12
11680630,대치4동,미용·뷰티,ISA,4,1,68660000,17165000.0,68660000.0,80.0,50.0,70.22
11680630,대치4동,미용·뷰티,예금,1,1,29120000,29120000.0,29120000.0,20.0,50.0,29.78
11680630,대치4동,숙박,ISA,1,1,48470000,48470000.0,48470000.0,100.0,100.0,100.0
11680630,대치4동,식료품·편의소매,펀드,2,1,54010000,27005000.0,54010000.0,100.0,100.0,100.0
11680640,역삼1동,가구·인테리어,예금,2,1,64280000,32140000.0,64280000.0,100.0,100.0,100.0
11680640,역삼1동,문화·취미·반려,ISA,1,1,23710000,23710000.0,23710000.0,5.88,25.0,8.04
11680640,역삼1동,문화·취미·반려,예금,3,2,128850000,42950000.0,64425000.0,17.65,50.0,43.69
11680640,역삼1동,문화·취미·반려,적금,3,2,11530000,3843333.33,5765000.0,17.65,50.0,3.91
11680640,역삼1동,문화·취미·반려,펀드,10,3,130820000,13082000.0,43606666.67,58.82,75.0,44.36
11680640,역삼1동,미용·뷰티,ISA,2,1,31840000,15920000.0,31840000.0,66.67,100.0,89.61
11680640,역삼1동,미용·뷰티,적금,1,1,3690000,3690000.0,3690000.0,33.33,100.0,10.39
11680640,역삼1동,여가·오락,ISA,1,1,24540000,24540000.0,24540000.0,33.33,100.0,27.24
11680640,역삼1동,여가·오락,예금,1,1,47970000,47970000.0,47970000.0,33.33,100.0,53.25
11680640,역삼1동,여가·오락,펀드,1,1,17570000,17570000.0,17570000.0,33.33,100.0,19.5
11680640,역삼1동,음식·음료,예금,1,1,17020000,17020000.0,17020000.0,50.0,100.0,89.11
11680640,역삼1동,음식·음료,적금,1,1,2080000,2080000.0,2080000.0,50.0,100.0,10.89
11680640,역삼1동,전자기기·수리,적금,2,1,8860000,4430000.0,8860000.0,100.0,100.0,100.0
11680650,역삼2동,가구·인테리어,ISA,2,1,22030000,11015000.0,22030000.0,66.67,100.0,70.54
11680650,역삼2동,가구·인테리어,펀드,1,1,9200000,9200000.0,9200000.0,33.33,100.0,29.46
11680650,역삼2동,생활서비스,ISA,1,1,12250000,12250000.0,12250000.0,33.33,100.0,40.48
11680650,역삼2동,생활서비스,펀드,2,1,18010000,9005000.0,18010000.0,66.67,100.0,59.52
11680650,역삼2동,자동차·운송서비스,ISA,1,1,24780000,24780000.0,24780000.0,25.0,100.0,53.74
11680650,역삼2동,자동차·운송서비스,적금,1,1,4640000,4640000.0,4640000.0,25.0,100.0,10.06
11680650,역삼2동,자동차·운송서비스,펀드,2,1,16690000,8345000.0,16690000.0,50.0,100.0,36.2
11680650,역삼2동,패션·잡화,예금,2,1,76610000,38305000.0,76610000.0,66.67,100.0,84.09
11680650,역삼2동,패션·잡화,펀드,1,1,14500000,14500000.0,14500000.0,33.33,100.0,15.91
11680655,도곡1동,가구·인테리어,적금,3,1,6700000,2233333.33,6700000.0,100.0,100.0,100.0
11680655,도곡1동,문화·취미·반려,ISA,2,1,22450000,11225000.0,22450000.0,100.0,100.0,100.0
11680655,도곡1동,식료품·편의소매,ISA,1,1,8910000,8910000.0,8910000.0,50.0,100.0,80.34
11680655,도곡1동,식료품·편의소매,적금,1,1,2180000,2180000.0,2180000.0,50.0,100.0,19.66
11680655,도곡1동,자동차·운송서비스,ISA,2,1,31510000,15755000.0,31510000.0,28.57,50.0,17.08
11680655,도곡1동,자동차·운송서비스,예금,4,2,140220000,35055000.0,70110000.0,57.14,100.0,76.01
11680655,도곡1동,자동차·운송서비스,펀드,1,1,12740000,12740000.0,12740000.0,14.29,50.0,6.91
11680655,도곡1동,전자기기·수리,ISA,1,1,17070000,17070000.0,17070000.0,33.33,100.0,35.96
11680655,도곡1동,전자기기·수리,펀드,2,1,30400000,15200000.0,30400000.0,66.67,100.0,64.04
11680656,도곡2동,문화·취미·반려,예금,2,1,43580000,21790000.0,43580000.0,100.0,100.0,100.0
11680656,도곡2동,생활서비스,ISA,1,1,6000000,6000000.0,6000000.0,16.67,100.0,18.98
11680656,도곡2동,생활서비스,적금,4,1,13230000,3307500.0,13230000.0,66.67,100.0,41.84
11680656,도곡2동,생활서비스,펀드,1,1,12390000,12390000.0,12390000.0,16.67,100.0,39.18
11680656,도곡2동,여가·오락,ISA,2,1,58690000,29345000.0,58690000.0,40.0,100.0,70.58
11680656,도곡2동,여가·오락,적금,1,1,5640000,5640000.0,5640000.0,20.0,100.0,6.78
11680656,도곡2동,여가·오락,펀드,2,1,18820000,9410000.0,18820000.0,40.0,100.0,22.63
11680656,도곡2동,전자기기·수리,예금,2,1,73070000,36535000.0,73070000.0,100.0,100.0,100.0
11680656,도곡2동,패션·잡화,ISA,3,2,79080000,26360000.0,39540000.0,60.0,100.0,76.72
11680656,도곡2동,패션·잡화,적금,1,1,2470000,2470000.0,2470000.0,20.0,50.0,2.4
11680656,도곡2동,패션·잡화,펀드,1,1,21530000,21530000.0,21530000.0,20.0,50.0,20.89
11680660,개포1동,미용·뷰티,ISA,1,1,23950000,23950000.0,23950000.0,33.33,100.0,62.0
11680660,개포1동,미용·뷰티,예금,1,1,11250000,11250000.0,11250000.0,33.33,100.0,29.12
11680660,개포1동,미용·뷰티,적금,1,1,3430000,3430000.0,3430000.0,33.33,100.0,8.88
11680670,개포2동,문화·취미·반려,ISA,2,1,51720000,25860000.0,51720000.0,25.0,50.0,32.99
11680670,개포2동,문화·취미·반려,펀드,6,2,105040000,17506666.67,52520000.0,75.0,100.0,67.01
11680670,개포2동,미용·뷰티,예금,2,2,110260000,55130000.0,55130000.0,66.67,100.0,96.47
11680670,개포2동,미용·뷰티,적금,1,1,4030000,4030000.0,4030000.0,33.33,50.0,3.53
11680670,개포2동,음식·음료,예금,1,1,33660000,33660000.0,33660000.0,50.0,100.0,88.46
11680670,개포2동,음식·음료,적금,1,1,4390000,4390000.0,4390000.0,50.0,100.0,11.54
11680670,개포2동,전자기기·수리,적금,2,2,5430000,2715000.0,2715000.0,40.0,100.0,21.24
11680670,개포2동,전자기기·수리,펀드,3,1,20130000,6710000.0,20130000.0,60.0,50.0,78.76
11680690,개포4동,여가·오락,ISA,1,1,17590000,17590000.0,17590000.0,25.0,100.0,46.01
11680690,개포4동,여가·오락,적금,1,1,5900000,5900000.0,5900000.0,25.0,100.0,15.43
11680690,개포4동,여가·오락,펀드,2,1,14740000,7370000.0,14740000.0,50.0,100.0,38.56
11680690,개포4동,자동차·운송서비스,ISA,2,1,38820000,19410000.0,38820000.0,50.0,100.0,36.5
11680690,개포4동,자동차·운송서비스,예금,1,1,45770000,45770000.0,45770000.0,25.0,100.0,43.03
11680690,개포4동,자동차·운송서비스,펀드,1,1,21770000,21770000.0,21770000.0,25.0,100.0,20.47
11680690,개포4동,패션·잡화,예금,2,1,97830000,48915000.0,97830000.0,66.67,100.0,84.83
11680690,개포4동,패션·잡화,펀드,1,1,17500000,17500000.0,17500000.0,33.33,100.0,15.17
11680700,세곡동,식료품·편의소매,ISA,1,1,26030000,26030000.0,26030000.0,25.0,100.0,18.34
11680700,세곡동,식료품·편의소매,예금,2,1,97700000,48850000.0,97700000.0,50.0,100.0,68.83
11680700,세곡동,식료품·편의소매,펀드,1,1,18210000,18210000.0,18210000.0,25.0,100.0,12.83
11680700,세곡동,전자기기·수리,ISA,1,1,33920000,33920000.0,33920000.0,50.0,100.0,62.43
11680700,세곡동,전자기기·수리,펀드,1,1,20410000,20410000.0,20410000.0,50.0,100.0,37.57
11680720,일원본동,문화·취미·반려,ISA,1,1,44910000,44910000.0,44910000.0,33.33,100.0,48.43
11680720,일원본동,문화·취미·반려,예금,1,1,34040000,34040000.0,34040000.0,33.33,100.0,36.7
11680720,일원본동,문화·취미·반려,펀드,1,1,13790000,13790000.0,13790000.0,33.33,100.0,14.87
11680720,일원본동,생활서비스,예금,1,1,85380000,85380000.0,85380000.0,16.67,50.0,55.51
11680720,일원본동,생활서비스,적금,2,2,13310000,6655000.0,6655000.0,33.33,100.0,8.65
11680720,일원본동,생활서비스,펀드,3,2,55130000,18376666.67,27565000.0,50.0,100.0,35.84
11680720,일원본동,식료품·편의소매,ISA,1,1,21560000,21560000.0,21560000.0,50.0,100.0,47.01
11680720,일원본동,식료품·편의소매,펀드,1,1,24300000,24300000.0,24300000.0,50.0,100.0,52.99
11680720,일원본동,패션·잡화,ISA,3,2,64400000,21466666.67,32200000.0,50.0,100.0,55.1
11680720,일원본동,패션·잡화,적금,1,1,1790000,1790000.0,1790000.0,16.67,50.0,1.53
11680720,일원본동,패션·잡화,펀드,2,1,50690000,25345000.0,50690000.0,33.33,50.0,43.37
11680730,일원1동,가구·인테리어,ISA,2,1,54510000,27255000.0,54510000.0,50.0,100.0,76.1
11680730,일원1동,가구·인테리어,펀드,2,1,17120000,8560000.0,17120000.0,50.0,100.0,23.9
11680730,일원1동,식료품·편의소매,ISA,2,1,32390000,16195000.0,32390000.0,66.67,100.0,57.68
11680730,일원1동,식료품·편의소매,펀드,1,1,23760000,23760000.0,23760000.0,33.33,100.0,42.32
11680730,일원1동,음식·음료,ISA,1,1,18600000,18600000.0,18600000.0,20.0,50.0,24.81
11680730,일원1동,음식·음료,예금,2,2,45860000,22930000.0,22930000.0,40.0,100.0,61.18
11680730,일원1동,음식·음료,적금,1,1,3590000,3590000.0,3590000.0,20.0,50.0,4.79
11680730,일원1동,음식·음료,펀드,1,1,6910000,6910000.0,6910000.0,20.0,50.0,9.22
11680730,일원1동,패션·잡화,예금,2,1,33690000,16845000.0,33690000.0,66.67,100.0,60.5
11680730,일원1동,패션·잡화,펀드,1,1,22000000,22000000.0,22000000.0,33.33,100.0,39.5
11680740,일원2동,문화·취미·반려,ISA,2,1,47380000,23690000.0,47380000.0,16.67,33.33,15.31
11680740,일원2동,문화·취미·반려,예금,6,3,227640000,37940000.0,75880000.0,50.0,100.0,73.57
11680740,일원2동,문화·취미·반려,적금,2,2,14630000,7315000.0,7315000.0,16.67,66.67,4.73
11680740,일원2동,문화·취미·반려,펀드,2,2,19770000,9885000.0,9885000.0,16.67,66.67,6.39
11680740,일원2동,식료품·편의소매,ISA,2,1,28760000,14380000.0,28760000.0,50.0,100.0,75.68
11680740,일원2동,식료품·편의소매,적금,1,1,3160000,3160000.0,3160000.0,25.0,100.0,8.32
11680740,일원2동,식료품·편의소매,펀드,1,1,6080000,6080000.0,6080000.0,25.0,100.0,16.0
11680740,일원2동,음식·음료,ISA,1,1,8890000,8890000.0,8890000.0,50.0,100.0,64.0
11680740,일원2동,음식·음료,적금,1,1,5000000,5000000.0,5000000.0,50.0,100.0,36.0
11680750,수서동,가구·인테리어,ISA,4,2,121600000,30400000.0,60800000.0,57.14,100.0,53.52
11680750,수서동,가구·인테리어,예금,2,1,85180000,42590000.0,85180000.0,28.57,50.0,37.49
11680750,수서동,가구·인테리어,펀드,1,1,20420000,20420000.0,20420000.0,14.29,50.0,8.99
11680750,수서동,미용·뷰티,ISA,1,1,29300000,29300000.0,29300000.0,16.67,50.0,17.09
11680750,수서동,미용·뷰티,예금,3,2,118360000,39453333.33,59180000.0,50.0,100.0,69.02
11680750,수서동,미용·뷰티,적금,1,1,17600000,17600000.0,17600000.0,16.67,50.0,10.26
11680750,수서동,미용·뷰티,펀드,1,1,6220000,6220000.0,6220000.0,16.67,50.0,3.63
11680750,수서동,식료품·편의소매,ISA,2,1,30560000,15280000.0,30560000.0,33.33,50.0,13.44
11680750,수서동,식료품·편의소매,예금,3,2,186650000,62216666.67,93325000.0,50.0,100.0,82.06
11680750,수서동,식료품·편의소매,적금,1,1,10240000,10240000.0,10240000.0,16.67,50.0,4.5
11680750,수서동,여가·오락,예금,1,1,27150000,27150000.0,27150000.0,16.67,100.0,25.66
11680750,수서동,여가·오락,적금,2,1,16400000,8200000.0,16400000.0,33.33,100.0,15.5
11680750,수서동,여가·오락,펀드,3,1,62270000,20756666.67,62270000.0,50.0,100.0,58.85
11680750,수서동,음식·음료,예금,3,1,172990000,57663333.33,172990000.0,75.0,100.0,95.03
11680750,수서동,음식·음료,펀드,1,1,9040000,9040000.0,9040000.0,25.0,100.0,4.97
11710510,풍납1동,문화·취미·반려,예금,1,1,49070000,49070000.0,49070000.0,50.0,100.0,81.57
11710510,풍납1동,문화·취미·반려,펀드,1,1,11090000,11090000.0,11090000.0,50.0,100.0,18.43
11710510,풍납1동,식료품·편의소매,펀드,2,1,28690000,14345000.0,28690000.0,100.0,100.0,100.0
11710510,풍납1동,자동차·운송서비스,ISA,2,1,31490000,15745000.0,31490000.0,100.0,100.0,100.0
11710510,풍납1동,패션·잡화,ISA,1,1,22700000,22700000.0,22700000.0,50.0,100.0,32.65
11710510,풍납1동,패션·잡화,예금,1,1,46830000,46830000.0,46830000.0,50.0,100.0,67.35
11710520,풍납2동,문화·취미·반려,예금,1,1,21270000,21270000.0,21270000.0,25.0,100.0,45.91
11710520,풍납2동,문화·취미·반려,펀드,3,1,25060000,8353333.33,25060000.0,75.0,100.0,54.09
11710520,풍납2동,미용·뷰티,ISA,1,1,19310000,19310000.0,19310000.0,25.0,100.0,13.54
11710520,풍납2동,미용·뷰티,예금,1,1,60800000,60800000.0,60800000.0,25.0,100.0,42.64
11710520,풍납2동,미용·뷰티,펀드,2,1,62490000,31245000.0,62490000.0,50.0,100.0,43.82
11710520,풍납2동,자동차·운송서비스,적금,1,1,6400000,6400000.0,6400000.0,33.33,100.0,20.72
11710520,풍납2동,자동차·운송서비스,펀드,2,1,24490000,12245000.0,24490000.0,66.67,100.0,79.28
11710531,거여1동,문화·취미·반려,예금,2,1,59380000,29690000.0,59380000.0,50.0,100.0,59.56
11710531,거여1동,문화·취미·반려,펀드,2,1,40310000,20155000.0,40310000.0,50.0,100.0,40.44
11710531,거여1동,미용·뷰티,적금,2,1,5790000,2895000.0,5790000.0,50.0,100.0,18.22
11710531,거여1동,미용·뷰티,펀드,2,1,25990000,12995000.0,25990000.0,50.0,100.0,81.78
11710531,거여1동,생활서비스,ISA,1,1,13340000,13340000.0,13340000.0,50.0,100.0,65.3
11710531,거여1동,생활서비스,펀드,1,1,7090000,7090000.0,7090000.0,50.0,100.0,34.7
11710531,거여1동,여가·오락,적금,1,1,1920000,1920000.0,1920000.0,100.0,100.0,100.0
11710531,거여1동,자동차·운송서비스,ISA,1,1,6150000,6150000.0,6150000.0,25.0,50.0,18.57
11710531,거여1동,자동차·운송서비스,적금,1,1,2990000,2990000.0,2990000.0,25.0,50.0,9.03
11710531,거여1동,자동차·운송서비스,펀드,2,1,23970000,11985000.0,23970000.0,50.0,50.0,72.4
11710531,거여1동,패션·잡화,ISA,3,2,55400000,18466666.67,27700000.0,33.33,100.0,36.95
11710531,거여1동,패션·잡화,예금,1,1,19570000,19570000.0,19570000.0,11.11,50.0,13.05
11710531,거여1동,패션·잡화,적금,1,1,5500000,5500000.0,5500000.0,11.11,50.0,3.67
11710531,거여1동,패션·잡화,펀드,4,2,69480000,17370000.0,34740000.0,44.44,100.0,46.34
11710532,거여2동,문화·취미·반려,ISA,2,1,22380000,11190000.0,22380000.0,40.0,100.0,57.18
11710532,거여2동,문화·취미·반려,적금,1,1,2090000,2090000.0,2090000.0,20.0,100.0,5.34
11710532,거여2동,문화·취미·반려,펀드,2,1,14670000,7335000.0,14670000.0,40.0,100.0,37.48
11710532,거여2동,미용·뷰티,ISA,1,1,10940000,10940000.0,10940000.0,20.0,100.0,25.13
11710532,거여2동,미용·뷰티,적금,2,1,8190000,4095000.0,8190000.0,40.0,100.0,18.81
11710532,거여2동,미용·뷰티,펀드,2,1,24400000,12200000.0,24400000.0,40.0,100.0,56.05
11710532,거여2동,생활서비스,ISA,3,2,37560000,12520000.0,18780000.0,27.27,100.0,51.66
11710532,거여2동,생활서비스,적금,6,2,18740000,3123333.33,9370000.0,54.55,100.0,25.78
11710532,거여2동,생활서비스,펀드,2,2,16400000,8200000.0,8200000.0,18.18,100.0,22.56
11710532,거여2동,식료품·편의소매,ISA,2,1,31150000,15575000.0,31150000.0,66.67,100.0,76.11
11710532,거여2동,식료품·편의소매,펀드,1,1,9780000,9780000.0,9780000.0,33.33,100.0,23.89
11710532,거여2동,자동차·운송서비스,ISA,4,2,120090000,30022500.0,60045000.0,40.0,100.0,40.0
11710532,거여2동,자동차·운송서비스,예금,2,2,101100000,50550000.0,50550000.0,20.0,100.0,33.68
11710532,거여2동,자동차·운송서비스,적금,1,1,7960000,7960000.0,7960000.0,10.0,50.0,2.65
11710532,거여2동,자동차·운송서비스,펀드,3,1,71060000,23686666.67,71060000.0,30.0,50.0,23.67
11710532,거여2동,패션·잡화,예금,1,1,17610000,17610000.0,17610000.0,33.33,100.0,32.94
11710532,거여2동,패션·잡화,펀드,2,1,35850000,17925000.0,35850000.0,66.67,100.0,67.06
11710540,마천1동,미용·뷰티,예금,3,1,95710000,31903333.33,95710000.0,60.0,100.0,82.11
11710540,마천1동,미용·뷰티,적금,1,1,5820000,5820000.0,5820000.0,20.0,100.0,4.99
11710540,마천1동,미용·뷰티,펀드,1,1,15040000,15040000.0,15040000.0,20.0,100.0,12.9
11710540,마천1동,음식·음료,예금,6,1,232420000,38736666.67,232420000.0,85.71,100.0,95.52
11710540,마천1동,음식·음료,펀드,1,1,10910000,10910000.0,10910000.0,14.29,100.0,4.48
11710540,마천1동,패션·잡화,ISA,2,1,31560000,15780000.0,31560000.0,50.0,100.0,38.77
11710540,마천1동,패션·잡화,예금,1,1,35390000,35390000.0,35390000.0,25.0,100.0,43.47
11710540,마천1동,패션·잡화,펀드,1,1,14460000,14460000.0,14460000.0,25.0,100.0,17.76
11710550,마천2동,가구·인테리어,적금,1,1,6300000,6300000.0,6300000.0,100.0,100.0,100.0
11710550,마천2동,식료품·편의소매,ISA,1,1,18400000,18400000.0,18400000.0,25.0,50.0,18.38
11710550,마천2동,식료품·편의소매,예금,2,1,78270000,39135000.0,78270000.0,50.0,50.0,78.18
11710550,마천2동,식료품·편의소매,적금,1,1,3440000,3440000.0,3440000.0,25.0,50.0,3.44
11710550,마천2동,여가·오락,ISA,1,1,15910000,15910000.0,15910000.0,25.0,100.0,39.94
11710550,마천2동,여가·오락,적금,1,1,6290000,6290000.0,6290000.0,25.0,100.0,15.79
11710550,마천2동,여가·오락,펀드,2,1,17630000,8815000.0,17630000.0,50.0,100.0,44.26
11710550,마천2동,전자기기·수리,ISA,1,1,35640000,35640000.0,35640000.0,33.33,100.0,36.45
11710550,마천2동,전자기기·수리,예금,2,1,62130000,31065000.0,62130000.0,66.67,100.0,63.55
11710561,방이1동,문화·취미·반려,ISA,1,1,19590000,19590000.0,19590000.0,50.0,100.0,85.43
11710561,방이1동,문화·취미·반려,적금,1,1,3340000,3340000.0,3340000.0,50.0,100.0,14.57
11710561,방이1동,생활서비스,ISA,1,1,12370000,12370000.0,12370000.0,25.0,100.0,49.32
11710561,방이1동,생활서비스,적금,3,1,12710000,4236666.67,12710000.0,75.0,100.0,50.68
11710561,방이1동,음식·음료,펀드,2,1,47350000,23675000.0,47350000.0,100.0,100.0,100.0
11710562,방이2동,가구·인테리어,예금,2,1,147360000,73680000.0,147360000.0,100.0,100.0,100.0
11710562,방이2동,미용·뷰티,적금,1,1,3810000,3810000.0,3810000.0,50.0,100.0,45.3
11710562,방이2동,미용·뷰티,펀드,1,1,4600000,4600000.0,4600000.0,50.0,100.0,54.7
11710562,방이2동,생활서비스,펀드,2,1,28190000,14095000.0,28190000.0,100.0,100.0,100.0
11710562,방이2동,음식·음료,ISA,2,1,48320000,24160000.0,48320000.0,40.0,100.0,48.48
11710562,방이2동,음식·음료,펀드,3,1,51350000,17116666.67,51350000.0,60.0,100.0,51.52
11710566,오륜동,문화·취미·반려,ISA,2,1,24340000,12170000.0,24340000.0,50.0,100.0,45.6
11710566,오륜동,문화·취미·반려,예금,1,1,24370000,24370000.0,24370000.0,25.0,100.0,45.65
11710566,오륜동,문화·취미·반려,적금,1,1,4670000,4670000.0,4670000.0,25.0,100.0,8.75
11710566,오륜동,음식·음료,예금,2,1,34290000,17145000.0,34290000.0,66.67,100.0,78.94
11710566,오륜동,음식·음료,펀드,1,1,9150000,9150000.0,9150000.0,33.33,100.0,21.06
11710570,오금동,생활서비스,ISA,3,1,42100000,14033333.33,42100000.0,75.0,100.0,50.35
11710570,오금동,생활서비스,예금,1,1,41520000,41520000.0,41520000.0,25.0,100.0,49.65
11710570,오금동,식료품·편의소매,ISA,1,1,19450000,19450000.0,19450000.0,50.0,100.0,34.37
11710570,오금동,식료품·편의소매,펀드,1,1,37140000,37140000.0,37140000.0,50.0,100.0,65.63
11710570,오금동,음식·음료,펀드,3,1,53260000,17753333.33,53260000.0,100.0,100.0,100.0
11710570,오금동,자동차·운송서비스,ISA,2,2,43450000,21725000.0,21725000.0,50.0,100.0,60.69
11710570,오금동,자동차·운송서비스,예금,1,1,23710000,23710000.0,23710000.0,25.0,50.0,33.12
11710570,오금동,자동차·운송서비스,적금,1,1,4430000,4430000.0,4430000.0,25.0,50.0,6.19
11710570,오금동,패션·잡화,ISA,1,1,14210000,14210000.0,14210000.0,33.33,100.0,62.9
11710570,오금동,패션·잡화,적금,2,1,8380000,4190000.0,8380000.0,66.67,100.0,37.1
11710580,송파1동,문화·취미·반려,적금,2,1,3300000,1650000.0,3300000.0,100.0,100.0,100.0
11710580,송파1동,생활서비스,예금,2,1,68580000,34290000.0,68580000.0,40.0,100.0,68.71
11710580,송파1동,생활서비스,적금,1,1,5380000,5380000.0,5380000.0,20.0,100.0,5.39
11710580,송파1동,생활서비스,펀드,2,1,25850000,12925000.0,25850000.0,40.0,100.0,25.9
11710580,송파1동,여가·오락,ISA,1,1,13650000,13650000.0,13650000.0,25.0,50.0,36.97
11710580,송파1동,여가·오락,적금,1,1,8820000,8820000.0,8820000.0,25.0,50.0,23.89
11710580,송파1동,여가·오락,펀드,2,1,14450000,7225000.0,14450000.0,50.0,50.0,39.14
11710580,송파1동,자동차·운송서비스,ISA,2,2,34790000,17395000.0,17395000.0,50.0,100.0,53.62
11710580,송파1동,자동차·운송서비스,펀드,2,1,30090000,15045000.0,30090000.0,50.0,50.0,46.38
11710590,송파2동,문화·취미·반려,적금,2,1,5970000,2985000.0,5970000.0,100.0,100.0,100.0
11710590,송파2동,생활서비스,예금,1,1,33600000,33600000.0,33600000.0,50.0,100.0,95.27
11710590,송파2동,생활서비스,적금,1,1,1670000,1670000.0,1670000.0,50.0,100.0,4.73
11710590,송파2동,음식·음료,ISA,2,1,26140000,13070000.0,26140000.0,28.57,100.0,22.67
11710590,송파2동,음식·음료,예금,2,1,48630000,24315000.0,48630000.0,28.57,100.0,42.17
11710590,송파2동,음식·음료,적금,1,1,5690000,5690000.0,5690000.0,14.29,100.0,4.93
11710590,송파2동,음식·음료,펀드,2,1,34870000,17435000.0,34870000.0,28.57,100.0,30.23
11710600,석촌동,가구·인테리어,예금,2,1,49510000,24755000.0,49510000.0,100.0,100.0,100.0
11710600,석촌동,문화·취미·반려,ISA,1,1,18500000,18500000.0,18500000.0,50.0,100.0,69.94
11710600,석촌동,문화·취미·반려,적금,1,1,7950000,7950000.0,7950000.0,50.0,100.0,30.06
11710600,석촌동,생활서비스,예금,2,2,69680000,34840000.0,34840000.0,66.67,100.0,91.01
11710600,석촌동,생활서비스,적금,1,1,6880000,6880000.0,6880000.0,33.33,50.0,8.99
11710600,석촌동,식료품·편의소매,ISA,1,1,4130000,4130000.0,4130000.0,25.0,100.0,26.68
11710600,석촌동,식료품·편의소매,적금,2,1,3490000,1745000.0,3490000.0,50.0,100.0,22.55
11710600,석촌동,식료품·편의소매,펀드,1,1,7860000,7860000.0,7860000.0,25.0,100.0,50.78
11710610,삼전동,문화·취미·반려,ISA,1,1,17760000,17760000.0,17760000.0,33.33,100.0,61.28
11710610,삼전동,문화·취미·반려,적금,1,1,4000000,4000000.0,4000000.0,33.33,100.0,13.8
11710610,삼전동,문화·취미·반려,펀드,1,1,7220000,7220000.0,7220000.0,33.33,100.0,24.91
11710610,삼전동,식료품·편의소매,적금,2,2,9580000,4790000.0,4790000.0,100.0,100.0,100.0
11710610,삼전동,여가·오락,예금,1,1,53340000,53340000.0,53340000.0,50.0,100.0,71.84
11710610,삼전동,여가·오락,펀드,1,1,20910000,20910000.0,20910000.0,50.0,100.0,28.16
11710620,가락본동,생활서비스,예금,1,1,25860000,25860000.0,25860000.0,50.0,100.0,79.4
11710620,가락본동,생활서비스,적금,1,1,6710000,6710000.0,6710000.0,50.0,100.0,20.6
11710631,가락1동,식료품·편의소매,ISA,3,1,52700000,17566666.67,52700000.0,100.0,100.0,100.0
11710632,가락2동,여가·오락,펀드,1,1,14610000,14610000.0,14610000.0,100.0,100.0,100.0
11710641,문정1동,가구·인테리어,예금,1,1,44740000,44740000.0,44740000.0,25.0,100.0,65.35
11710641,문정1동,가구·인테리어,적금,3,1,23720000,7906666.67,23720000.0,75.0,100.0,34.65
11710641,문정1동,문화·취미·반려,ISA,1,1,11260000,11260000.0,11260000.0,33.33,100.0,33.16
11710641,문정1동,문화·취미·반려,펀드,2,1,22700000,11350000.0,22700000.0,66.67,100.0,66.84
11710641,문정1동,미용·뷰티,ISA,1,1,28300000,28300000.0,28300000.0,50.0,100.0,41.63
11710641,문정1동,미용·뷰티,예금,1,1,39680000,39680000.0,39680000.0,50.0,100.0,58.37
11710641,문정1동,생활서비스,ISA,2,1,47150000,23575000.0,47150000.0,50.0,100.0,53.12
11710641,문정1동,생활서비스,예금,1,1,26950000,26950000.0,26950000.0,25.0,100.0,30.36
11710641,문정1동,생활서비스,펀드,1,1,14660000,14660000.0,14660000.0,25.0,100.0,16.52
11710641,문정1동,여가·오락,예금,3,1,90230000,30076666.67,90230000.0,100.0,100.0,100.0
11710642,문정2동,생활서비스,예금,1,1,18890000,18890000.0,18890000.0,100.0,100.0,100.0
11710642,문정2동,여가·오락,예금,1,1,70990000,70990000.0,70990000.0,100.0,100.0,100.0
11710642,문정2동,음식·음료,ISA,3,2,69890000,23296666.67,34945000.0,50.0,66.67,66.0
11710642,문정2동,음식·음료,적금,1,1,10490000,10490000.0,10490000.0,16.67,33.33,9.91
11710642,문정2동,음식·음료,펀드,2,1,25520000,12760000.0,25520000.0,33.33,33.33,24.1
11710646,장지동,미용·뷰티,ISA,2,1,35710000,17855000.0,35710000.0,66.67,100.0,77.99
11710646,장지동,미용·뷰티,펀드,1,1,10080000,10080000.0,10080000.0,33.33,100.0,22.01
11710646,장지동,여가·오락,ISA,1,1,11440000,11440000.0,11440000.0,33.33,100.0,32.64
11710646,장지동,여가·오락,펀드,2,1,23610000,11805000.0,23610000.0,66.67,100.0,67.36
11710646,장지동,음식·음료,예금,3,1,110360000,36786666.67,110360000.0,75.0,100.0,95.96
11710646,장지동,음식·음료,적금,1,1,4650000,4650000.0,4650000.0,25.0,100.0,4.04
11710646,장지동,패션·잡화,ISA,1,1,12930000,12930000.0,12930000.0,33.33,100.0,44.04
11710646,장지동,패션·잡화,예금,1,1,12030000,12030000.0,12030000.0,33.33,100.0,40.97
11710646,장지동,패션·잡화,펀드,1,1,4400000,4400000.0,4400000.0,33.33,100.0,14.99
11710647,위례동,미용·뷰티,예금,2,2,48610000,24305000.0,24305000.0,40.0,100.0,60.25
11710647,위례동,미용·뷰티,적금,1,1,6620000,6620000.0,6620000.0,20.0,50.0,8.21
11710647,위례동,미용·뷰티,펀드,2,1,25450000,12725000.0,25450000.0,40.0,50.0,31.54
11710647,위례동,식료품·편의소매,적금,1,1,3440000,3440000.0,3440000.0,16.67,100.0,5.77
11710647,위례동,식료품·편의소매,펀드,5,1,56210000,11242000.0,56210000.0,83.33,100.0,94.23
11710650,잠실본동,가구·인테리어,ISA,2,1,82070000,41035000.0,82070000.0,50.0,100.0,58.75
11710650,잠실본동,가구·인테리어,예금,1,1,41870000,41870000.0,41870000.0,25.0,100.0,29.97
11710650,잠실본동,가구·인테리어,펀드,1,1,15760000,15760000.0,15760000.0,25.0,100.0,11.28
11710650,잠실본동,음식·음료,ISA,1,1,26030000,26030000.0,26030000.0,33.33,100.0,67.8
11710650,잠실본동,음식·음료,적금,1,1,4530000,4530000.0,4530000.0,33.33,100.0,11.8
11710650,잠실본동,음식·음료,펀드,1,1,7830000,7830000.0,7830000.0,33.33,100.0,20.4
11710650,잠실본동,전자기기·수리,적금,1,1,2510000,2510000.0,2510000.0,100.0,100.0,100.0
11710650,잠실본동,패션·잡화,예금,2,1,67530000,33765000.0,67530000.0,66.67,100.0,85.85
11710650,잠실본동,패션·잡화,펀드,1,1,11130000,11130000.0,11130000.0,33.33,100.0,14.15
11710670,잠실2동,미용·뷰티,적금,1,1,7250000,7250000.0,7250000.0,50.0,100.0,32.09
11710670,잠실2동,미용·뷰티,펀드,1,1,15340000,15340000.0,15340000.0,50.0,100.0,67.91
11710670,잠실2동,식료품·편의소매,ISA,1,1,29590000,29590000.0,29590000.0,33.33,50.0,39.98
11710670,잠실2동,식료품·편의소매,예금,1,1,28830000,28830000.0,28830000.0,33.33,50.0,38.95
11710670,잠실2동,식료품·편의소매,펀드,1,1,15590000,15590000.0,15590000.0,33.33,50.0,21.06
11710670,잠실2동,음식·음료,ISA,1,1,15610000,15610000.0,15610000.0,20.0,50.0,25.71
11710670,잠실2동,음식·음료,예금,1,1,15450000,15450000.0,15450000.0,20.0,50.0,25.45
11710670,잠실2동,음식·음료,적금,1,1,7200000,7200000.0,7200000.0,20.0,50.0,11.86
11710670,잠실2동,음식·음료,펀드,2,2,22450000,11225000.0,11225000.0,40.0,100.0,36.98
11710670,잠실2동,전자기기·수리,ISA,1,1,17070000,17070000.0,17070000.0,20.0,100.0,16.11
11710670,잠실2동,전자기기·수리,예금,2,1,63540000,31770000.0,63540000.0,40.0,100.0,59.97
11710670,잠실2동,전자기기·수리,펀드,2,1,25350000,12675000.0,25350000.0,40.0,100.0,23.92
11710680,잠실3동,미용·뷰티,적금,1,1,3800000,3800000.0,3800000.0,50.0,100.0,37.18
11710680,잠실3동,미용·뷰티,펀드,1,1,6420000,6420000.0,6420000.0,50.0,100.0,62.82
11710680,잠실3동,음식·음료,ISA,2,2,33320000,16660000.0,16660000.0,66.67,100.0,80.37
11710680,잠실3동,음식·음료,펀드,1,1,8140000,8140000.0,8140000.0,33.33,50.0,19.63
11710680,잠실3동,패션·잡화,ISA,1,1,14680000,14680000.0,14680000.0,33.33,100.0,76.94
11710680,잠실3동,패션·잡화,적금,2,1,4400000,2200000.0,4400000.0,66.67,100.0,23.06
11710690,잠실4동,미용·뷰티,예금,2,1,126360000,63180000.0,126360000.0,50.0,100.0,78.97
11710690,잠실4동,미용·뷰티,적금,1,1,12440000,12440000.0,12440000.0,25.0,100.0,7.77
11710690,잠실4동,미용·뷰티,펀드,1,1,21210000,21210000.0,21210000.0,25.0,100.0,13.26
11710690,잠실4동,식료품·편의소매,ISA,1,1,15050000,15050000.0,15050000.0,20.0,50.0,24.44
11710690,잠실4동,식료품·편의소매,적금,3,2,18350000,6116666.67,9175000.0,60.0,100.0,29.8
11710690,잠실4동,식료품·편의소매,펀드,1,1,28180000,28180000.0,28180000.0,20.0,50.0,45.76
11710710,잠실6동,생활서비스,예금,2,2,91620000,45810000.0,45810000.0,50.0,100.0,72.96
11710710,잠실6동,생활서비스,펀드,2,1,33960000,16980000.0,33960000.0,50.0,50.0,27.04
11710710,잠실6동,여가·오락,ISA,2,1,40950000,20475000.0,40950000.0,50.0,100.0,54.22
11710710,잠실6동,여가·오락,예금,1,1,15170000,15170000.0,15170000.0,25.0,100.0,20.09
11710710,잠실6동,여가·오락,펀드,1,1,19400000,19400000.0,19400000.0,25.0,100.0,25.69
11710710,잠실6동,음식·음료,예금,3,1,131710000,43903333.33,131710000.0,75.0,100.0,90.5
11710710,잠실6동,음식·음료,펀드,1,1,13830000,13830000.0,13830000.0,25.0,100.0,9.5
11710720,잠실7동,식료품·편의소매,예금,1,1,48170000,48170000.0,48170000.0,50.0,100.0,75.36
11710720,잠실7동,식료품·편의소매,펀드,1,1,15750000,15750000.0,15750000.0,50.0,100.0,24.64
11710720,잠실7동,음식·음료,예금,3,1,159980000,53326666.67,159980000.0,60.0,100.0,88.46
11710720,잠실7동,음식·음료,펀드,2,1,20870000,10435000.0,20870000.0,40.0,100.0,11.54
11710720,잠실7동,패션·잡화,예금,1,1,37350000,37350000.0,37350000.0,33.33,100.0,71.73
11710720,잠실7동,패션·잡화,펀드,2,1,14720000,7360000.0,14720000.0,66.67,100.0,28.27
11740515,강일동,미용·뷰티,예금,2,1,105870000,52935000.0,105870000.0,50.0,50.0,88.37
11740515,강일동,미용·뷰티,적금,1,1,6920000,6920000.0,6920000.0,25.0,50.0,5.78
11740515,강일동,미용·뷰티,펀드,1,1,7010000,7010000.0,7010000.0,25.0,50.0,5.85
11740515,강일동,생활서비스,예금,1,1,35360000,35360000.0,35360000.0,100.0,100.0,100.0
11740515,강일동,여가·오락,ISA,1,1,16190000,16190000.0,16190000.0,25.0,100.0,30.65
11740515,강일동,여가·오락,예금,1,1,17540000,17540000.0,17540000.0,25.0,100.0,33.2
11740515,강일동,여가·오락,적금,1,1,6440000,6440000.0,6440000.0,25.0,100.0,12.19
11740515,강일동,여가·오락,펀드,1,1,12660000,12660000.0,12660000.0,25.0,100.0,23.96
11740515,강일동,음식·음료,예금,2,1,64270000,32135000.0,64270000.0,66.67,100.0,88.87
11740515,강일동,음식·음료,적금,1,1,8050000,8050000.0,8050000.0,33.33,100.0,11.13
11740515,강일동,패션·잡화,ISA,4,1,87730000,21932500.0,87730000.0,100.0,100.0,100.0
11740520,상일동,식료품·편의소매,펀드,2,1,27900000,13950000.0,27900000.0,100.0,100.0,100.0
11740520,상일동,음식·음료,ISA,1,1,25420000,25420000.0,25420000.0,25.0,100.0,24.45
11740520,상일동,음식·음료,예금,1,1,44510000,44510000.0,44510000.0,25.0,100.0,42.81
11740520,상일동,음식·음료,적금,1,1,12450000,12450000.0,12450000.0,25.0,100.0,11.97
11740520,상일동,음식·음료,펀드,1,1,21600000,21600000.0,21600000.0,25.0,100.0,20.77
11740520,상일동,자동차·운송서비스,ISA,3,1,71460000,23820000.0,71460000.0,50.0,100.0,43.51
11740520,상일동,자동차·운송서비스,예금,2,1,73370000,36685000.0,73370000.0,33.33,100.0,44.67
11740520,상일동,자동차·운송서비스,펀드,1,1,19420000,19420000.0,19420000.0,16.67,100.0,11.82
11740520,상일동,패션·잡화,예금,2,2,66610000,33305000.0,33305000.0,50.0,100.0,59.07
11740520,상일동,패션·잡화,펀드,2,1,46150000,23075000.0,46150000.0,50.0,50.0,40.93
11740530,명일1동,가구·인테리어,예금,1,1,47740000,47740000.0,47740000.0,33.33,50.0,87.2
11740530,명일1동,가구·인테리어,적금,2,2,7010000,3505000.0,3505000.0,66.67,100.0,12.8
11740530,명일1동,문화·취미·반려,적금,1,1,5480000,5480000.0,5480000.0,33.33,100.0,25.69
11740530,명일1동,문화·취미·반려,펀드,2,1,15850000,7925000.0,15850000.0,66.67,100.0,74.31
11740530,명일1동,숙박,적금,1,1,5330000,5330000.0,5330000.0,33.33,100.0,16.2
11740530,명일1동,숙박,펀드,2,1,27580000,13790000.0,27580000.0,66.67,100.0,83.8
11740530,명일1동,여가·오락,ISA,2,2,25180000,12590000.0,12590000.0,25.0,66.67,17.57
11740530,명일1동,여가·오락,예금,2,2,64920000,32460000.0,32460000.0,25.0,66.67,45.29
11740530,명일1동,여가·오락,적금,1,1,3460000,3460000.0,3460000.0,12.5,33.33,2.41
11740530,명일1동,여가·오락,펀드,3,2,49790000,16596666.67,24895000.0,37.5,66.67,34.73
11740530,명일1동,음식·음료,ISA,1,1,9220000,9220000.0,9220000.0,14.29,50.0,6.95
11740530,명일1동,음식·음료,예금,3,1,79980000,26660000.0,79980000.0,42.86,50.0,60.28
11740530,명일1동,음식·음료,펀드,3,2,43480000,14493333.33,21740000.0,42.86,100.0,32.77
11740530,명일1동,자동차·운송서비스,ISA,1,1,29720000,29720000.0,29720000.0,33.33,100.0,67.35
11740530,명일1동,자동차·운송서비스,펀드,2,1,14410000,7205000.0,14410000.0,66.67,100.0,32.65
11740530,명일1동,패션·잡화,ISA,2,1,22600000,11300000.0,22600000.0,33.33,50.0,41.13
11740530,명일1동,패션·잡화,적금,2,1,5940000,2970000.0,5940000.0,33.33,50.0,10.81
11740530,명일1동,패션·잡화,펀드,2,2,26410000,13205000.0,13205000.0,33.33,100.0,48.06
11740540,명일2동,미용·뷰티,예금,1,1,17310000,17310000.0,17310000.0,33.33,100.0,65.82
11740540,명일2동,미용·뷰티,적금,1,1,3550000,3550000.0,3550000.0,33.33,100.0,13.5
11740540,명일2동,미용·뷰티,펀드,1,1,5440000,5440000.0,5440000.0,33.33,100.0,20.68
11740540,명일2동,생활서비스,예금,3,2,93530000,31176666.67,46765000.0,42.86,100.0,53.18
11740540,명일2동,생활서비스,적금,1,1,3400000,3400000.0,3400000.0,14.29,50.0,1.93
11740540,명일2동,생활서비스,펀드,3,1,78940000,26313333.33,78940000.0,42.86,50.0,44.89
11740540,명일2동,음식·음료,예금,1,1,23040000,23040000.0,23040000.0,50.0,100.0,77.68
11740540,명일2동,음식·음료,펀드,1,1,6620000,6620000.0,6620000.0,50.0,100.0,22.32
11740540,명일2동,자동차·운송서비스,ISA,2,1,37310000,18655000.0,37310000.0,100.0,100.0,100.0
11740540,명일2동,패션·잡화,ISA,1,1,18720000,18720000.0,18720000.0,10.0,50.0,8.12
11740540,명일2동,패션·잡화,예금,4,2,167140000,41785000.0,83570000.0,40.0,100.0,72.46
11740540,명일2동,패션·잡화,적금,3,2,19180000,6393333.33,9590000.0,30.0,100.0,8.32
11740540,명일2동,패션·잡화,펀드,2,2,25610000,12805000.0,12805000.0,20.0,100.0,11.1
11740550,고덕1동,가구·인테리어,예금,1,1,27680000,27680000.0,27680000.0,100.0,100.0,100.0
11740550,고덕1동,문화·취미·반려,ISA,5,2,106830000,21366000.0,53415000.0,55.56,100.0,86.04
11740550,고덕1동,문화·취미·반려,적금,3,1,10790000,3596666.67,10790000.0,33.33,50.0,8.69
11740550,고덕1동,문화·취미·반려,펀드,1,1,6550000,6550000.0,6550000.0,11.11,50.0,5.28
11740550,고덕1동,생활서비스,예금,1,1,21540000,21540000.0,21540000.0,50.0,100.0,87.03
11740550,고덕1동,생활서비스,적금,1,1,3210000,3210000.0,3210000.0,50.0,100.0,12.97
11740550,고덕1동,패션·잡화,ISA,3,2,46420000,15473333.33,23210000.0,100.0,100.0,100.0
11740560,고덕2동,생활서비스,예금,1,1,40750000,40750000.0,40750000.0,20.0,100.0,56.4
11740560,고덕2동,생활서비스,적금,2,1,9470000,4735000.0,9470000.0,40.0,100.0,13.11
11740560,고덕2동,생활서비스,펀드,2,1,22030000,11015000.0,22030000.0,40.0,100.0,30.49
11740560,고덕2동,여가·오락,예금,1,1,51280000,51280000.0,51280000.0,50.0,100.0,92.0
11740560,고덕2동,여가·오락,적금,1,1,4460000,4460000.0,4460000.0,50.0,100.0,8.0
11740560,고덕2동,자동차·운송서비스,ISA,1,1,8780000,8780000.0,8780000.0,50.0,100.0,77.77
11740560,고덕2동,자동차·운송서비스,적금,1,1,2510000,2510000.0,2510000.0,50.0,100.0,22.23
11740560,고덕2동,전자기기·수리,ISA,2,1,23170000,11585000.0,23170000.0,33.33,100.0,27.88
11740560,고덕2동,전자기기·수리,예금,3,1,40470000,13490000.0,40470000.0,50.0,100.0,48.69
11740560,고덕2동,전자기기·수리,펀드,1,1,19480000,19480000.0,19480000.0,16.67,100.0,23.44
11740560,고덕2동,패션·잡화,ISA,1,1,6820000,6820000.0,6820000.0,50.0,100.0,73.18
11740560,고덕2동,패션·잡화,적금,1,1,2500000,2500000.0,2500000.0,50.0,100.0,26.82
11740570,암사1동,미용·뷰티,ISA,1,1,19140000,19140000.0,19140000.0,25.0,100.0,34.83
11740570,암사1동,미용·뷰티,예금,1,1,28190000,28190000.0,28190000.0,25.0,100.0,51.29
11740570,암사1동,미용·뷰티,적금,2,1,7630000,3815000.0,7630000.0,50.0,100.0,13.88
11740570,암사1동,식료품·편의소매,ISA,1,1,16470000,16470000.0,16470000.0,25.0,100.0,23.81
11740570,암사1동,식료품·편의소매,예금,1,1,27610000,27610000.0,27610000.0,25.0,100.0,39.92
11740570,암사1동,식료품·편의소매,적금,1,1,5820000,5820000.0,5820000.0,25.0,100.0,8.41
11740570,암사1동,식료품·편의소매,펀드,1,1,19270000,19270000.0,19270000.0,25.0,100.0,27.86
11740570,암사1동,패션·잡화,적금,1,1,3880000,3880000.0,3880000.0,50.0,50.0,54.72
11740570,암사1동,패션·잡화,펀드,1,1,3210000,3210000.0,3210000.0,50.0,50.0,45.28
11740580,암사2동,음식·음료,ISA,3,2,72640000,24213333.33,36320000.0,50.0,100.0,52.05
11740580,암사2동,음식·음료,예금,1,1,34620000,34620000.0,34620000.0,16.67,50.0,24.8
11740580,암사2동,음식·음료,펀드,2,1,32310000,16155000.0,32310000.0,33.33,50.0,23.15
11740580,암사2동,패션·잡화,ISA,1,1,15720000,15720000.0,15720000.0,25.0,50.0,30.05
11740580,암사2동,패션·잡화,예금,1,1,14810000,14810000.0,14810000.0,25.0,50.0,28.31
11740580,암사2동,패션·잡화,적금,1,1,2720000,2720000.0,2720000.0,25.0,50.0,5.2
11740580,암사2동,패션·잡화,펀드,1,1,19060000,19060000.0,19060000.0,25.0,50.0,36.44
11740590,암사3동,생활서비스,ISA,4,2,65840000,16460000.0,32920000.0,36.36,100.0,65.88
11740590,암사3동,생활서비스,적금,5,2,15900000,3180000.0,7950000.0,45.45,100.0,15.91
11740590,암사3동,생활서비스,펀드,2,1,18200000,9100000.0,18200000.0,18.18,50.0,18.21
11740590,암사3동,식료품·편의소매,예금,1,1,20940000,20940000.0,20940000.0,50.0,100.0,55.15
11740590,암사3동,식료품·편의소매,펀드,1,1,17030000,17030000.0,17030000.0,50.0,100.0,44.85
11740600,천호1동,가구·인테리어,펀드,2,1,19980000,9990000.0,19980000.0,100.0,100.0,100.0
11740600,천호1동,미용·뷰티,예금,2,1,73140000,36570000.0,73140000.0,66.67,100.0,92.43
11740600,천호1동,미용·뷰티,적금,1,1,5990000,5990000.0,5990000.0,33.33,100.0,7.57
11740600,천호1동,여가·오락,적금,2,1,4830000,2415000.0,4830000.0,66.67,100.0,49.29
11740600,천호1동,여가·오락,펀드,1,1,4970000,4970000.0,4970000.0,33.33,100.0,50.71
11740600,천호1동,음식·음료,ISA,2,1,24860000,12430000.0,24860000.0,100.0,100.0,100.0
11740600,천호1동,자동차·운송서비스,ISA,1,1,33130000,33130000.0,33130000.0,33.33,100.0,34.94
11740600,천호1동,자동차·운송서비스,예금,1,1,44540000,44540000.0,44540000.0,33.33,100.0,46.98
11740600,천호1동,자동차·운송서비스,펀드,1,1,17140000,17140000.0,17140000.0,33.33,100.0,18.08
11740600,천호1동,전자기기·수리,ISA,1,1,37350000,37350000.0,37350000.0,25.0,100.0,26.3
11740600,천호1동,전자기기·수리,예금,2,1,76200000,38100000.0,76200000.0,50.0,100.0,53.65
11740600,천호1동,전자기기·수리,펀드,1,1,28470000,28470000.0,28470000.0,25.0,100.0,20.05
11740600,천호1동,패션·잡화,펀드,1,1,22010000,22010000.0,22010000.0,100.0,100.0,100.0
11740610,천호2동,숙박,예금,2,1,50510000,25255000.0,50510000.0,66.67,50.0,72.84
11740610,천호2동,숙박,펀드,1,1,18830000,18830000.0,18830000.0,33.33,50.0,27.16
11740610,천호2동,여가·오락,예금,1,1,43220000,43220000.0,43220000.0,50.0,100.0,68.33
11740610,천호2동,여가·오락,펀드,1,1,20030000,20030000.0,20030000.0,50.0,100.0,31.67
11740610,천호2동,음식·음료,ISA,2,1,23750000,11875000.0,23750000.0,66.67,100.0,61.48
11740610,천호2동,음식·음료,펀드,1,1,14880000,14880000.0,14880000.0,33.33,100.0,38.52
11740610,천호2동,자동차·운송서비스,적금,1,1,2990000,2990000.0,2990000.0,33.33,100.0,9.02
11740610,천호2동,자동차·운송서비스,펀드,2,1,30160000,15080000.0,30160000.0,66.67,100.0,90.98
11740610,천호2동,전자기기·수리,ISA,1,1,10010000,10010000.0,10010000.0,33.33,100.0,50.33
11740610,천호2동,전자기기·수리,적금,1,1,2640000,2640000.0,2640000.0,33.33,100.0,13.27
11740610,천호2동,전자기기·수리,펀드,1,1,7240000,7240000.0,7240000.0,33.33,100.0,36.4
11740620,천호3동,문화·취미·반려,ISA,2,1,42220000,21110000.0,42220000.0,50.0,100.0,50.87
11740620,천호3동,문화·취미·반려,펀드,2,1,40770000,20385000.0,40770000.0,50.0,100.0,49.13
11740620,천호3동,미용·뷰티,ISA,1,1,28970000,28970000.0,28970000.0,20.0,33.33,28.83
11740620,천호3동,미용·뷰티,예금,1,1,33640000,33640000.0,33640000.0,20.0,33.33,33.47
11740620,천호3동,미용·뷰티,적금,1,1,3110000,3110000.0,3110000.0,20.0,33.33,3.09
11740620,천호3동,미용·뷰티,펀드,2,2,34780000,17390000.0,17390000.0,40.0,66.67,34.61
11740620,천호3동,생활서비스,ISA,1,1,19330000,19330000.0,19330000.0,25.0,100.0,16.66
11740620,천호3동,생활서비스,예금,2,1,89780000,44890000.0,89780000.0,50.0,100.0,77.36
11740620,천호3동,생활서비스,적금,1,1,6950000,6950000.0,6950000.0,25.0,100.0,5.99
11740620,천호3동,식료품·편의소매,예금,3,2,96880000,32293333.33,48440000.0,75.0,100.0,90.77
11740620,천호3동,식료품·편의소매,펀드,1,1,9850000,9850000.0,9850000.0,25.0,50.0,9.23
11740620,천호3동,자동차·운송서비스,예금,1,1,67630000,67630000.0,67630000.0,33.33,100.0,52.84
11740620,천호3동,자동차·운송서비스,펀드,2,1,60360000,30180000.0,60360000.0,66.67,100.0,47.16
11740640,성내1동,가구·인테리어,ISA,1,1,58930000,58930000.0,58930000.0,100.0,100.0,100.0
11740640,성내1동,문화·취미·반려,ISA,1,1,18380000,18380000.0,18380000.0,20.0,100.0,10.89
11740640,성내1동,문화·취미·반려,예금,3,1,122860000,40953333.33,122860000.0,60.0,100.0,72.77
11740640,성내1동,문화·취미·반려,펀드,1,1,27600000,27600000.0,27600000.0,20.0,100.0,16.35
11740640,성내1동,미용·뷰티,예금,1,1,25010000,25010000.0,25010000.0,33.33,100.0,43.66
11740640,성내1동,미용·뷰티,펀드,2,1,32280000,16140000.0,32280000.0,66.67,100.0,56.34
11740640,성내1동,여가·오락,ISA,2,2,38250000,19125000.0,19125000.0,33.33,100.0,49.46
11740640,성내1동,여가·오락,예금,2,1,30970000,15485000.0,30970000.0,33.33,50.0,40.05
11740640,성내1동,여가·오락,적금,2,1,8110000,4055000.0,8110000.0,33.33,50.0,10.49
11740640,성내1동,음식·음료,ISA,2,1,26350000,13175000.0,26350000.0,50.0,100.0,87.28
11740640,성내1동,음식·음료,적금,2,1,3840000,1920000.0,3840000.0,50.0,100.0,12.72
11740650,성내2동,가구·인테리어,예금,2,1,77510000,38755000.0,77510000.0,100.0,100.0,100.0
11740650,성내2동,전자기기·수리,ISA,1,1,14360000,14360000.0,14360000.0,20.0,50.0,15.01
11740650,성내2동,전자기기·수리,예금,2,2,72810000,36405000.0,36405000.0,40.0,100.0,76.11
11740650,성내2동,전자기기·수리,적금,2,1,8490000,4245000.0,8490000.0,40.0,50.0,8.88
11740660,성내3동,미용·뷰티,ISA,1,1,11470000,11470000.0,11470000.0,25.0,100.0,23.3
11740660,성내3동,미용·뷰티,예금,1,1,22970000,22970000.0,22970000.0,25.0,100.0,46.66
11740660,성내3동,미용·뷰티,적금,1,1,2210000,2210000.0,2210000.0,25.0,100.0,4.49
11740660,성내3동,미용·뷰티,펀드,1,1,12580000,12580000.0,12580000.0,25.0,100.0,25.55
11740660,성내3동,식료품·편의소매,ISA,1,1,23540000,23540000.0,23540000.0,50.0,100.0,55.56
11740660,성내3동,식료품·편의소매,예금,1,1,18830000,18830000.0,18830000.0,50.0,100.0,44.44
11740660,성내3동,여가·오락,ISA,1,1,26590000,26590000.0,26590000.0,50.0,100.0,90.17
11740660,성내3동,여가·오락,적금,1,1,2900000,2900000.0,2900000.0,50.0,100.0,9.83
11740685,길동,전자기기·수리,ISA,2,2,29530000,14765000.0,14765000.0,28.57,100.0,35.31
11740685,길동,전자기기·수리,펀드,5,2,54110000,10822000.0,27055000.0,71.43,100.0,64.69
11740685,길동,패션·잡화,ISA,2,2,30710000,15355000.0,15355000.0,28.57,66.67,26.58
11740685,길동,패션·잡화,예금,2,2,65650000,32825000.0,32825000.0,28.57,66.67,56.82
11740685,길동,패션·잡화,적금,1,1,2020000,2020000.0,2020000.0,14.29,33.33,1.75
11740685,길동,패션·잡화,펀드,2,2,17170000,8585000.0,8585000.0,28.57,66.67,14.86
11740700,둔촌2동,생활서비스,ISA,1,1,19240000,19240000.0,19240000.0,50.0,100.0,83.04
11740700,둔촌2동,생활서비스,적금,1,1,3930000,3930000.0,3930000.0,50.0,100.0,16.96
11740700,둔촌2동,숙박,적금,1,1,4720000,4720000.0,4720000.0,100.0,100.0,100.0
11740700,둔촌2동,식료품·편의소매,예금,2,1,57440000,28720000.0,57440000.0,100.0,100.0,100.0
11740700,둔촌2동,자동차·운송서비스,적금,2,1,9090000,4545000.0,9090000.0,66.67,50.0,52.73
11740700,둔촌2동,자동차·운송서비스,펀드,1,1,8150000,8150000.0,8150000.0,33.33,50.0,47.27
11740700,둔촌2동,전자기기·수리,적금,1,1,14890000,14890000.0,14890000.0,100.0,100.0,100.0
